plotid	plantid	transition_fixed_18	n_rosettes_20	r1_leaves_20	r1_longest_20	check_19_20_20	other_notes_18	other_notes_18r2	other_notes_19	other_notes_20
1A	1A221	vegetative > vegetative > vegetative	1	13	51	NA	NA	NA	below left in grass	NA
1A	1A222	vegetative > vegetative > dead_nf	0	NA	NA	chew death	NA	NA	chewed, ts	NA
1A	1A223	vegetative > vegetative > dead_nf	0	NA	NA	chew death	NA	NA	chewed, ts	NA
1A	1A225	vegetative > vegetative > vegetative	1	26	46	NA	NA	NA	below right	NA
1A	1A226	vegetative > dead_nf > dead_nf	0	NA	NA	NA	NA	NA	dead	NA
1A	1A227	vegetative > vegetative > vegetative	1	7	29	NA	NA	NA	NA	NA
1A	1A228	vegetative > vegetative > vegetative	1	10	32	NA	NA	NA	NA	NA
1A	1A229	vegetative > vegetative > dead_nf	0	NA	NA	died and nf?	NA	NA	NA	NA
1A	1A230	vegetative > vegetative > flowering	NA	NA	NA	NA	NA	NA	NA	NA
1A	1A231	vegetative > vegetative > flowering	2	NA	NA	regrew?	NA	NA	chewed,ts	NA
1A	1A232	flowering > dead_nf > dead_nf	0	NA	NA	NA	NA	NA	dead	NA
1A	1A233	vegetative > vegetative > flowering	2	NA	NA	NA	missing	NA	tagnf	NA
1A	1A234	flowering > dead_nf > dead_nf	0	NA	NA	NA	broken	NA	dead	NA
1A	1A235	vegetative > vegetative > flowering	NA	NA	NA	NA	missing	NA	below right	NA
1A	1A236	vegetative > flowering > dead_nf	0	NA	NA	NA	NA	NA	NA	NA
1A	1A237	vegetative > vegetative > dead_nf	0	NA	NA	died and nf?	NA	NA	NA	NA
1A	1A238	flowering > dead_nf > dead_nf	0	NA	NA	NA	NA	NA	dead	NA
1A	1A239	vegetative > flowering > dead_nf	0	NA	NA	NA	NA	NA	NA	NA
1A	1A240	vegetative > vegetative > flowering	NA	NA	NA	NA	NA	NA	NA	NA
1A	1A241	vegetative > vegetative > dead_nf	0	NA	NA	NA	NA	NA	NA	NA
1A	1A242	vegetative > vegetative > dead_nf	0	NA	NA	NA	NA	NA	NA	NA
1A	1A243	vegetative > vegetative > flowering	3	NA	NA	NA	might have 4	NA	NA	NA
1A	1A244	vegetative > vegetative > flowering	NA	NA	NA	check tag #	might have 4 rosettes	NA	directly above tag	NA
1A	1A245	vegetative > vegetative > vegetative	1	17	44	NA	NA	NA	NA	NA
1A	1A246	vegetative > flowering > flowering	1	NA	NA	flowered twice?	NA	NA	NA	NA
1A	1A247	vegetative > vegetative > no_record	NA	NA	NA	NA	NA	NA	ts	NA
1A	1A248	vegetative > dead_nf > dead_nf	NA	NA	NA	NA	NA	NA	dead	NA
1A	1A249	vegetative > vegetative > vegetative	1	11	46	fixed 2019 (1B->1A)	NA	NA	eaten	NA
1A	1A250	vegetative > vegetative > flowering	2	NA	NA	check tag #	NA	NA	NA	NA
1A	1A251	vegetative > vegetative > flowering	1	NA	NA	NA	NA	NA	below & left of tag	NA
1A	1A252	vegetative > vegetative > no_record	NA	NA	NA	NA	NA	NA	NA	NA
1A	1A253	flowering > dead_nf > dead_nf	0	NA	NA	fixed 2019 (1B->1A)	NA	NA	dead	NA
1A	1A254	vegetative > dead_nf > dead_nf	0	NA	NA	fixed 2019 (1B->1A)	NA	NA	nf	NA
1A	1A255	vegetative > vegetative > flowering	2	NA	NA	fixed 2019 (1B->1A)	NA	NA	eaten	NA
1A	1A256	vegetative > dead_nf > dead_nf	0	NA	NA	fixed 2019 (1B->1A)	NA	NA	nf	NA
1A	1A257	vegetative > vegetative > flowering	2	NA	NA	NA	NA	NA	NA	NA
1A	1A258	vegetative > flowering > dead_nf	0	NA	NA	NA	NA	NA	NA	NA
1A	1A259	vegetative > flowering > dead_nf	0	NA	NA	NA	NA	NA	NA	NA
1B	1B647	vegetative > vegetative > vegetative	3	33	45	NA	NA	NA	1 ts	NA
1B	1B648	vegetative > flowering > dead_nf	0	NA	NA	NA	NA	NA	NA	NA
1B	1B649	vegetative > vegetative > flowering	1	NA	NA	NA	NA	NA	NA	NA
1B	1B650	vegetative > vegetative > flowering	1	NA	NA	NA	NA	NA	NA	NA
1B	1B651	vegetative > dead_nf > dead_nf	0	NA	NA	NA	NA	NA	dead	NA
1B	1B652	vegetative > vegetative > vegetative	1	19	38	NA	NA	NA	UL of tag, ts	NA
1B	1B653	vegetative > vegetative > flowering	1	NA	NA	NA	NA	NA	NA	NA
1B	1B654	vegetative > dead_nf > dead_nf	0	NA	NA	NA	NA	NA	nf	NA
1B	1B655	flowering > dead_nf > dead_nf	0	NA	NA	NA	NA	NA	nf	NA
1B	1B656	vegetative > vegetative > flowering	2	NA	NA	NA	NA	NA	2 ts	NA
1B	1B657	vegetative > flowering > dead_nf	0	NA	NA	NA	NA	NA	NA	NA
1B	1B658	vegetative > vegetative > flowering	1	NA	NA	NA	NA	NA	NA	NA
1B	1B659	vegetative > vegetative > vegetative	1	17	32	NA	NA	NA	2 ts	NA
1B	1B660	vegetative > vegetative > vegetative	1	NA	42	NA	NA	NA	4 ts	NA
1B	1B661	vegetative > vegetative > vegetative	0	NA	NA	NA	NA	NA	nf	NA
1B	1B662	vegetative > vegetative > vegetative	NA	NA	NA	NA	NA	NA	NA	NA
1B	1B663	vegetative > vegetative > vegetative	3	14	38	NA	NA	NA	NA	NA
1B	1B664	flowering > dead_nf > dead_nf	0	NA	NA	NA	NA	NA	dead	NA
1B	1B665	flowering > vegetative > vegetative	0	NA	NA	NA	NA	NA	down from tag, ts	NA
1B	1B666	vegetative > vegetative > vegetative	1	23	50	NA	NA	NA	L of tag by about 1 inch	NA
1B	1B667	vegetative > dead_nf > dead_nf	0	NA	NA	NA	NA	NA	dead	NA
1B	1B668	flowering > dead_nf > dead_nf	0	NA	NA	NA	NA	NA	nf	NA
1B	1B669	vegetative > vegetative > vegetative	1	15	61	NA	NA	NA	NA	NA
1B	1B670	vegetative > flowering > dead_nf	0	NA	NA	NA	NA	NA	NA	NA
1B	1B671	vegetative > vegetative > dead_nf	0	NA	NA	NA	NA	NA	1 ts	NA
1B	1B672	vegetative > vegetative > flowering	1	NA	NA	NA	NA	NA	NA	NA
1B	1B673	vegetative > vegetative > vegetative	1	8	22	NA	NA	NA	1 ts	NA
1B	1B674	vegetative > vegetative > vegetative	1	14	41	NA	NA	NA	NA	NA
1B	1B675	flowering > dead_nf > dead_nf	0	NA	NA	NA	NA	NA	dead	NA
1B	1B676	vegetative > dead_nf > dead_nf	NA	NA	NA	NA	NA	NA	dead	NA
1B	1B677	vegetative > vegetative > tagnf	NA	NA	NA	NA	NA	NA	NA	NA
1B	1B678	flowering > dead_nf > dead_nf	0	NA	NA	NA	NA	NA	nf	NA
1B	1B684	vegetative > flowering > vegetative	1	17	45	flowered and lived?	NA	NA	NA	NA
1B	1B685	vegetative > flowering > dead_nf	NA	NA	NA	NA	NA	NA	NA	NA
1C	1C42	vegetative > dead_nf > dead_nf	0	NA	NA	NA	NA	NA	dead	NA
1C	1C43	vegetative > flowering > dead_nf	0	NA	NA	NA	NA	NA	NA	NA
1C	1C44	vegetative > dead_nf > dead_nf	0	NA	NA	NA	NA	NA	nf	NA
1C	1C45	vegetative > vegetative > dead_nf	0	NA	NA	died and nf?	NA	NA	ts	NA
1C	1C46	vegetative > vegetative > flowering	2	NA	NA	NA	NA	NA	NA	NA
1C	1C47	vegetative > flowering > dead_nf	0	NA	NA	NA	NA	looks like ther were 4 rossettes but one died	NA	tag found detached, not near any plants
1C	1C48	vegetative > vegetative > vegetative	1	17	64	NA	NA	couldn't find	NA	NA
1C	1C49	vegetative > vegetative > vegetative	1	19	58	NA	NA	NA	NA	NA
1C	1C50	flowering > dead_nf > dead_nf	0	NA	NA	NA	NA	flowering plant?	dead	NA
1C	1C51	vegetative > dead_nf > dead_nf	0	NA	NA	NA	NA	NA	dead	NA
1C	1C52	vegetative > dead_nf > dead_nf	0	NA	NA	NA	NA	NA	dead	NA
1C	1C53	vegetative > vegetative > vegetative	1	28	48	NA	NA	NA	NA	NA
1C	1C54	vegetative > vegetative > flowering	1	NA	NA	NA	NA	NA	NA	NA
1C	1C55	vegetative > vegetative > vegetative	2	10	34	NA	NA	NA	ts	NA
1C	1C56	vegetative > vegetative > vegetative	3	20	38	NA	NA	NA	5ts	NA
1C	1C57	vegetative > vegetative > vegetative	2	14	38	NA	NA	NA	NA	NA
1C	1C58	vegetative > vegetative > vegetative	2	18	48	tagnf last year	NA	NA	tagnf	NA
1C	1C59	vegetative > dead_nf > dead_nf	NA	NA	NA	NA	NA	completely dead and uprooted	nf	NA
1C	1C60	vegetative > vegetative > flowering	1	NA	NA	NA	NA	NA	NA	NA
1C	1C61	flowering > dead_nf > dead_nf	0	NA	NA	NA	NA	NA	nf	NA
1C	1C62	flowering > dead_nf > dead_nf	0	NA	NA	NA	NA	NA	nf	NA
1C	1C63	vegetative > vegetative > flowering	1	NA	NA	refound?	NA	NA	nf	NA
1C	1C64	vegetative > vegetative > flowering	NA	NA	NA	NA	NA	NA	NA	NA
1C	1C65	vegetative > flowering > dead_nf	0	NA	NA	NA	NA	NA	NA	NA
1C	1C66	vegetative > vegetative > dead_nf	0	NA	NA	died and nf?	NA	NA	NA	NA
1C	1C67	vegetative > vegetative > dead_nf	0	NA	NA	NA	NA	NA	nf	NA
1C	1C68	vegetative > dead_nf > dead_nf	0	NA	NA	NA	NA	NA	dead	NA
1C	1C69	vegetative > vegetative > vegetative	1	14	21	NA	NA	NA	NA	NA
1C	1C70	vegetative > vegetative > vegetative	1	12	22	NA	NA	NA	NA	NA
1C	1C71	vegetative > vegetative > vegetative	1	17	42	NA	NA	NA	NA	NA
1C	1C72	vegetative > flowering > dead_nf	0	NA	NA	NA	NA	NA	NA	NA
1C	1C73	vegetative > vegetative > tagnf	NA	NA	NA	NA	NA	NA	ts	NA
1C	1C74	vegetative > dead_nf > dead_nf	0	NA	NA	NA	NA	NA	dead	NA
1C	1C75	vegetative > vegetative > dead_nf	0	NA	NA	died and nf?	NA	NA	NA	NA
1C	1C76	vegetative > vegetative > vegetative	1	21	54	NA	NA	NA	NA	NA
1C	1C77	vegetative > vegetative > dead_nf	0	NA	NA	NA	NA	NA	ts	NA
1C	1C78	vegetative > dead_nf > dead_nf	0	NA	NA	NA	NA	NA	nf	NA
1C	1C79	vegetative > dead_nf > dead_nf	0	NA	NA	NA	NA	NA	nf	NA
1D	1D1	vegetative > dead_nf > dead_nf	0	NA	NA	NA	NA	NA	nf	NA
1D	1D10	vegetative > dead_nf > dead_nf	0	NA	NA	NA	NA	NA	nf	NA
1D	1D11	vegetative > vegetative > vegetative	0	NA	NA	died and nf?	NA	NA	below tag by 1 inch	NA
1D	1D12	vegetative > vegetative > flowering	1	NA	NA	NA	NA	NA	NA	NA
1D	1D13	vegetative > dead_nf > dead_nf	NA	NA	NA	NA	NA	NA	nf	NA
1D	1D14	vegetative > vegetative > flowering	NA	NA	NA	NA	NA	NA	NA	NA
1D	1D15	vegetative > vegetative > dead_nf	0	NA	NA	chew death	NA	NA	chewed, ts	NA
1D	1D16	vegetative > vegetative > vegetative	4	4	43	flower or veg?	NA	NA	NA	NA
1D	1D17	vegetative > vegetative > flowering	NA	NA	NA	refound?	NA	NA	nf	NA
1D	1D18	vegetative > vegetative > dead_nf	0	NA	NA	NA	NA	NA	chewed	NA
1D	1D19	vegetative > flowering > dead_nf	0	NA	NA	NA	NA	NA	NA	NA
1D	1D2	vegetative > dead_nf > dead_nf	NA	NA	NA	NA	NA	NA	nf	NA
1D	1D20	vegetative > vegetative > flowering	1	NA	NA	regrew?	NA	NA	chewed	NA
1D	1D21	vegetative > vegetative > vegetative	0	NA	NA	NA	NA	NA	NA	NA
1D	1D22	vegetative > dead_nf > dead_nf	0	NA	NA	NA	NA	NA	nf	NA
1D	1D23	vegetative > dead_nf > dead_nf	0	NA	NA	NA	NA	NA	nf	NA
1D	1D24	vegetative > vegetative > flowering	1	NA	NA	regrew?	NA	NA	chewed, ts, down left of tag	NA
1D	1D25	vegetative > vegetative > dead_nf	0	NA	NA	died and nf?	NA	NA	NA	NA
1D	1D26	vegetative > vegetative > dead_nf	0	NA	NA	died and nf?	NA	NA	ts, above plant by 1 inch	NA
1D	1D27	vegetative > dead_nf > dead_nf	0	NA	NA	NA	NA	NA	dead	NA
1D	1D28	vegetative > vegetative > dead_nf	0	NA	NA	died and nf?	NA	NA	NA	NA
1D	1D29	flowering > dead_nf > dead_nf	0	NA	NA	NA	NA	NA	nf	NA
1D	1D3	vegetative > dead_nf > dead_nf	0	NA	NA	NA	NA	NA	nf	NA
1D	1D30	vegetative > dead_nf > dead_nf	0	NA	NA	NA	NA	NA	nf	NA
1D	1D31	vegetative > dead_nf > dead_nf	NA	NA	NA	NA	NA	NA	nf	NA
1D	1D32	vegetative > dead_nf > dead_nf	NA	NA	NA	NA	NA	second rosette is closer to 31 tag	nf	NA
1D	1D33	vegetative > vegetative > flowering	NA	NA	NA	NA	NA	NA	NA	NA
1D	1D34	vegetative > flowering > dead_nf	0	NA	NA	NA	NA	NA	NA	NA
1D	1D35	vegetative > vegetative > tagnf	NA	NA	NA	NA	NA	NA	NA	NA
1D	1D36	vegetative > vegetative > tagnf	NA	NA	NA	NA	NA	NA	chewed,ts	NA
1D	1D37	vegetative > vegetative > flowering	NA	NA	NA	NA	NA	NA	NA	NA
1D	1D38	vegetative > dead_nf > dead_nf	0	NA	NA	NA	NA	NA	tag out, nf	NA
1D	1D39	vegetative > dead_nf > dead_nf	NA	NA	NA	NA	NA	NA	nf	NA
1D	1D4	vegetative > vegetative > vegetative	0	NA	NA	NA	?	NA	NA	NA
1D	1D40	vegetative > vegetative > vegetative	2	15	29	NA	NA	NA	NA	NA
1D	1D41	vegetative > vegetative > vegetative	2	12	40	NA	NA	NA	NA	NA
1D	1D5	vegetative > flowering > dead_nf	NA	NA	NA	NA	NA	NA	NA	NA
1D	1D6	vegetative > vegetative > flowering	NA	NA	NA	NA	NA	NA	NA	NA
1D	1D7	vegetative > vegetative > tagnf	NA	NA	NA	NA	NA	NA	NA	NA
1D	1D8	vegetative > dead_nf > dead_nf	0	NA	NA	NA	NA	NA	nf	NA
1D	1D9	vegetative > vegetative > flowering	1	NA	NA	NA	NA	NA	NA	NA
2A	2A158	vegetative > no_record > no_record	0	NA	NA	look outside plot?	NA	NA	out side plot	NA
2A	2A159	vegetative > no_record > no_record	0	NA	NA	NA	NA	NA	nf	NA
2A	2A160	vegetative > no_record > no_record	0	NA	NA	died and nf?	NA	NA	L of tag	NA
2A	2A161	vegetative > no_record > no_record	0	NA	NA	NA	NA	NA	nf	NA
2A	2A162	vegetative > no_record > no_record	0	NA	NA	NA	NA	totally dead	2 ts	NA
2A	2A163	vegetative > no_record > no_record	0	NA	NA	NA	NA	NA	ts	NA
2A	2A164	vegetative > no_record > no_record	0	NA	NA	died and nf?	NA	NA	ts	NA
2A	2A165	vegetative > no_record > no_record	0	NA	NA	NA	could be 5-7 rosettes	NA	1 ts	NA
2A	2A166	vegetative > no_record > no_record	0	NA	NA	died and nf?	NA	NA	NA	NA
2A	2A167	vegetative > no_record > no_record	0	NA	NA	NA	NA	NA	NA	NA
2A	2A168	flowering > no_record > no_record	NA	NA	NA	NA	NA	NA	nf	NA
2A	2A169	vegetative > no_record > no_record	NA	NA	NA	NA	NA	NA	tagnf	NA
2A	2A170	vegetative > no_record > no_record	NA	NA	NA	NA	NA	NA	dead	NA
2A	2A171	vegetative > no_record > no_record	NA	NA	NA	NA	NA	NA	nf	NA
2A	2A172	vegetative > no_record > no_record	0	NA	NA	NA	NA	NA	dead	NA
2A	2A173	vegetative > no_record > no_record	0	NA	NA	NA	NA	NA	nf	NA
2A	2A174	vegetative > no_record > no_record	0	NA	NA	died and nf?	NA	NA	above tag, ts	NA
2A	2A175	vegetative > no_record > no_record	0	NA	NA	NA	NA	NA	dead	NA
2A	2A176	vegetative > no_record > no_record	1	27	43	refound?	NA	NA	nf	NA
2A	2A177	dead_nf > no_record > no_record	NA	NA	NA	NA	no plant?	NA	tagnf	NA
2A	2A178	dead_nf > no_record > no_record	NA	NA	NA	NA	no plant?	NA	tagnf	NA
2A	2A189	vegetative > no_record > no_record	0	NA	NA	NA	NA	NA	nf	NA
2A	2A589	vegetative > vegetative > flowering	1	NA	NA	NA	NA	NA	NA	tagged in 2020
2A	2A676	vegetative > no_record > no_record	0	NA	NA	died and nf?	could have 6-7 roseettes	NA	1 ts	NA
2A	2A679	vegetative > no_record > no_record	0	NA	NA	NA	NA	NA	NA	NA
2A	2A680	vegetative > no_record > no_record	0	NA	NA	NA	NA	NA	dead	NA
2A	2A682	vegetative > no_record > no_record	0	NA	NA	died and nf?	NA	NA	NA	NA
2A	2A683	vegetative > no_record > no_record	0	NA	NA	no data last year	crumbly	NA	NA	NA
2A	2A684	vegetative > vegetative > flowering	1	NA	NA	NA	NA	NA	NA	tagged in 2020
2A	2A685	vegetative > no_record > no_record	NA	NA	NA	NA	NA	NA	NA	NA
2A	2A686	vegetative > flowering > dead_nf	0	NA	NA	NA	NA	NA	NA	NA
2A	2A92	vegetative > no_record > no_record	0	NA	NA	NA	NA	NA	nf	NA
2A	2A93	vegetative > no_record > no_record	NA	NA	NA	NA	NA	do not see a plant	NA	NA
2A	2A94	vegetative > no_record > no_record	NA	NA	NA	NA	NA	NA	NA	NA
2A	2A95	vegetative > no_record > no_record	1	16	21	NA	NA	NA	NA	NA
2A	2A96	vegetative > no_record > no_record	0	NA	NA	NA	NA	NA	nf	NA
2A	2A97	vegetative > no_record > no_record	NA	NA	NA	NA	NA	NA	ts	NA
2A	2A98	vegetative > no_record > no_record	0	NA	NA	NA	NA	do not see a plant	nf	NA
2A	2A99	vegetative > vegetative > vegetative	1	15	30	check tag #	NA	NA	NA	NA
2B	2B100	vegetative > dead_nf > dead_nf	0	NA	NA	NA	NA	NA	dead	NA
2B	2B126	vegetative > vegetative > vegetative	1	11	30	NA	NA	NA	plant down from tag	NA
2B	2B129	flowering > dead_nf > dead_nf	NA	NA	NA	NA	NA	NA	nf	NA
2B	2B130	vegetative > flowering > dead_nf	NA	NA	NA	NA	NA	NA	NA	NA
2B	2B131	vegetative > vegetative > vegetative	1	26	42	NA	NA	NA	NA	NA
2B	2B132	vegetative > tagnf > tagnf	NA	NA	NA	NA	NA	NA	tagnf	NA
2B	2B133	vegetative > dead_nf > dead_nf	0	NA	NA	NA	NA	NA	nf	NA
2B	2B134	vegetative > vegetative > vegetative	1	8	27	NA	NA	NA	NA	NA
2B	2B135	vegetative > vegetative > tagnf	NA	NA	NA	NA	NA	NA	up from tag	NA
2B	2B136	vegetative > dead_nf > dead_nf	NA	NA	NA	NA	NA	NA	nf	NA
2B	2B137	vegetative > vegetative > vegetative	1	24	43	refound?	NA	NA	nf	NA
2B	2B138	vegetative > vegetative > flowering	NA	NA	NA	NA	NA	NA	NA	NA
2B	2B177	vegetative > flowering > dead_nf	0	NA	NA	NA	NA	NA	NA	NA
2B	2B178	vegetative > vegetative > flowering	NA	NA	NA	NA	NA	NA	ID ts	NA
2B	2B179	vegetative > vegetative > vegetative	1	14	34	NA	NA	NA	NA	NA
2B	2B180	vegetative > vegetative > flowering	NA	NA	NA	NA	NA	NA	NA	NA
2B	2B181	vegetative > vegetative > tagnf	NA	NA	NA	NA	NA	NA	below tag	NA
2B	2B182	vegetative > vegetative > vegetative	1	6	23	NA	NA	NA	NA	NA
2B	2B183	vegetative > vegetative > flowering	NA	NA	NA	NA	NA	NA	NA	NA
2B	2B184	vegetative > vegetative > flowering	NA	NA	NA	NA	NA	NA	NA	NA
2B	2B185	vegetative > vegetative > flowering	1	NA	NA	NA	NA	NA	NA	NA
2B	2B186	vegetative > vegetative > flowering	NA	NA	NA	NA	NA	NA	bottom r of tag	NA
2B	2B187	vegetative > vegetative > vegetative	1	24	42	NA	NA	NA	NA	NA
2B	2B188	vegetative > vegetative > flowering	NA	NA	NA	NA	NA	NA	up from tag	NA
2B	2B189	vegetative > vegetative > flowering	NA	NA	NA	tagnf last year	NA	NA	tagnf	NA
2B	2B190	vegetative > vegetative > flowering	NA	NA	NA	NA	NA	NA	NA	NA
2B	2B191	flowering > vegetative > vegetative	1	8	26	regrew?	NA	NA	chewed	NA
2B	2B192	vegetative > dead_nf > dead_nf	0	NA	NA	NA	NA	NA	nf	NA
2B	2B193	vegetative > tagnf > dead_nf	0	NA	NA	tagnf last year	NA	NA	tagnf	NA
2B	2B194	vegetative > vegetative > vegetative	1	12	21	NA	NA	NA	NA	NA
2B	2B195	flowering > dead_nf > dead_nf	NA	NA	NA	NA	NA	NA	dead	NA
2B	2B196	vegetative > dead_nf > dead_nf	NA	NA	NA	NA	NA	NA	dead	NA
2B	2B197	vegetative > vegetative > flowering	NA	NA	NA	NA	NA	NA	NA	NA
2B	2B198	vegetative > dead_nf > dead_nf	0	NA	NA	NA	NA	NA	nf	NA
2B	2B199	flowering > dead_nf > dead_nf	0	NA	NA	NA	NA	NA	dead	NA
2B	2B200	vegetative > flowering > dead_nf	0	NA	NA	NA	NA	NA	NA	NA
2B	2B201	vegetative > flowering > dead_nf	0	NA	NA	NA	NA	NA	NA	NA
2B	2B202	vegetative > flowering > dead_nf	0	NA	NA	NA	NA	NA	NA	NA
2B	2B81	vegetative > vegetative > flowering	NA	NA	NA	NA	NA	NA	ts	NA
2B	2B82	vegetative > dead_nf > dead_nf	0	NA	NA	NA	NA	totally dead	nf	NA
2B	2B83	vegetative > vegetative > flowering	NA	NA	NA	NA	NA	NA	L of tag	NA
2B	2B84	vegetative > flowering > flowering	0	NA	NA	NA	NA	NA	NA	NA
2B	2B85	vegetative > vegetative > flowering	NA	NA	NA	NA	NA	NA	NA	NA
2B	2B86	vegetative > vegetative > flowering	NA	NA	NA	NA	NA	NA	ID ; ts	NA
2B	2B87	flowering > flowering > vegetative	1	16	21	flowered and lived?	NA	NA	R of tag	NA
2B	2B88	vegetative > dead_nf > dead_nf	0	NA	NA	NA	NA	NA	nf	NA
2B	2B89	vegetative > vegetative > flowering	NA	NA	NA	NA	NA	NA	L of tag	NA
2B	2B90	vegetative > dead_nf > dead_nf	0	NA	NA	NA	NA	NA	nf	NA
2B	2B91	flowering > dead_nf > dead_nf	0	NA	NA	tagnf last year	NA	NA	tagnf	NA
2B	2B92	vegetative > flowering > flowering	NA	NA	NA	flowered twice?	NA	NA	NA	NA
2B	2B93	vegetative > vegetative > vegetative	2	19	43	NA	NA	NA	above tag; 2ts	NA
2B	2B94	flowering > dead_nf > dead_nf	0	NA	NA	NA	NA	NA	dead	NA
2B	2B95	vegetative > vegetative > dead_nf	0	NA	NA	died and nf?	NA	NA	NA	NA
2B	2B96	vegetative > dead_nf > dead_nf	NA	NA	NA	NA	NA	NA	dead	NA
2B	2B97	vegetative > vegetative > flowering	NA	NA	NA	NA	NA	NA	r of tag	NA
2B	2B98	flowering > dead_nf > dead_nf	0	NA	NA	NA	NA	NA	nf	NA
2B	2B99	vegetative > flowering > dead_nf	0	NA	NA	NA	NA	NA	NA	NA
2C	2C100	flowering > dead_nf > dead_nf	0	NA	NA	NA	NA	NA	dead	NA
2C	2C202	vegetative > flowering > vegetative	1	9	26	flowered and lived?	NA	NA	NA	NA
2C	2C258	flowering > vegetative > vegetative	1	13	24	NA	NA	NA	NA	NA
2C	2C259	vegetative > vegetative > tagnf	NA	NA	NA	NA	NA	NA	below tag; ts	NA
2C	2C260	vegetative > vegetative > dead_nf	0	NA	NA	died and nf?	NA	NA	NA	NA
2C	2C261	vegetative > vegetative > vegetative	1	32	39	tagnf last year	NA	NA	tagnf	NA
2C	2C262	vegetative > vegetative > flowering	NA	NA	NA	NA	NA	NA	NA	NA
2C	2C263	vegetative > dead_nf > dead_nf	0	NA	NA	NA	NA	dead	dead	NA
2C	2C264	vegetative > tagnf > dead_nf	0	NA	NA	NA	NA	NA	tagnf	NA
2C	2C265	flowering > dead_nf > dead_nf	0	NA	NA	NA	NA	NA	dead	NA
2C	2C266	flowering > vegetative > tagnf	NA	NA	NA	NA	probably 13 rosettes ll=13 is all other rosettes combined	NA	NA	NA
2C	2C267	vegetative > vegetative > vegetative	1	13	51	NA	NA	NA	NA	NA
2C	2C268	vegetative > flowering > dead_nf	0	NA	NA	NA	NA	NA	NA	NA
2C	2C269	vegetative > dead_nf > dead_nf	0	NA	NA	NA	NA	NA	dead	NA
2C	2C270	vegetative > vegetative > flowering	NA	NA	NA	refound?	NA	NA	nf	NA
2C	2C271	vegetative > vegetative > flowering	1	NA	NA	NA	NA	NA	NA	NA
2C	2C272	vegetative > vegetative > tagnf	NA	NA	NA	NA	NA	NA	NA	NA
2C	2C273	vegetative > tagnf > dead_nf	0	NA	NA	NA	NA	NA	tagnf	NA
2C	2C274	vegetative > vegetative > flowering	NA	NA	NA	refound?	NA	NA	nf	3 near plant
2C	2C275	flowering > dead_nf > dead_nf	NA	NA	NA	NA	NA	NA	dead	NA
2C	2C276	flowering > dead_nf > dead_nf	0	NA	NA	NA	NA	NA	nf	NA
2C	2C277	vegetative > vegetative > flowering	NA	NA	NA	tagnf last year	NA	NA	tagnf	close to flower
2C	2C278	vegetative > tagnf > dead_nf	0	NA	NA	tagnf last year	NA	NA	tagnf	NA
2C	2C279	flowering > dead_nf > dead_nf	NA	NA	NA	NA	NA	NA	nf	NA
2C	2C280	vegetative > vegetative > tagnf	NA	NA	NA	NA	NA	NA	NA	NA
2C	2C281	flowering > dead_nf > dead_nf	0	NA	NA	NA	NA	NA	nf	NA
2C	2C282	vegetative > flowering > dead_nf	0	NA	NA	NA	NA	NA	NA	NA
2C	2C283	vegetative > dead_nf > dead_nf	0	NA	NA	NA	NA	NA	nf	NA
2C	2C284	flowering > dead_nf > dead_nf	NA	NA	NA	NA	NA	NA	nf	NA
2C	2C285	vegetative > flowering > vegetative	1	NA	28	count leaves	NA	NA	NA	NA
2C	2C286	vegetative > flowering > dead_nf	0	NA	NA	died and nf?	NA	NA	NA	NA
2C	2C287	vegetative > vegetative > flowering	NA	NA	NA	NA	NA	NA	NA	NA
2C	2C288	vegetative > flowering > dead_nf	NA	NA	NA	NA	NA	NA	NA	NA
2C	2C289	vegetative > vegetative > flowering	NA	NA	NA	tagnf last year	NA	NA	tagnf	NA
2C	2C290	vegetative > vegetative > dead_nf	0	NA	NA	died and nf?	NA	NA	NA	NA
2C	2C291	flowering > dead_nf > dead_nf	NA	NA	NA	NA	NA	NA	dead	NA
2C	2C292	vegetative > vegetative > flowering	NA	NA	NA	NA	NA	NA	NA	NA
2C	2C293	vegetative > vegetative > flowering	NA	NA	NA	NA	NA	NA	NA	NA
2C	2C294	flowering > dead_nf > dead_nf	NA	NA	NA	NA	NA	NA	dead	NA
2C	2C295	flowering > dead_nf > dead_nf	0	NA	NA	NA	maybe 8-9 rosettes	NA	dead	NA
2C	2C296	vegetative > vegetative > vegetative	1	12	42	NA	NA	NA	NA	NA
2C	2C297	vegetative > dead_nf > dead_nf	NA	NA	NA	NA	NA	NA	dead	NA
2C	2C298	vegetative > flowering > dead_nf	0	NA	NA	died and nf?	NA	NA	3 ts	NA
2C	2C299	vegetative > vegetative > dead_nf	0	NA	NA	NA	NA	NA	tagnf	NA
2C	2C300	vegetative > flowering > vegetative	1	11	27	flowered and lived?	NA	NA	NA	NA
2C	2C89	flowering > dead_nf > dead_nf	NA	NA	NA	NA	NA	NA	nf	NA
2C	2C90	flowering > dead_nf > dead_nf	0	NA	NA	NA	NA	NA	dead	NA
2C	2C91	vegetative > dead_nf > dead_nf	0	NA	NA	NA	NA	NA	dead	NA
2C	2C99	vegetative > vegetative > tagnf	NA	NA	NA	NA	NA	NA	NA	NA
2D	2D183	vegetative > vegetative > vegetative	1	10	38	NA	NA	NA	NA	NA
2D	2D184	vegetative > vegetative > vegetative	1	24	65	NA	NA	NA	L of tag	3 plants counted big one to the left
2D	2D185	vegetative > vegetative > dead_nf	0	NA	NA	died and nf?	NA	NA	ts	NA
2D	2D186	vegetative > vegetative > vegetative	2	17	55	NA	NA	NA	r of tag	NA
2D	2D187	vegetative > vegetative > flowering	NA	NA	NA	NA	NA	NA	3ts	NA
2D	2D188	vegetative > vegetative > vegetative	2	15	34	NA	NA	NA	4ts	NA
2D	2D189	flowering > vegetative > tagnf	NA	NA	NA	NA	NA	NA	below ts tag	NA
2D	2D190	vegetative > vegetative > vegetative	1	21	38	NA	NA	NA	below tag	NA
2D	2D191	vegetative > vegetative > flowering	1	NA	NA	NA	NA	NA	ts	NA
2D	2D192	vegetative > dead_nf > dead_nf	NA	NA	NA	NA	NA	NA	dead	NA
2D	2D193	vegetative > vegetative > flowering	NA	NA	NA	NA	NA	NA	NA	NA
2D	2D194	vegetative > vegetative > flowering	NA	NA	NA	NA	NA	NA	NA	NA
2D	2D195	vegetative > vegetative > vegetative	1	25	32	NA	NA	NA	NA	NA
2D	2D196	vegetative > dead_nf > dead_nf	NA	NA	NA	NA	NA	NA	nf	NA
2D	2D197	vegetative > dead_nf > dead_nf	NA	NA	NA	NA	NA	NA	nf	NA
2D	2D198	vegetative > tagnf > tagnf	NA	NA	NA	NA	NA	NA	tagnf	NA
2D	2D199	vegetative > vegetative > vegetative	1	27	44	NA	NA	NA	r of tag	NA
2D	2D200	flowering > dead_nf > dead_nf	0	NA	NA	NA	NA	NA	dead	NA
2D	2D201	vegetative > vegetative > vegetative	1	41	40	NA	NA	NA	NA	NA
2D	2D202	vegetative > dead_nf > dead_nf	0	NA	NA	NA	NA	NA	nf	NA
2D	2D203	vegetative > vegetative > tagnf	NA	NA	NA	NA	NA	NA	ts	NA
2D	2D204	vegetative > vegetative > flowering	NA	NA	NA	NA	NA	NA	NA	NA
2D	2D205	vegetative > flowering > dead_nf	0	NA	NA	NA	NA	NA	NA	NA
2D	2D206	flowering > dead_nf > dead_nf	0	NA	NA	NA	maybe more rosettes	NA	dead	NA
2D	2D207	vegetative > vegetative > flowering	NA	NA	NA	flowered twice?	maybe more rosettes	NA	NA	NA
2D	2D208	vegetative > vegetative > tagnf	NA	NA	NA	NA	NA	NA	NA	NA
2D	2D209	vegetative > flowering > dead_nf	0	NA	NA	NA	NA	NA	NA	NA
2D	2D210	vegetative > vegetative > flowering	NA	NA	NA	NA	NA	NA	below tag	NA
2D	2D211	vegetative > flowering > vegetative	1	22	62	flowered and lived?	NA	NA	NA	flowered last year
2D	2D212	flowering > flowering > dead_nf	0	NA	NA	NA	maybe more rosettes	NA	below tag	NA
2D	2D213	vegetative > flowering > dead_nf	0	NA	NA	NA	JP:NA in r2_leaves	NA	below tag	NA
2D	2D214	vegetative > vegetative > flowering	NA	NA	NA	NA	NA	NA	ts	NA
2D	2D215	vegetative > vegetative > vegetative	1	20	44	NA	NA	NA	NA	NA
2D	2D216	vegetative > dead_nf > dead_nf	NA	NA	NA	NA	NA	NA	dead	NA
2D	2D217	vegetative > flowering > vegetative	4	14	38	resurrected?	NA	NA	dead	NA
2D	2D218	flowering > dead_nf > dead_nf	0	NA	NA	tagnf last year	NA	NA	tagnf	NA
2D	2D219	vegetative > vegetative > flowering	NA	NA	NA	NA	NA	NA	NA	NA
2D	2D220	vegetative > vegetative > flowering	NA	NA	NA	NA	NA	NA	NA	NA
2D	2D221	vegetative > flowering > dead_nf	0	NA	NA	NA	NA	NA	NA	NA
2D	2D222	vegetative > flowering > dead_nf	0	NA	NA	NA	NA	NA	NA	NA
2D	2D225	vegetative > flowering > dead_nf	0	NA	NA	check tag #	NA	NA	NA	NA
2D	2D256	vegetative > flowering > dead_nf	0	NA	NA	NA	NA	NA	NA	NA
2D	2D257	vegetative > flowering > dead_nf	0	NA	NA	NA	NA	NA	NA	NA
2D	2D258	vegetative > flowering > dead_nf	0	NA	NA	NA	NA	NA	NA	NA
3A	3A120	vegetative > flowering > dead_nf	0	NA	NA	NA	NA	NA	NA	NA
3A	3A121	vegetative > vegetative > dead_nf	0	NA	NA	died and nf?	NA	NA	NA	NA
3A	3A122	vegetative > dead_nf > dead_nf	NA	NA	NA	NA	NA	dead	nf	NA
3A	3A123	vegetative > dead_nf > dead_nf	0	NA	NA	NA	NA	NA	dead	NA
3A	3A124	vegetative > vegetative > tagnf	NA	NA	NA	NA	NA	NA	eaten;ts	NA
3A	3A125	vegetative > vegetative > flowering	1	NA	NA	NA	NA	NA	NA	NA
3A	3A126	vegetative > dead_nf > dead_nf	NA	NA	NA	NA	NA	NA	dead	NA
3A	3A127	flowering > dead_nf > dead_nf	0	NA	NA	NA	NA	NA	dead	NA
3A	3A128	flowering > dead_nf > dead_nf	0	NA	NA	died and nf?	NA	NA	NA	NA
3A	3A129	vegetative > vegetative > vegetative	0	NA	NA	died and nf?	NA	NA	NA	NA
3A	3A269	vegetative > vegetative > flowering	1	NA	NA	NA	NA	NA	NA	NA
3A	3A270	vegetative > vegetative > dead_nf	0	NA	NA	NA	NA	NA	NA	NA
3A	3A271	vegetative > dead_nf > dead_nf	NA	NA	NA	NA	NA	NA	nf	NA
3A	3A272	vegetative > flowering > dead_nf	0	NA	NA	NA	NA	NA	NA	NA
3A	3A273	vegetative > vegetative > flowering	1	NA	NA	NA	NA	NA	NA	already flagged
3A	3A274	vegetative > flowering > dead_nf	0	NA	NA	died and nf?	NA	NA	NA	NA
3A	3A275	vegetative > dead_nf > dead_nf	0	NA	NA	NA	NA	NA	dead	NA
3A	3A276	vegetative > flowering > dead_nf	0	NA	NA	NA	NA	NA	1 ts	NA
3A	3A277	vegetative > vegetative > vegetative	1	22	48	NA	NA	NA	NA	NA
3A	3A278	vegetative > vegetative > flowering	1	NA	NA	NA	NA	NA	NA	NA
3A	3A632	vegetative > vegetative > vegetative	1	18	50	NA	NA	NA	NA	NA
3A	3A633	vegetative > vegetative > dead_nf	0	NA	NA	NA	NA	NA	chewed;ts	NA
3A	3A634	vegetative > dead_nf > dead_nf	NA	NA	NA	NA	NA	NA	dead	NA
3A	3A635	vegetative > flowering > dead_nf	0	NA	NA	NA	NA	NA	NA	NA
3A	3A636	vegetative > vegetative > flowering	1	NA	NA	NA	NA	NA	NA	already flagged
3A	3A637	vegetative > vegetative > vegetative	2	12	32	NA	NA	NA	ts	NA
3A	3A638	vegetative > vegetative > flowering	2	NA	NA	NA	NA	NA	above tag	NA
3A	3A639	vegetative > dead_nf > dead_nf	0	NA	NA	NA	NA	NA	dead	NA
3A	3A640	vegetative > vegetative > vegetative	2	7	27	regrew?	NA	NA	eaten;ts	NA
3A	3A641	vegetative > vegetative > flowering	2	NA	NA	NA	NA	NA	NA	NA
3A	3A642	vegetative > flowering > dead_nf	0	NA	NA	died and nf?	NA	NA	NA	NA
3A	3A643	vegetative > vegetative > flowering	1	NA	NA	refound?	NA	NA	nf	NA
3A	3A644	vegetative > vegetative > vegetative	1	28	33	tagnf last year	NA	NA	tagnf	NA
3A	3A645	vegetative > dead_nf > dead_nf	NA	NA	NA	NA	NA	NA	dead	NA
3A	3A645B	vegetative > dead_nf > dead_nf	NA	NA	NA	NA	NA	NA	dead	NA
3A	3A646	vegetative > dead_nf > dead_nf	1	NA	NA	resurrected?	NA	NA	dead	NA
3A	3A647	flowering > vegetative > dead_nf	0	NA	NA	died and nf?	NA	NA	NA	NA
3A	3A648	vegetative > vegetative > vegetative	1	20	43	NA	NA	NA	NA	NA
3A	3A649	vegetative > vegetative > tagnf	NA	NA	NA	NA	NA	NA	chewed;ts	NA
3A	3A650	vegetative > vegetative > vegetative	1	23	50	regrew?	NA	NA	eaten;ts; above tag	NA
3A	3A651	vegetative > vegetative > dead_nf	0	NA	NA	died and nf?	NA	NA	NA	NA
3A	3A652	vegetative > vegetative > vegetative	1	14	59	NA	NA	NA	upper r of tag	NA
3A	3A653	vegetative > vegetative > dead_nf	0	NA	NA	NA	NA	NA	eaten;ts	NA
3A	3A654	vegetative > dead_nf > dead_nf	0	NA	NA	NA	NA	dead	nf	NA
3A	3A655	vegetative > vegetative > dead_nf	0	NA	NA	died and nf?	NA	NA	NA	NA
3A	3A656	vegetative > vegetative > tagnf	NA	NA	NA	NA	NA	NA	NA	NA
3A	3A657	vegetative > vegetative > flowering	1	12	31	NA	NA	NA	eaten;ts	NA
3A	3A658	vegetative > vegetative > vegetative	0	NA	NA	chew death	NA	NA	eaten;ts	NA
3A	3A659	vegetative > flowering > dead_nf	NA	NA	NA	NA	NA	NA	NA	NA
3B	3B601	flowering > dead_nf > dead_nf	0	NA	NA	NA	NA	NA	dead	NA
3B	3B602	vegetative > vegetative > no_record	NA	NA	NA	NA	NA	NA	NA	NA
3B	3B603	vegetative > vegetative > flowering	NA	NA	NA	NA	NA	NA	NA	NA
3B	3B604	vegetative > vegetative > no_record	NA	NA	NA	NA	NA	NA	NA	NA
3B	3B605	vegetative > flowering > dead_nf	NA	NA	NA	NA	NA	NA	NA	NA
3B	3B606	flowering > dead_nf > dead_nf	0	NA	NA	NA	NA	NA	dead	NA
3B	3B607	vegetative > vegetative > vegetative	1	3	27	NA	NA	NA	NA	NA
3B	3B608	vegetative > vegetative > vegetative	1	14	42	NA	NA	NA	NA	NA
3B	3B609	vegetative > dead_nf > dead_nf	0	NA	NA	NA	NA	NA	dead	NA
3B	3B610	vegetative > vegetative > vegetative	1	24	59	NA	NA	NA	NA	NA
3B	3B611	vegetative > flowering > dead_nf	NA	NA	NA	NA	NA	NA	NA	NA
3B	3B612	vegetative > vegetative > no_record	NA	NA	NA	NA	NA	NA	NA	NA
3B	3B613	vegetative > dead_nf > dead_nf	0	NA	NA	NA	NA	gone	dead	NA
3B	3B614	vegetative > vegetative > vegetative	2	12	32	NA	NA	NA	NA	NA
3B	3B615	vegetative > vegetative > no_record	NA	NA	NA	NA	NA	NA	NA	NA
3B	3B616	vegetative > dead_nf > dead_nf	0	NA	NA	NA	NA	NA	dead	NA
3B	3B617	vegetative > vegetative > no_record	NA	NA	NA	NA	NA	NA	NA	NA
3B	3B618	vegetative > vegetative > flowering	NA	NA	NA	NA	NA	NA	NA	NA
3B	3B619	vegetative > vegetative > dead_nf	0	NA	NA	died and nf?	NA	NA	NA	NA
3B	3B620	vegetative > dead_nf > dead_nf	0	NA	NA	NA	very wilted	dead	dead	NA
3B	3B621	vegetative > vegetative > flowering	1	NA	NA	NA	NA	NA	NA	NA
3B	3B622	vegetative > vegetative > no_record	NA	NA	NA	NA	NA	NA	NA	NA
3B	3B623	vegetative > vegetative > no_record	NA	NA	NA	NA	NA	NA	NA	NA
3B	3B624	vegetative > flowering > dead_nf	NA	NA	NA	rosettes? flowered and lived?	NA	NA	NA	NA
3B	3B686	vegetative > flowering > dead_nf	0	NA	NA	NA	NA	NA	NA	NA
3B	3B687	vegetative > flowering > dead_nf	0	NA	NA	NA	NA	NA	NA	NA
3B	3B821	vegetative > vegetative > vegetative	1	16	21	NA	NA	NA	NA	NA
3B	3B822	vegetative > vegetative > flowering	2	NA	NA	NA	NA	NA	ts	NA
3B	3B823	vegetative > flowering > vegetative	1	18	43	flowered and lived?	NA	NA	NA	NA
3B	3B824	flowering > dead_nf > dead_nf	0	NA	NA	NA	NA	NA	dead	NA
3B	3B825	vegetative > vegetative > vegetative	1	11	26	NA	NA	NA	NA	NA
3B	3B826	vegetative > tagnf > dead_nf	0	NA	NA	tagnf last year	NA	NA	tagnf	NA
3B	3B827	vegetative > tagnf > tagnf	NA	NA	NA	NA	NA	NA	tagnf	NA
3B	3B828	vegetative > vegetative > flowering	2	NA	NA	NA	NA	NA	NA	NA
3B	3B829	vegetative > vegetative > dead_nf	0	NA	NA	died and nf?	munched	NA	ts	NA
3B	3B830	vegetative > dead_nf > dead_nf	0	NA	NA	NA	munched	dead	nf	NA
3B	3B831	vegetative > vegetative > flowering	1	NA	NA	NA	NA	NA	NA	already flagged
3B	3B832	vegetative > vegetative > tagnf	NA	NA	NA	NA	NA	NA	NA	NA
3B	3B833	flowering > dead_nf > dead_nf	0	NA	NA	NA	NA	NA	dead	NA
3B	3B834	vegetative > vegetative > vegetative	1	12	41	NA	NA	NA	NA	NA
3B	3B835	vegetative > vegetative > vegetative	0	NA	NA	died and nf?	NA	NA	NA	NA
3B	3B836	vegetative > dead_nf > dead_nf	0	NA	NA	NA	NA	NA	dead	NA
3B	3B837	vegetative > vegetative > vegetative	1	15	36	NA	NA	NA	NA	NA
3B	3B838	vegetative > vegetative > flowering	4	NA	NA	NA	breaking	NA	NA	already flagged
3C	3C122	vegetative > flowering > vegetative	1	6	11	flowered and lived?	NA	NA	NA	NA
3C	3C123	vegetative > vegetative > dead_nf	0	NA	NA	NA	NA	NA	NA	NA
3C	3C124	vegetative > vegetative > vegetative	1	10	19	NA	NA	NA	NA	NA
3C	3C125	vegetative > vegetative > dead_nf	0	NA	NA	died and nf?	NA	NA	ts	NA
3C	3C126	vegetative > vegetative > flowering	1	NA	NA	NA	NA	NA	ts	NA
3C	3C127	flowering > dead_nf > dead_nf	0	NA	NA	NA	NA	NA	dead	NA
3C	3C128	vegetative > vegetative > dead_nf	0	NA	NA	NA	NA	NA	NA	NA
3C	3C129	vegetative > vegetative > dead_nf	0	NA	NA	NA	NA	NA	NA	NA
3C	3C130	vegetative > flowering > dead_nf	0	NA	NA	NA	NA	NA	NA	NA
3C	3C131	vegetative > flowering > flowering	0	NA	NA	NA	NA	NA	NA	NA
3C	3C132	flowering > dead_nf > dead_nf	0	NA	NA	NA	NA	NA	dead	NA
3C	3C133	vegetative > vegetative > flowering	1	NA	NA	NA	NA	NA	NA	NA
3C	3C134	vegetative > dead_nf > dead_nf	0	NA	NA	NA	NA	NA	dead	NA
3C	3C135	vegetative > vegetative > dead_nf	0	NA	NA	died and nf?	NA	NA	NA	NA
3C	3C136	vegetative > dead_nf > dead_nf	NA	NA	NA	NA	NA	NA	dead	NA
3C	3C137	vegetative > vegetative > flowering	1	NA	NA	NA	NA	NA	NA	NA
3C	3C138	vegetative > flowering > dead_nf	0	NA	NA	NA	NA	NA	NA	flowered last year
3C	3C139	vegetative > vegetative > flowering	2	NA	NA	NA	NA	NA	NA	NA
3C	3C140	vegetative > flowering > dead_nf	0	NA	NA	NA	NA	NA	NA	NA
3C	3C141	vegetative > vegetative > tagnf	NA	NA	NA	NA	NA	NA	NA	NA
3C	3C142	vegetative > flowering > flowering	1	NA	NA	flowered twice?	NA	NA	NA	NA
3C	3C143	vegetative > flowering > flowering	1	NA	NA	flowered twice?	NA	NA	NA	NA
3C	3C144	vegetative > vegetative > vegetative	1	17	21	NA	NA	NA	ts	NA
3C	3C145	vegetative > vegetative > dead_nf	0	NA	NA	died and nf?	missing	NA	NA	NA
3C	3C146	vegetative > flowering > dead_nf	0	NA	NA	NA	NA	NA	NA	NA
3C	3C147	flowering > dead_nf > dead_nf	NA	NA	NA	NA	NA	NA	dead	NA
3C	3C148	vegetative > flowering > dead_nf	0	NA	NA	NA	NA	NA	NA	NA
3C	3C149	vegetative > flowering > vegetative	1	19	51	flowered and lived?	NA	NA	NA	NA
3C	3C150	vegetative > flowering > dead_nf	0	NA	NA	NA	missing	NA	NA	NA
3C	3C151	vegetative > flowering > dead_nf	0	NA	NA	NA	NA	NA	NA	NA
3C	3C152	vegetative > vegetative > flowering	NA	NA	NA	NA	missing	NA	NA	NA
3C	3C153	vegetative > vegetative > flowering	3	NA	NA	NA	NA	NA	NA	NA
3C	3C154	vegetative > vegetative > flowering	1	NA	NA	NA	NA	NA	NA	NA
3C	3C155	vegetative > vegetative > vegetative	1	16	31	NA	NA	NA	NA	NA
3C	3C156	flowering > dead_nf > dead_nf	0	NA	NA	NA	NA	NA	dead	NA
3C	3C157	vegetative > vegetative > vegetative	1	21	39	NA	NA	NA	NA	NA
3C	3C158	vegetative > vegetative > flowering	3	NA	NA	NA	NA	NA	NA	NA
3C	3C159	vegetative > vegetative > flowering	1	NA	NA	NA	NA	NA	NA	NA
3C	3C160	vegetative > vegetative > vegetative	1	4	21	NA	NA	NA	NA	NA
3C	3C161	vegetative > flowering > dead_nf	0	NA	NA	NA	NA	NA	NA	NA
3C	3C162	vegetative > vegetative > vegetative	1	18	41	NA	NA	NA	NA	NA
3C	3C163	flowering > dead_nf > dead_nf	0	NA	NA	NA	NA	NA	dead	NA
3C	3C164	vegetative > flowering > dead_nf	0	NA	NA	died and nf?	NA	NA	NA	NA
3C	3C165	vegetative > vegetative > vegetative	1	9	20	tagnf last year	NA	gone	tagnf	NA
3C	3C166	vegetative > vegetative > flowering	2	NA	NA	NA	NA	NA	NA	NA
3C	3C167	vegetative > flowering > dead_nf	0	NA	NA	NA	NA	NA	NA	NA
3C	3C168	flowering > dead_nf > dead_nf	NA	NA	NA	NA	NA	NA	tagnf	NA
3C	3C169	vegetative > vegetative > flowering	2	NA	NA	NA	NA	NA	NA	NA
3C	3C170	vegetative > vegetative > dead_nf	0	NA	NA	NA	NA	NA	NA	NA
3C	3C171	flowering > dead_nf > dead_nf	0	NA	NA	NA	NA	NA	dead	NA
3C	3C172	vegetative > flowering > dead_nf	0	NA	NA	NA	NA	NA	NA	NA
3C	3C173	vegetative > vegetative > flowering	2	NA	NA	NA	NA	NA	NA	NA
3C	3C174	vegetative > vegetative > flowering	0	NA	NA	died and nf?	NA	NA	NA	NA
3C	3C175	vegetative > flowering > dead_nf	0	NA	NA	NA	NA	NA	NA	NA
3C	3C176	vegetative > vegetative > tagnf	NA	NA	NA	NA	NA	NA	NA	NA
3C	3C177	vegetative > vegetative > flowering	3	NA	NA	NA	NA	NA	NA	NA
3C	3C178	vegetative > dead_nf > dead_nf	0	NA	NA	NA	NA	NA	dead	NA
3C	3C179	vegetative > flowering > dead_nf	0	NA	NA	NA	NA	NA	NA	NA
3C	3C180	vegetative > vegetative > dead_nf	0	NA	NA	NA	NA	NA	ts	NA
3C	3C181	vegetative > vegetative > dead_nf	0	NA	NA	NA	NA	NA	NA	NA
3C	3C182	vegetative > flowering > dead_nf	0	NA	NA	NA	NA	NA	NA	NA
3C	3C183	vegetative > flowering > dead_nf	0	NA	NA	NA	NA	NA	NA	NA
3C	3C184	vegetative > flowering > dead_nf	1	NA	NA	flowered twice?	NA	NA	NA	NA
3C	3C185	vegetative > flowering > dead_nf	0	4	9	check tag #	NA	NA	NA	NA
3C	3C213	vegetative > vegetative > flowering	1	NA	NA	NA	NA	NA	NA	tagged in 2020
3C	3C86	flowering > dead_nf > dead_nf	NA	NA	NA	NA	NA	NA	NA	NA
3C	3C94	flowering > dead_nf > dead_nf	0	NA	NA	check tag #	NA	NA	NA	NA
3D	3D255	flowering > dead_nf > dead_nf	0	NA	NA	NA	NA	NA	NA	not on sheet, write-in
3D	3D839	vegetative > vegetative > dead_nf	0	NA	NA	NA	NA	NA	ts	NA
3D	3D840	vegetative > vegetative > flowering	1	NA	NA	NA	NA	NA	L of tag; ts	NA
3D	3D841	vegetative > vegetative > vegetative	1	14	27	NA	NA	NA	NA	NA
3D	3D842	vegetative > vegetative > vegetative	1	8	15	NA	NA	NA	NA	NA
3D	3D843	vegetative > dead_nf > dead_nf	0	NA	NA	NA	shriveled	NA	dead	NA
3D	3D844	vegetative > vegetative > dead_nf	0	NA	NA	died and nf?	NA	NA	ts	NA
3D	3D845	vegetative > vegetative > vegetative	2	15	45	NA	NA	NA	ts	NA
3D	3D846	vegetative > tagnf > tagnf	NA	NA	NA	NA	NA	NA	tagnf	NA
3D	3D847	flowering > vegetative > dead_nf	0	NA	NA	died and nf?	NA	NA	ts	NA
3D	3D848	vegetative > dead_nf > dead_nf	0	NA	NA	NA	NA	NA	dead	NA
3D	3D849	vegetative > vegetative > vegetative	1	18	37	NA	NA	NA	down from tag	NA
3D	3D850	vegetative > tagnf > tagnf	NA	NA	NA	NA	NA	NA	tagnf	NA
3D	3D851	vegetative > vegetative > flowering	1	NA	NA	NA	NA	NA	NA	NA
3D	3D852	flowering > vegetative > no_record	NA	NA	NA	NA	NA	NA	NA	NA
3D	3D853	flowering > dead_nf > dead_nf	0	NA	NA	NA	NA	NA	dead	NA
3D	3D854	vegetative > vegetative > flowering	NA	NA	NA	NA	NA	NA	tagnf	NA
3D	3D855	vegetative > vegetative > dead_nf	0	NA	NA	died and nf?	NA	NA	ts	NA
3D	3D856	flowering > dead_nf > dead_nf	NA	NA	NA	NA	NA	NA	dead	NA
3D	3D857	flowering > dead_nf > dead_nf	0	NA	NA	NA	NA	NA	nf	NA
3D	3D858	flowering > dead_nf > dead_nf	NA	NA	NA	NA	NA	NA	nf	NA
3D	3D859	vegetative > dead_nf > dead_nf	0	NA	NA	NA	NA	NA	nf	NA
3D	3D860	vegetative > dead_nf > dead_nf	0	NA	NA	NA	NA	NA	nf	NA
3D	3D861	vegetative > dead_nf > dead_nf	0	NA	NA	NA	NA	NA	nf	NA
3D	3D862	vegetative > dead_nf > dead_nf	NA	NA	NA	NA	NA	NA	dead	NA
3D	3D863	vegetative > vegetative > vegetative	1	18	36	NA	NA	NA	NA	NA
3D	3D864	vegetative > vegetative > flowering	1	NA	NA	NA	NA	NA	NA	NA
3D	3D865	vegetative > vegetative > vegetative	1	19	39	NA	NA	NA	down from tag	NA
3D	3D866	vegetative > dead_nf > dead_nf	0	NA	NA	NA	NA	NA	nf	NA
3D	3D867	vegetative > tagnf > tagnf	NA	NA	NA	NA	NA	NA	tagnf	NA
3D	3D868	vegetative > vegetative > vegetative	2	13	21	NA	NA	NA	ts	NA
3D	3D869	vegetative > dead_nf > dead_nf	0	NA	NA	NA	NA	NA	dead	NA
3D	3D870	vegetative > tagnf > dead_nf	0	NA	NA	NA	NA	NA	tagnf	NA
3D	3D871	vegetative > tagnf > dead_nf	0	NA	NA	NA	NA	NA	tagnf	NA
3D	3D872	vegetative > dead_nf > dead_nf	0	NA	NA	NA	NA	NA	dead	NA
3D	3D873	vegetative > dead_nf > dead_nf	0	NA	NA	NA	NA	NA	nf	NA
3D	3D874	flowering > dead_nf > dead_nf	0	NA	NA	NA	NA	NA	dead	NA
3D	3D875	vegetative > vegetative > flowering	2	NA	NA	NA	NA	NA	NA	NA
3D	3D876	vegetative > vegetative > flowering	2	NA	NA	NA	NA	NA	NA	NA
3D	3D877	flowering > dead_nf > dead_nf	0	NA	NA	NA	NA	NA	dead	NA
3D	3D878	flowering > dead_nf > dead_nf	NA	NA	NA	NA	NA	NA	tagnf	NA
3D	3D879	flowering > dead_nf > dead_nf	0	NA	NA	NA	NA	NA	dead	NA
3D	3D880	vegetative > vegetative > tagnf	NA	NA	NA	NA	NA	NA	down from tag	NA
3D	3D881	vegetative > vegetative > flowering	1	NA	NA	NA	NA	NA	NA	NA
3D	3D882	vegetative > dead_nf > dead_nf	0	NA	NA	NA	NA	NA	nf	NA
3D	3D883	vegetative > vegetative > dead_nf	0	NA	NA	died and nf?	NA	NA	below tag	NA
3D	3D884	flowering > dead_nf > dead_nf	0	NA	NA	NA	NA	NA	dead	NA
3D	3D886	vegetative > vegetative > flowering	1	NA	NA	NA	NA	NA	NA	NA
3D	3D887	vegetative > vegetative > tagnf	NA	NA	NA	NA	NA	NA	NA	NA
3D	3D888	vegetative > vegetative > vegetative	0	NA	NA	died and nf?	could be 2 rosettes-check	NA	left of tag	NA
3D	3D889	vegetative > vegetative > flowering	1	NA	NA	NA	NA	NA	NA	NA
3D	3D890	vegetative > vegetative > vegetative	2	20	51	NA	NA	NA	ts	NA
3D	3D891	vegetative > vegetative > vegetative	2	11	50	NA	NA	NA	NA	NA
3D	3D892	vegetative > vegetative > flowering	NA	NA	NA	NA	NA	NA	NA	NA
3D	3D893	vegetative > vegetative > flowering	1	NA	NA	NA	NA	NA	R of tag	NA
3D	3D894	vegetative > vegetative > flowering	NA	NA	NA	NA	plant is up from tag	NA	NA	NA
3D	3D895	vegetative > vegetative > flowering	2	NA	NA	NA	NA	NA	NA	NA
3D	3D896	vegetative > flowering > dead_nf	0	NA	NA	died and nf?	NA	NA	NA	NA
3D	3D897	vegetative > vegetative > dead_nf	0	NA	NA	NA	NA	NA	ts	NA
3D	3D898	vegetative > dead_nf > dead_nf	0	NA	NA	NA	NA	NA	nf	dug up, tag in a hole
3D	3D899	vegetative > dead_nf > dead_nf	0	NA	NA	NA	NA	NA	nf	NA
3D	3D900	vegetative > vegetative > vegetative	2	3	15	NA	NA	NA	ts	NA
4A	4A100	vegetative > vegetative > no_record	NA	NA	NA	NA	NA	NA	NA	NA
4A	4A101	vegetative > vegetative > flowering	1	NA	NA	NA	NA	NA	NA	NA
4A	4A102	vegetative > vegetative > vegetative	2	16	42	NA	NA	NA	NA	NA
4A	4A103	vegetative > dead_nf > dead_nf	0	NA	NA	NA	NA	NA	dead	NA
4A	4A104	vegetative > dead_nf > dead_nf	NA	NA	NA	NA	NA	NA	dead	NA
4A	4A105	vegetative > vegetative > dead_nf	0	NA	NA	NA	NA	NA	NA	NA
4A	4A106	vegetative > dead_nf > dead_nf	0	NA	NA	NA	NA	NA	dead	NA
4A	4A107	vegetative > vegetative > flowering	1	NA	NA	NA	NA	NA	NA	NA
4A	4A108	vegetative > vegetative > vegetative	2	NA	NA	refound?	NA	NA	nf	NA
4A	4A109	vegetative > vegetative > flowering	2	NA	NA	NA	NA	NA	NA	NA
4A	4A110	vegetative > vegetative > flowering	2	NA	NA	NA	NA	NA	NA	NA
4A	4A111	vegetative > vegetative > vegetative	1	18	29	NA	NA	NA	ts	NA
4A	4A112	flowering > dead_nf > dead_nf	0	NA	NA	NA	NA	NA	nf	NA
4A	4A113	vegetative > vegetative > dead_nf	0	NA	NA	NA	NA	NA	NA	NA
4A	4A114	vegetative > vegetative > flowering	1	NA	NA	refound?	NA	NA	nf	NA
4A	4A115	vegetative > vegetative > flowering	0	NA	NA	rosettes? flowering? refound?	NA	NA	nf	NA
4A	4A116	vegetative > vegetative > flowering	NA	NA	NA	rosettes?	NA	NA	NA	NA
4A	4A117	flowering > dead_nf > dead_nf	0	NA	NA	NA	NA	NA	nf	NA
4A	4A118	vegetative > dead_nf > dead_nf	0	NA	NA	NA	NA	NA	nf	NA
4A	4A119	vegetative > dead_nf > dead_nf	0	NA	NA	NA	NA	NA	nf	NA
4A	4A120	flowering > dead_nf > dead_nf	0	NA	NA	NA	NA	NA	nf	NA
4A	4A121	vegetative > vegetative > flowering	1	NA	NA	refound?	NA	NA	nf	NA
4A	4A122	vegetative > vegetative > dead_nf	0	NA	NA	NA	NA	NA	upper right	NA
4A	4A123	vegetative > flowering > dead_nf	0	NA	NA	NA	NA	NA	NA	NA
4A	4A124	vegetative > flowering > flowering	3	NA	NA	check tag #	NA	NA	NA	NA
4A	4A168	flowering > dead_nf > dead_nf	0	NA	NA	check tag #	NA	NA	NA	NA
4A	4A60	vegetative > dead_nf > dead_nf	0	NA	NA	NA	NA	gone	dead	NA
4A	4A61	vegetative > vegetative > vegetative	1	24	28	NA	NA	NA	NA	NA
4A	4A62	vegetative > vegetative > dead_nf	0	NA	NA	died and nf?	NA	NA	NA	NA
4A	4A63	flowering > dead_nf > dead_nf	0	NA	NA	NA	NA	NA	nf	NA
4A	4A64	vegetative > vegetative > vegetative	NA	NA	NA	rosettes?	NA	NA	NA	NA
4A	4A65	vegetative > vegetative > flowering	2	NA	NA	NA	NA	NA	NA	NA
4A	4A66	vegetative > dead_nf > dead_nf	NA	NA	NA	NA	NA	NA	NA	NA
4A	4A67	vegetative > vegetative > dead_nf	0	NA	NA	chew death	NA	NA	chewed, ts	NA
4A	4A68	vegetative > vegetative > flowering	0	NA	NA	NA	NA	NA	NA	duplicate outside plot
4A	4A69	flowering > dead_nf > dead_nf	0	NA	NA	NA	NA	NA	dead	NA
4A	4A70	vegetative > dead_nf > dead_nf	0	NA	NA	NA	NA	NA	dead	NA
4A	4A71	vegetative > vegetative > dead_nf	0	NA	NA	died and nf?	NA	NA	ts	NA
4A	4A72	vegetative > dead_nf > dead_nf	0	NA	NA	NA	NA	NA	dead	NA
4A	4A73	vegetative > vegetative > vegetative	1	11	33	NA	NA	NA	NA	NA
4A	4A74	vegetative > dead_nf > dead_nf	NA	NA	NA	NA	NA	NA	nf	NA
4A	4A75	flowering > dead_nf > dead_nf	0	NA	NA	NA	NA	NA	nf	NA
4A	4A76	flowering > vegetative > vegetative	1	28	53	NA	NA	NA	1 rosette dead	NA
4A	4A77	vegetative > dead_nf > dead_nf	0	NA	NA	resurrected?	NA	NA	dead	NA
4A	4A78	vegetative > dead_nf > dead_nf	0	NA	NA	NA	NA	NA	dead	NA
4A	4A79	vegetative > vegetative > vegetative	1	19	43	NA	NA	NA	NA	NA
4A	4A80	vegetative > vegetative > flowering	1	NA	4	NA	NA	NA	NA	chewed 1 stalk
4A	4A81	vegetative > dead_nf > dead_nf	0	NA	NA	NA	NA	NA	nf	NA
4A	4A82	vegetative > vegetative > vegetative	2	12	52	NA	NA	NA	NA	NA
4A	4A83	flowering > dead_nf > dead_nf	NA	NA	NA	NA	NA	NA	nf	NA
4A	4A84	vegetative > vegetative > tagnf	NA	NA	NA	NA	NA	NA	NA	NA
4A	4A85	vegetative > vegetative > flowering	4	NA	NA	NA	NA	NA	NA	NA
4A	4A86	vegetative > dead_nf > dead_nf	0	NA	NA	NA	NA	NA	nf	NA
4A	4A87	vegetative > dead_nf > dead_nf	0	NA	NA	NA	NA	NA	nf	NA
4A	4A88	vegetative > dead_nf > dead_nf	2	NA	NA	resurrected?	NA	NA	dead	NA
4A	4A89	vegetative > flowering > dead_nf	0	NA	NA	NA	NA	NA	NA	NA
4A	4A90	flowering > dead_nf > dead_nf	NA	NA	NA	NA	NA	NA	nf	NA
4A	4A91	vegetative > vegetative > flowering	1	NA	NA	NA	NA	NA	NA	NA
4A	4A92	vegetative > vegetative > vegetative	2	19	41	NA	NA	NA	NA	NA
4A	4A93	vegetative > dead_nf > dead_nf	0	NA	NA	NA	NA	NA	nf	NA
4A	4A94	flowering > dead_nf > dead_nf	0	NA	NA	NA	NA	NA	nf	NA
4A	4A95	vegetative > vegetative > vegetative	1	22	27	NA	NA	NA	NA	NA
4A	4A96	vegetative > dead_nf > dead_nf	NA	NA	NA	NA	NA	NA	nf	NA
4A	4A97	vegetative > vegetative > vegetative	1	19	51	NA	NA	NA	NA	NA
4A	4A98	vegetative > dead_nf > dead_nf	0	NA	NA	NA	NA	gone	nf	NA
4A	4A99	vegetative > vegetative > flowering	1	NA	NA	NA	NA	NA	NA	NA
4B	4B160	flowering > dead_nf > dead_nf	0	NA	NA	NA	NA	NA	dead	NA
4B	4B161	vegetative > dead_nf > dead_nf	0	NA	NA	NA	NA	NA	nf	NA
4B	4B162	vegetative > dead_nf > dead_nf	NA	NA	NA	NA	NA	NA	nf	NA
4B	4B163	vegetative > vegetative > dead_nf	0	NA	NA	died and nf?	NA	NA	NA	NA
4B	4B164	flowering > dead_nf > dead_nf	0	NA	NA	NA	NA	NA	nf	NA
4B	4B165	vegetative > dead_nf > dead_nf	NA	NA	NA	NA	NA	NA	nf	NA
4B	4B166	vegetative > vegetative > dead_nf	0	NA	NA	NA	NA	NA	nf	NA
4B	4B167	vegetative > vegetative > dead_nf	0	NA	NA	died and nf?	NA	NA	NA	NA
4B	4B168	vegetative > flowering > dead_nf	NA	NA	NA	NA	NA	NA	NA	NA
4B	4B169	vegetative > vegetative > dead_nf	0	NA	NA	died and nf?	NA	NA	NA	NA
4B	4B170	vegetative > dead_nf > dead_nf	NA	NA	NA	NA	NA	NA	nf	NA
4B	4B171	dead_nf > dead_nf > dead_nf	NA	NA	NA	NA	NA	NA	nf	NA
4B	4B172	vegetative > vegetative > no_record	NA	NA	NA	NA	NA	NA	nf	NA
4B	4B173	vegetative > flowering > dead_nf	0	NA	NA	NA	NA	NA	NA	NA
4B	4B174	flowering > dead_nf > dead_nf	0	NA	NA	NA	NA	NA	nf	NA
4B	4B175	flowering > dead_nf > dead_nf	0	NA	NA	NA	NA	NA	nf	Tag demolished and removed
4B	4B176	vegetative > dead_nf > dead_nf	0	NA	NA	NA	NA	NA	nf	NA
4B	4B177	flowering > vegetative > dead_nf	0	NA	NA	chew death	NA	NA	chewed	NA
4B	4B178	vegetative > vegetative > dead_nf	0	NA	NA	died and nf?	NA	NA	NA	NA
4B	4B179	vegetative > dead_nf > dead_nf	NA	NA	NA	NA	NA	NA	nf	NA
4B	4B180	vegetative > dead_nf > dead_nf	0	NA	NA	NA	NA	NA	nf	NA
4B	4B181	flowering > dead_nf > dead_nf	0	NA	NA	NA	NA	NA	nf	NA
4B	4B182	vegetative > dead_nf > dead_nf	0	NA	NA	NA	NA	NA	nf	NA
4B	4B183	flowering > dead_nf > dead_nf	0	NA	NA	NA	NA	NA	nf	NA
4B	4B184	vegetative > vegetative > vegetative	1	6	15	NA	NA	NA	NA	NA
4B	4B185	flowering > dead_nf > dead_nf	0	NA	NA	NA	NA	NA	dead	NA
4B	4B186	vegetative > dead_nf > dead_nf	0	NA	NA	NA	NA	NA	nf	NA
4B	4B187	vegetative > vegetative > dead_nf	0	NA	NA	died and nf?	NA	NA	NA	NA
4B	4B188	vegetative > vegetative > dead_nf	0	NA	NA	died and nf?	NA	NA	ts	NA
4B	4B189	flowering > dead_nf > dead_nf	0	NA	NA	NA	NA	NA	nf	NA
4B	4B190	vegetative > vegetative > vegetative	1	14	55	NA	NA	NA	NA	NA
4B	4B191	vegetative > vegetative > dead_nf	0	NA	NA	chew death	NA	NA	chewed	NA
4B	4B192	flowering > dead_nf > dead_nf	NA	NA	NA	NA	NA	NA	NA	NA
4B	4B193	flowering > dead_nf > dead_nf	0	NA	NA	NA	NA	NA	dead	NA
4B	4B194	vegetative > dead_nf > dead_nf	0	NA	NA	NA	NA	NA	nf	NA
4B	4B195	flowering > dead_nf > dead_nf	0	NA	NA	NA	NA	NA	nf	NA
4B	4B196	flowering > dead_nf > dead_nf	0	NA	NA	died and nf?	NA	NA	NA	NA
4B	4B197	vegetative > vegetative > tagnf	NA	NA	NA	NA	NA	NA	ts	NA
4B	4B198	vegetative > vegetative > dead_nf	0	NA	NA	NA	NA	NA	NA	NA
4B	4B199	flowering > dead_nf > dead_nf	0	NA	NA	NA	NA	NA	nf	NA
4B	4B200	dead_nf > dead_nf > dead_nf	0	NA	NA	NA	NA	NA	nf	NA
4B	4B201	vegetative > dead_nf > dead_nf	NA	NA	NA	NA	NA	NA	nf	NA
4B	4B202	vegetative > dead_nf > dead_nf	0	NA	NA	NA	NA	NA	nf	NA
4B	4B203	vegetative > dead_nf > dead_nf	NA	NA	NA	NA	NA	NA	nf	NA
4B	4B204	vegetative > dead_nf > dead_nf	NA	NA	NA	NA	NA	NA	nf	NA
4B	4B205	vegetative > dead_nf > dead_nf	NA	NA	NA	NA	NA	NA	NA	NA
4B	4B206	vegetative > vegetative > dead_nf	0	NA	NA	chew death	NA	NA	chewed, ts	NA
4B	4B207	vegetative > dead_nf > dead_nf	0	NA	NA	NA	NA	NA	nf	NA
4B	4B208	vegetative > dead_nf > dead_nf	0	NA	NA	NA	NA	NA	nf	NA
4B	4B209	dead_nf > dead_nf > dead_nf	0	NA	NA	NA	NA	NA	nf	NA
4B	4B210	vegetative > dead_nf > dead_nf	0	NA	NA	NA	NA	NA	nf	NA
4B	4B211	vegetative > vegetative > flowering	1	NA	NA	NA	NA	NA	NA	NA
4B	4B212	vegetative > vegetative > dead_nf	0	NA	NA	died and nf?	NA	NA	upper right	NA
4B	4B213	vegetative > vegetative > vegetative	2	14	29	NA	NA	NA	NA	NA
4B	4B214	vegetative > vegetative > vegetative	2	20	40	NA	NA	NA	NA	NA
4B	4B594	vegetative > vegetative > flowering	1	NA	NA	NA	NA	NA	NA	tagged in 2020
4B	4B596	vegetative > vegetative > flowering	1	NA	NA	NA	NA	NA	NA	tagged in 2020
4B	4B680	vegetative > vegetative > flowering	1	NA	NA	NA	NA	NA	NA	tagged in 2020
4C	4C104	vegetative > vegetative > dead_nf	0	NA	NA	died and nf?	NA	NA	NA	NA
4C	4C105	vegetative > vegetative > vegetative	1	NA	5	NA	NA	NA	NA	NA
4C	4C106	vegetative > vegetative > vegetative	0	NA	NA	died and nf?	NA	NA	NA	NA
4C	4C107	vegetative > vegetative > vegetative	1	9	31	regrew?	NA	NA	chewed, ts	NA
4C	4C108	vegetative > vegetative > vegetative	1	12	21	NA	NA	NA	NA	NA
4C	4C109	vegetative > flowering > dead_nf	0	NA	NA	NA	NA	NA	NA	NA
4C	4C110	vegetative > vegetative > flowering	NA	NA	NA	NA	NA	NA	NA	NA
4C	4C111	vegetative > flowering > dead_nf	0	NA	NA	died and nf?	NA	NA	NA	NA
4C	4C112	vegetative > vegetative > tagnf	NA	NA	NA	NA	NA	NA	NA	NA
4C	4C113	vegetative > dead_nf > dead_nf	0	NA	NA	NA	NA	NA	nf	NA
4C	4C114	vegetative > flowering > dead_nf	0	NA	NA	chew death	NA	NA	chewed, ts	NA
4C	4C115	vegetative > flowering > dead_nf	NA	NA	NA	NA	NA	NA	NA	NA
4C	4C116	vegetative > vegetative > vegetative	2	10	33	NA	NA	NA	NA	NA
4C	4C117	vegetative > dead_nf > dead_nf	0	NA	NA	NA	NA	NA	nf	NA
4C	4C118	flowering > dead_nf > dead_nf	0	NA	NA	NA	NA	NA	nf	NA
4C	4C119	flowering > dead_nf > dead_nf	0	NA	NA	NA	NA	NA	nf	NA
4C	4C120	vegetative > vegetative > flowering	1	NA	3	refound?	NA	NA	nf	NA
4C	4C121	vegetative > vegetative > vegetative	1	19	31	regrew?	NA	NA	chewed	NA
4C	4C122	vegetative > vegetative > vegetative	3	14	34	NA	NA	NA	NA	NA
4C	4C123	vegetative > vegetative > vegetative	1	NA	3	regrew?	NA	NA	chewed	NA
4C	4C187	vegetative > vegetative > flowering	2	NA	NA	NA	NA	NA	ts	NA
4C	4C188	vegetative > vegetative > dead_nf	0	NA	NA	died and nf?	NA	NA	NA	NA
4C	4C189	vegetative > vegetative > dead_nf	0	NA	NA	died and nf?	NA	NA	NA	NA
4C	4C190	vegetative > vegetative > vegetative	1	21	58	NA	NA	NA	NA	NA
4C	4C191	vegetative > vegetative > vegetative	1	9	35	NA	NA	NA	bottom right of tag	NA
4C	4C192	vegetative > vegetative > flowering	5	NA	NA	NA	NA	NA	NA	NA
4C	4C193	vegetative > vegetative > vegetative	1	14	31	NA	NA	NA	NA	NA
4C	4C194	vegetative > vegetative > vegetative	1	5	12	NA	NA	NA	NA	NA
4C	4C195	vegetative > vegetative > flowering	2	NA	NA	NA	NA	NA	NA	NA
4C	4C196	vegetative > vegetative > flowering	3	NA	1	NA	NA	NA	NA	NA
4C	4C197	vegetative > vegetative > tagnf	NA	NA	NA	NA	Tag up from plant	NA	Tag up from plant	NA
4C	4C198	vegetative > vegetative > tagnf	NA	NA	NA	NA	NA	NA	NA	NA
4C	4C199	vegetative > flowering > dead_nf	0	NA	NA	NA	NA	NA	NA	NA
4C	4C200	vegetative > vegetative > flowering	1	NA	NA	NA	NA	NA	NA	NA
4C	4C27	vegetative > dead_nf > dead_nf	0	NA	NA	NA	NA	gone	nf	NA
4C	4C28	vegetative > dead_nf > dead_nf	NA	NA	NA	NA	NA	NA	nf	NA
4C	4C29	vegetative > dead_nf > dead_nf	NA	NA	NA	NA	NA	NA	nf	NA
4C	4C30	vegetative > vegetative > dead_nf	0	NA	NA	died and nf?	NA	NA	NA	NA
4C	4C31	vegetative > dead_nf > dead_nf	0	NA	NA	NA	NA	gone	nf	NA
4C	4C32	vegetative > flowering > dead_nf	NA	NA	NA	NA	NA	NA	NA	NA
4C	4C33	vegetative > vegetative > vegetative	2	6	45	NA	NA	NA	NA	NA
4C	4C34	vegetative > vegetative > vegetative	5	9	47	NA	DL	NA	NA	NA
4C	4C35	vegetative > flowering > dead_nf	0	NA	NA	died and nf?	NA	NA	NA	NA
4C	4C36	vegetative > flowering > dead_nf	0	NA	NA	NA	NA	NA	NA	NA
4C	4C625	vegetative > vegetative > dead_nf	0	NA	NA	died and nf?	NA	NA	NA	NA
4C	4C626	vegetative > vegetative > vegetative	1	27	38	NA	NA	NA	NA	NA
4C	4C627	vegetative > vegetative > vegetative	2	13	40	NA	NA	NA	NA	NA
4C	4C628	vegetative > dead_nf > dead_nf	0	NA	NA	NA	shriveled	gone	nf	NA
4C	4C629	vegetative > vegetative > vegetative	1	10	36	NA	NA	NA	NA	NA
4C	4C630	vegetative > vegetative > vegetative	1	6	49	NA	NA	NA	NA	NA
4C	4C631	vegetative > vegetative > dead_nf	0	NA	NA	NA	NA	NA	NA	NA
4C	4C632	vegetative > vegetative > vegetative	1	8	32	flowered and lived?	NA	NA	NA	NA
4C	4C633	vegetative > vegetative > vegetative	2	21	40	NA	NA	NA	split under	NA
4C	4C634	vegetative > dead_nf > dead_nf	0	NA	NA	NA	NA	NA	nf	NA
4C	4C635	vegetative > dead_nf > dead_nf	0	NA	NA	NA	shriveled	NA	nf	NA
4C	4C636	vegetative > dead_nf > dead_nf	0	NA	NA	NA	NA	NA	nf	NA
4C	4C637	vegetative > dead_nf > dead_nf	0	NA	NA	NA	NA	NA	nf	NA
4C	4C638	vegetative > dead_nf > dead_nf	0	NA	NA	NA	NA	NA	nf	NA
4C	4C639	vegetative > vegetative > vegetative	1	19	54	NA	NA	NA	NA	NA
4C	4C640	vegetative > vegetative > vegetative	1	6	26	NA	NA	NA	NA	NA
4C	4C641	vegetative > flowering > flowering	1	NA	NA	NA	NA	NA	near 4C	outside plot
4C	4C642	vegetative > flowering > dead_nf	0	NA	NA	NA	NA	NA	near 4C	outside plot
4C	4C643	vegetative > flowering > dead_nf	0	NA	NA	NA	NA	NA	near 4C	outside plot
4C	4C644	vegetative > flowering > dead_nf	0	NA	NA	NA	NA	NA	NA	NA
4D	4D26	flowering > dead_nf > dead_nf	0	NA	NA	NA	NA	NA	nf	NA
4D	4D27	vegetative > vegetative > tagnf	NA	NA	NA	NA	NA	NA	chewed	NA
4D	4D28	vegetative > vegetative > vegetative	3	8	36	NA	NA	NA	NA	NA
4D	4D29	flowering > dead_nf > dead_nf	0	NA	NA	NA	NA	NA	nf	NA
4D	4D30	vegetative > vegetative > vegetative	2	14	42	NA	NA	NA	NA	NA
4D	4D31	flowering > dead_nf > dead_nf	0	NA	NA	NA	NA	NA	dead	NA
4D	4D32	vegetative > vegetative > vegetative	2	5	32	NA	NA	NA	NA	NA
4D	4D33	flowering > vegetative > dead_nf	0	NA	NA	died and nf?	NA	NA	NA	NA
4D	4D34	flowering > vegetative > dead_nf	0	NA	NA	NA	NA	NA	eaten	NA
4D	4D35	flowering > flowering > vegetative	1	23	46	flowered and lived?	NA	NA	NA	NA
4D	4D36	flowering > dead_nf > dead_nf	0	NA	NA	NA	NA	NA	dead	NA
4D	4D37	vegetative > vegetative > flowering	3	NA	NA	NA	NA	NA	NA	NA
4D	4D38	vegetative > vegetative > dead_nf	0	NA	NA	died and nf?	NA	NA	plant above tag	NA
4D	4D39	vegetative > tagnf > no_record	NA	NA	NA	NA	NA	NA	tag not found	NA
4D	4D40	flowering > dead_nf > dead_nf	0	NA	NA	NA	NA	NA	nf	NA
4D	4D41	vegetative > vegetative > flowering	1	NA	NA	NA	NA	fly poop covering plant at base, dried up	NA	NA
4D	4D42	vegetative > vegetative > dead_nf	0	NA	NA	died and nf?	NA	fly poop covering plant at base, dried up	upper right of tag	NA
4D	4D43	vegetative > flowering > vegetative	1	7	22	flowered and lived?	NA	NA	NA	NA
4D	4D44	flowering > vegetative > vegetative	2	10	31	NA	NA	NA	NA	NA
4D	4D45	flowering > vegetative > dead_nf	0	NA	NA	died and nf?	NA	NA	NA	NA
4D	4D46	vegetative > flowering > dead_nf	0	NA	NA	NA	NA	NA	NA	NA
4D	4D47	vegetative > vegetative > flowering	2	NA	NA	NA	NA	NA	NA	NA
4D	4D48	vegetative > dead_nf > dead_nf	0	NA	NA	NA	NA	2 other rosettes eaten	nf	NA
4D	4D49	vegetative > vegetative > flowering	1	NA	NA	NA	NA	not sure which plant to measure.	NA	NA
4D	4D50	vegetative > vegetative > dead_nf	0	NA	NA	chew death	NA	gone	eaten	NA
4D	4D51	vegetative > vegetative > dead_nf	0	NA	NA	died and nf?	NA	NA	NA	NA
4D	4D52	vegetative > vegetative > flowering	2	NA	NA	NA	NA	NA	NA	NA
4D	4D53	vegetative > flowering > dead_nf	0	NA	NA	chew death	NA	NA	eaten	NA
4D	4D54	vegetative > flowering > vegetative	1	6	11	flowered and lived?	NA	NA	NA	NA
4D	4D55	vegetative > vegetative > dead_nf	0	NA	NA	died and nf?	NA	NA	NA	NA
4D	4D56	vegetative > vegetative > dead_nf	0	NA	NA	chew death	NA	NA	1 rosette eaten	NA
4D	4D57	vegetative > vegetative > dead_nf	0	NA	NA	died and nf?	NA	NA	NA	NA
4D	4D58	vegetative > flowering > dead_nf	0	NA	NA	NA	NA	NA	NA	NA
4D	4D59	vegetative > dead_nf > dead_nf	0	NA	NA	NA	NA	dried up	dead	NA
4D	4D60	vegetative > flowering > dead_nf	0	NA	NA	NA	NA	NA	NA	NA
4D	4D61	vegetative > flowering > dead_nf	NA	NA	NA	NA	NA	NA	NA	NA
4D	4D62	vegetative > flowering > dead_nf	0	NA	NA	NA	NA	NA	NA	NA
4D	4D66	vegetative > no_record > dead_nf	0	NA	NA	check tag #	NA	NA	NA	NA
5A	5A121	vegetative > tagnf > no_record	NA	NA	NA	NA	NA	NA	tagnf	NA
5A	5A171	vegetative > vegetative > tagnf	NA	NA	NA	NA	NA	NA	ts	NA
5A	5A172	vegetative > dead_nf > dead_nf	NA	NA	NA	NA	NA	NA	nf	NA
5A	5A173	flowering > vegetative > dead_nf	0	NA	NA	NA	NA	flowering plant	6ts	NA
5A	5A174	vegetative > dead_nf > dead_nf	0	NA	NA	NA	NA	NA	nf	NA
5A	5A175	flowering > dead_nf > dead_nf	0	NA	NA	NA	NA	NA	nf	NA
5A	5A176	flowering > dead_nf > dead_nf	0	NA	NA	NA	more rosettes?	NA	nf	NA
5A	5A177	vegetative > dead_nf > dead_nf	NA	NA	NA	NA	NA	NA	nf, tag is out of plot	NA
5A	5A178	vegetative > vegetative > dead_nf	0	NA	NA	NA	NA	NA	NA	NA
5A	5A179	vegetative > flowering > dead_nf	0	NA	NA	NA	NA	NA	NA	NA
5A	5A180	flowering > vegetative > flowering	0	NA	NA	rosettes? flowering?	NA	NA	above tag	NA
5A	5A181	flowering > dead_nf > dead_nf	0	NA	NA	NA	NA	NA	nf	NA
5A	5A182	flowering > dead_nf > dead_nf	NA	NA	NA	NA	NA	NA	tagnf	NA
5A	5A183	vegetative > flowering > dead_nf	0	NA	NA	NA	missing	NA	NA	NA
5A	5A184	vegetative > dead_nf > dead_nf	0	NA	NA	tagnf last year	NA	gone	tagnf	NA
5A	5A185	vegetative > vegetative > flowering	1	NA	NA	NA	NA	plant right of tag	NA	NA
5A	5A186	vegetative > dead_nf > dead_nf	0	NA	NA	NA	NA	NA	nf	NA
5A	5A187	vegetative > dead_nf > dead_nf	0	NA	NA	NA	NA	NA	nf	NA
5A	5A188	vegetative > dead_nf > dead_nf	0	NA	NA	NA	NA	gophered	nf	NA
5A	5A189	flowering > vegetative > flowering	1	NA	NA	NA	NA	NA	below tag	NA
5A	5A190	vegetative > tagnf > no_record	NA	NA	NA	NA	NA	NA	tagnf	NA
5A	5A191	vegetative > vegetative > flowering	2	NA	NA	NA	NA	NA	plant above tag	NA
5A	5A192	vegetative > vegetative > dead_nf	0	NA	NA	NA	NA	NA	plant right of tag	NA
5A	5A193	vegetative > flowering > dead_nf	0	NA	NA	NA	NA	NA	NA	NA
5A	5A194	vegetative > vegetative > vegetative	0	NA	NA	NA	NA	NA	nf	NA
5A	5A195	vegetative > flowering > vegetative	NA	NA	NA	NA	NA	NA	NA	NA
5A	5A196	vegetative > flowering > flowering	2	NA	NA	flowered twice?	NA	NA	NA	NA
5A	5A197	vegetative > vegetative > vegetative	1	12	27	NA	NA	NA	NA	NA
5A	5A198	vegetative > vegetative > tagnf	NA	NA	NA	NA	NA	NA	NA	NA
5A	5A199	vegetative > dead_nf > dead_nf	0	NA	NA	NA	NA	NA	nf	NA
5A	5A200	vegetative > flowering > dead_nf	0	NA	NA	NA	NA	NA	plant up from tag	NA
5A	5A201	vegetative > flowering > dead_nf	0	NA	NA	NA	NA	NA	NA	NA
5A	5A202	vegetative > flowering > flowering	1	NA	NA	flowered twice?	NA	NA	NA	NA
5A	5A203	vegetative > flowering > dead_nf	0	NA	NA	NA	NA	NA	NA	NA
5B	5B1	vegetative > flowering > dead_nf	0	NA	NA	NA	NA	NA	NA	NA
5B	5B10	vegetative > vegetative > vegetative	3	12	33	NA	NA	NA	ts	NA
5B	5B11	vegetative > vegetative > dead_nf	0	NA	NA	NA	NA	1 is eaten down to munched leaf.	ts	NA
5B	5B12	vegetative > vegetative > flowering	1	NA	NA	NA	NA	NA	up from tag	NA
5B	5B13	vegetative > flowering > dead_nf	0	NA	NA	NA	NA	plant mangled	NA	NA
5B	5B14	flowering > dead_nf > dead_nf	NA	NA	NA	NA	NA	NA	nf	NA
5B	5B15	flowering > vegetative > dead_nf	0	NA	NA	NA	NA	NA	NA	NA
5B	5B16	vegetative > vegetative > flowering	1	NA	NA	NA	NA	NA	NA	NA
5B	5B17	vegetative > flowering > dead_nf	0	NA	NA	NA	NA	NA	NA	NA
5B	5B18	vegetative > vegetative > vegetative	1	19	57	NA	NA	NA	ts	NA
5B	5B19	vegetative > flowering > vegetative	1	6	19	flowered and lived?	NA	could look like 1 big rosette	NA	NA
5B	5B2	vegetative > dead_nf > dead_nf	0	NA	NA	NA	NA	NA	dead	NA
5B	5B20	vegetative > vegetative > flowering	1	NA	NA	NA	NA	NA	NA	NA
5B	5B21	vegetative > flowering > dead_nf	0	NA	NA	NA	NA	NA	NA	NA
5B	5B22	flowering > dead_nf > dead_nf	0	NA	NA	NA	NA	NA	dead	NA
5B	5B23	flowering > dead_nf > dead_nf	0	NA	NA	tagnf last year	NA	NA	tagnf	NA
5B	5B24	vegetative > tagnf > no_record	NA	NA	NA	NA	NA	NA	tagnf	NA
5B	5B25	vegetative > tagnf > no_record	NA	NA	NA	NA	NA	NA	tagnf	NA
5B	5B26	vegetative > flowering > dead_nf	NA	NA	NA	NA	NA	NA	NA	NA
5B	5B27	vegetative > flowering > dead_nf	0	NA	NA	NA	NA	NA	NA	NA
5B	5B28	vegetative > flowering > dead_nf	0	NA	NA	NA	NA	NA	NA	NA
5B	5B284	flowering > dead_nf > dead_nf	0	NA	NA	NA	NA	NA	nf	NA
5B	5B287	vegetative > vegetative > no_record	NA	NA	NA	NA	NA	1 eaten, only 3 measurable	nf	NA
5B	5B288	vegetative > vegetative > flowering	2	NA	NA	NA	closer plant to tag on right of tag	2 plants not sure which to measure	closer plant to tag on right of tag	NA
5B	5B289	vegetative > vegetative > flowering	1	NA	NA	NA	NA	NA	left of tag	NA
5B	5B29	vegetative > flowering > dead_nf	0	NA	NA	NA	NA	NA	NA	NA
5B	5B290	vegetative > flowering > dead_nf	0	NA	NA	NA	NA	NA	ts	NA
5B	5B291	vegetative > vegetative > dead_nf	0	NA	NA	NA	NA	NA	NA	NA
5B	5B292	flowering > dead_nf > dead_nf	0	NA	NA	NA	NA	flowering plant	dead	NA
5B	5B293	vegetative > vegetative > flowering	1	NA	NA	NA	NA	NA	ts, left of tag	NA
5B	5B294	flowering > dead_nf > dead_nf	0	NA	NA	NA	2 flowering stalks	NA	dead	NA
5B	5B295	vegetative > vegetative > vegetative	1	24	52	NA	NA	NA	NA	NA
5B	5B296	vegetative > vegetative > flowering	1	NA	NA	NA	NA	NA	NA	NA
5B	5B297	vegetative > vegetative > dead_nf	0	NA	NA	NA	NA	NA	ts	NA
5B	5B298	vegetative > dead_nf > dead_nf	0	NA	NA	NA	NA	NA	nf	NA
5B	5B299	vegetative > vegetative > flowering	1	NA	NA	NA	NA	NA	ts	NA
5B	5B3	vegetative > flowering > dead_nf	0	NA	NA	NA	NA	NA	NA	NA
5B	5B30	vegetative > flowering > dead_nf	0	NA	NA	check tag #	NA	NA	NA	NA
5B	5B300	vegetative > vegetative > flowering	2	NA	NA	NA	NA	NA	ts	NA
5B	5B301	vegetative > flowering > dead_nf	0	NA	NA	NA	NA	NA	NA	NA
5B	5B31	vegetative > flowering > dead_nf	0	NA	NA	NA	NA	NA	NA	NA
5B	5B32	flowering > dead_nf > dead_nf	0	NA	NA	check tag #	NA	NA	NA	NA
5B	5B4	vegetative > vegetative > flowering	1	NA	NA	NA	NA	NA	NA	NA
5B	5B5	vegetative > vegetative > flowering	2	NA	NA	NA	NA	NA	NA	NA
5B	5B6	vegetative > flowering > dead_nf	0	NA	NA	NA	NA	NA	NA	NA
5B	5B7	flowering > vegetative > vegetative	1	NA	41	count leaves	NA	NA	ts	NA
5B	5B8	flowering > dead_nf > dead_nf	0	NA	NA	NA	NA	NA	nf	NA
5B	5B9	vegetative > vegetative > vegetative	0	NA	NA	NA	NA	NA	NA	NA
5C	5C201	vegetative > flowering > dead_nf	0	NA	NA	NA	NA	NA	NA	NA
5C	5C202	vegetative > vegetative > flowering	1	NA	NA	NA	NA	NA	NA	NA
5C	5C203	vegetative > vegetative > vegetative	1	30	56	NA	NA	NA	2ts	NA
5C	5C204	vegetative > dead_nf > dead_nf	0	NA	NA	NA	NA	NA	nf	NA
5C	5C205	flowering > dead_nf > dead_nf	NA	NA	NA	NA	NA	NA	dead	NA
5C	5C206	flowering > dead_nf > dead_nf	0	NA	NA	NA	needs counting and length	NA	dead	NA
5C	5C207	vegetative > vegetative > flowering	1	NA	NA	NA	NA	NA	NA	NA
5C	5C208	vegetative > vegetative > flowering	1	NA	NA	NA	NA	NA	NA	NA
5C	5C209	vegetative > flowering > dead_nf	0	NA	NA	NA	NA	NA	NA	NA
5C	5C210	vegetative > vegetative > vegetative	1	20	38	NA	NA	NA	NA	NA
5C	5C211	vegetative > vegetative > flowering	1	NA	NA	NA	NA	NA	below tag	NA
5C	5C212	flowering > vegetative > vegetative	1	17	41	NA	NA	NA	NA	NA
5C	5C213	flowering > dead_nf > dead_nf	NA	NA	NA	NA	NA	flowering plant	nf	NA
5C	5C214	vegetative > flowering > dead_nf	0	NA	NA	NA	NA	NA	NA	NA
5C	5C215	flowering > dead_nf > dead_nf	0	NA	NA	NA	NA	NA	dead	NA
5C	5C216	flowering > dead_nf > dead_nf	0	NA	NA	NA	NA	NA	nf	NA
5C	5C217	vegetative > flowering > flowering	2	NA	NA	flowered twice?	NA	dried up	right of tag	NA
5C	5C218	vegetative > vegetative > dead_nf	0	NA	NA	died and nf?	NA	NA	above tag	NA
5C	5C219	vegetative > vegetative > dead_nf	0	NA	NA	died and nf?	NA	NA	NA	NA
5C	5C220	flowering > dead_nf > dead_nf	0	NA	NA	NA	NA	NA	dead	NA
5C	5C221	flowering > vegetative > flowering	3	NA	NA	NA	NA	NA	NA	NA
5C	5C222	flowering > dead_nf > dead_nf	0	NA	NA	NA	NA	flowering plant	nf	NA
5C	5C223	vegetative > vegetative > vegetative	1	17	43	refound?	NA	NA	nf	NA
5C	5C224	vegetative > vegetative > flowering	1	NA	NA	NA	NA	NA	NA	NA
5C	5C225	vegetative > vegetative > flowering	1	NA	NA	refound?	NA	NA	nf	NA
5C	5C226	vegetative > vegetative > vegetative	2	8	26	NA	NA	NA	NA	NA
5C	5C227	vegetative > vegetative > vegetative	1	22	24	NA	NA	NA	ts	NA
5C	5C228	vegetative > flowering > dead_nf	0	NA	NA	NA	NA	NA	NA	NA
5C	5C229	vegetative > flowering > dead_nf	0	NA	NA	NA	NA	NA	right of tag	NA
5C	5C683	vegetative > vegetative > flowering	1	NA	NA	NA	NA	NA	NA	tagged in 2020
5D	5D228	flowering > flowering > dead_nf	0	NA	NA	NA	NA	NA	NA	NA
5D	5D229	vegetative > tagnf > no_record	NA	NA	NA	NA	NA	NA	tagnf	NA
5D	5D230	vegetative > flowering > flowering	1	NA	NA	flowered twice?	NA	NA	NA	NA
5D	5D231	flowering > dead_nf > dead_nf	NA	NA	NA	NA	NA	NA	dead	NA
5D	5D232	flowering > dead_nf > dead_nf	0	NA	NA	NA	NA	flowering plant	dead	NA
5D	5D233	vegetative > vegetative > dead_nf	0	NA	NA	NA	NA	NA	NA	NA
5D	5D234	vegetative > flowering > dead_nf	0	NA	NA	NA	NA	NA	NA	NA
5D	5D235	vegetative > vegetative > vegetative	1	18	41	NA	NA	closest plant to tag, UL	NA	NA
5D	5D236	dead_nf > dead_nf > dead_nf	NA	NA	NA	NA	NA	NA	nf	NA
5D	5D237	vegetative > dead_nf > dead_nf	0	NA	NA	NA	NA	NA	dead	NA
5D	5D238	vegetative > vegetative > dead_nf	0	NA	NA	died and nf?	NA	NA	NA	NA
5D	5D239	vegetative > flowering > dead_nf	0	NA	NA	NA	NA	NA	NA	NA
5D	5D240	vegetative > flowering > dead_nf	0	NA	NA	NA	NA	NA	NA	NA
5D	5D241	vegetative > flowering > dead_nf	0	NA	NA	NA	NA	NA	NA	NA
5D	5D242	vegetative > vegetative > flowering	1	NA	NA	NA	NA	NA	NA	NA
5D	5D243	vegetative > flowering > dead_nf	0	NA	NA	NA	NA	NA	NA	NA
5D	5D244	vegetative > vegetative > vegetative	1	12	39	NA	NA	NA	above id	NA
5D	5D245	flowering > dead_nf > dead_nf	0	NA	NA	NA	NA	NA	nf	NA
5D	5D246	vegetative > flowering > dead_nf	0	NA	NA	NA	NA	NA	NA	NA
5D	5D247	vegetative > vegetative > flowering	1	NA	NA	tagnf last year	NA	NA	tagnf	NA
5D	5D248	vegetative > dead_nf > dead_nf	0	NA	NA	NA	NA	NA	dead	NA
5D	5D249	vegetative > flowering > dead_nf	0	NA	NA	died and nf?	NA	NA	NA	NA
5D	5D250	vegetative > vegetative > flowering	1	NA	NA	NA	NA	NA	NA	NA
5D	5D251	dead_nf > dead_nf > dead_nf	NA	NA	NA	NA	NA	NA	nf	NA
5D	5D252	vegetative > vegetative > flowering	1	NA	NA	NA	NA	NA	NA	NA
5D	5D253	vegetative > flowering > dead_nf	0	NA	NA	died and nf?	NA	NA	NA	NA
5D	5D254	dead_nf > dead_nf > dead_nf	NA	NA	NA	NA	NA	NA	nf	NA
5D	5D256	vegetative > flowering > dead_nf	0	NA	NA	NA	NA	NA	NA	NA
5D	5D257	vegetative > flowering > dead_nf	0	NA	NA	NA	NA	NA	NA	NA
5D	5D258	flowering > dead_nf > dead_nf	0	NA	NA	NA	needs length	NA	dead	NA
5D	5D259	vegetative > vegetative > dead_nf	0	NA	NA	NA	NA	NA	NA	NA
5D	5D260	flowering > dead_nf > dead_nf	0	NA	NA	NA	NA	gone	dead	NA
5D	5D261	vegetative > flowering > dead_nf	0	NA	NA	NA	NA	NA	NA	NA
5D	5D262	vegetative > flowering > dead_nf	0	NA	NA	NA	NA	NA	NA	NA
5D	5D263	vegetative > dead_nf > dead_nf	0	NA	NA	NA	NA	NA	dead	NA
5D	5D264	vegetative > flowering > dead_nf	0	NA	NA	NA	NA	NA	NA	NA
5D	5D265	vegetative > dead_nf > dead_nf	0	NA	NA	NA	NA	NA	dead	NA
5D	5D266	vegetative > flowering > dead_nf	0	NA	NA	NA	NA	NA	NA	NA
5D	5D267	dead_nf > dead_nf > dead_nf	0	NA	NA	NA	NA	NA	nf	NA
5D	5D268	vegetative > vegetative > flowering	1	NA	NA	NA	NA	NA	NA	NA
5D	5D269	vegetative > dead_nf > dead_nf	NA	NA	NA	NA	NA	NA	dead	NA
5D	5D270	dead_nf > dead_nf > dead_nf	NA	NA	NA	NA	NA	NA	nf	NA
5D	5D271	vegetative > vegetative > vegetative	2	19	50	NA	NA	NA	below tag	NA
5D	5D272	vegetative > flowering > dead_nf	0	NA	NA	NA	NA	NA	NA	NA
5D	5D273	vegetative > vegetative > flowering	1	NA	NA	NA	NA	NA	NA	NA
5D	5D274	vegetative > vegetative > flowering	2	NA	NA	NA	NA	NA	NA	NA
5D	5D275	vegetative > vegetative > flowering	1	NA	NA	NA	NA	NA	NA	NA
5D	5D276	vegetative > dead_nf > dead_nf	0	NA	NA	NA	NA	NA	dead	NA
5D	5D277	vegetative > dead_nf > dead_nf	NA	NA	NA	NA	NA	NA	nf	NA
5D	5D278	vegetative > vegetative > flowering	1	NA	NA	refound?	NA	NA	nf	NA
5D	5D280	vegetative > dead_nf > dead_nf	0	NA	NA	NA	NA	NA	nf	NA
5D	5D281	vegetative > vegetative > vegetative	2	8	51	NA	NA	NA	NA	NA
5D	5D282	vegetative > flowering > dead_nf	0	NA	NA	NA	NA	NA	NA	NA
5D	5D283	flowering > dead_nf > dead_nf	0	NA	NA	NA	NA	NA	nf	NA
5D	5D284	dead_nf > dead_nf > dead_nf	NA	NA	NA	NA	NA	NA	nf	NA
5D	5D285	vegetative > vegetative > vegetative	2	24	49	NA	NA	NA	ts	NA
5D	5D286	vegetative > flowering > dead_nf	0	NA	NA	NA	NA	NA	NA	NA
5D	5D287	vegetative > flowering > dead_nf	0	NA	NA	NA	NA	NA	NA	NA
5D	5D288	vegetative > flowering > dead_nf	NA	NA	NA	NA	NA	NA	NA	NA
5D	5D289	vegetative > flowering > dead_nf	0	NA	NA	NA	NA	NA	NA	NA
5D	5D290	vegetative > flowering > dead_nf	0	NA	NA	NA	NA	NA	NA	NA
5D	5D291	vegetative > flowering > dead_nf	0	NA	NA	NA	NA	NA	NA	NA
6A	6A123	vegetative > flowering > dead_nf	0	NA	NA	NA	NA	NA	NA	NA
6A	6A124	vegetative > flowering > vegetative	1	16	35	flowered and lived?	NA	NA	NA	NA
6A	6A125	flowering > dead_nf > dead_nf	0	NA	NA	NA	NA	NA	nf	NA
6A	6A126	vegetative > vegetative > vegetative	1	25	25	NA	NA	NA	NA	NA
6A	6A127	vegetative > vegetative > vegetative	1	4	5	NA	NA	kaput	1 ts	NA
6A	6A128	vegetative > vegetative > vegetative	1	35	46	NA	NA	NA	NA	resprouting
6A	6A129	vegetative > vegetative > vegetative	1	16	34	NA	NA	NA	NA	NA
6A	6A130	vegetative > vegetative > dead_nf	0	NA	NA	NA	NA	NA	NA	NA
6A	6A131	vegetative > vegetative > dead_nf	0	NA	NA	NA	check for 2 rosettes	NA	NA	NA
6A	6A132	vegetative > vegetative > dead_nf	0	NA	NA	NA	NA	NA	NA	NA
6A	6A133	flowering > dead_nf > dead_nf	0	NA	NA	NA	NA	NA	dead	NA
6A	6A134	vegetative > vegetative > vegetative	1	18	56	NA	NA	NA	NA	far from tag
6A	6A135	flowering > dead_nf > dead_nf	0	NA	NA	NA	NA	NA	dead	NA
6A	6A136	vegetative > vegetative > flowering	2	NA	NA	NA	NA	NA	NA	NA
6A	6A137	vegetative > dead_nf > dead_nf	0	NA	NA	NA	NA	NA	dead	NA
6A	6A138	vegetative > vegetative > flowering	1	NA	NA	NA	count leaves	NA	NA	NA
6A	6A139	vegetative > vegetative > vegetative	1	20	23	NA	NA	NA	NA	left of tag
6A	6A140	vegetative > flowering > dead_nf	0	NA	NA	NA	NA	NA	NA	NA
6A	6A141	vegetative > vegetative > vegetative	1	19	61	NA	NA	NA	NA	NA
6A	6A142	vegetative > vegetative > dead_nf	0	NA	NA	NA	NA	NA	NA	NA
6A	6A143	flowering > dead_nf > dead_nf	0	NA	NA	NA	NA	NA	nf	NA
6A	6A144	vegetative > tagnf > no_record	NA	NA	NA	NA	NA	NA	tagnf	NA
6A	6A145	vegetative > vegetative > flowering	1	NA	NA	NA	NA	NA	NA	NA
6A	6A146	vegetative > dead_nf > dead_nf	0	NA	NA	NA	NA	NA	nf	NA
6A	6A147	vegetative > dead_nf > dead_nf	0	NA	NA	NA	NA	NA	dead	NA
6A	6A148	vegetative > vegetative > vegetative	1	12	40	NA	NA	NA	NA	NA
6A	6A149	vegetative > vegetative > dead_nf	0	NA	NA	NA	NA	NA	NA	NA
6A	6A150	vegetative > vegetative > vegetative	1	23	41	NA	NA	NA	plant right of tag	NA
6A	6A151	flowering > dead_nf > dead_nf	0	NA	NA	NA	check for 2 rosettes	NA	dead	NA
6A	6A152	vegetative > dead_nf > dead_nf	0	NA	NA	NA	NA	NA	dead	NA
6A	6A153	vegetative > vegetative > dead_nf	0	NA	NA	NA	NA	NA	3 dead	NA
6A	6A154	vegetative > vegetative > vegetative	1	17	57	NA	NA	NA	NA	NA
6A	6A155	vegetative > vegetative > vegetative	1	18	24	NA	NA	NA	left of tag	3 plants - one on left of tag
6A	6A156	vegetative > flowering > dead_nf	0	NA	NA	NA	NA	NA	NA	NA
6A	6A157	vegetative > vegetative > dead_nf	0	NA	NA	NA	count leaves	NA	1 ts	NA
6A	6A158	vegetative > vegetative > dead_nf	0	NA	NA	NA	NA	kaput	ts	NA
6A	6A159	vegetative > vegetative > vegetative	2	10	25	NA	NA	NA	NA	NA
6A	6A160	flowering > dead_nf > dead_nf	0	NA	NA	NA	NA	NA	nf	NA
6A	6A161	vegetative > dead_nf > dead_nf	0	NA	NA	NA	NA	NA	nf	NA
6A	6A162	vegetative > vegetative > vegetative	1	11	42	NA	NA	NA	NA	NA
6A	6A163	vegetative > vegetative > vegetative	1	10	38	NA	NA	NA	NA	NA
6A	6A164	vegetative > vegetative > vegetative	3	21	59	NA	NA	NA	1 ts	NA
6A	6A165	vegetative > vegetative > flowering	1	NA	NA	NA	NA	NA	NA	NA
6A	6A166	flowering > dead_nf > dead_nf	0	NA	NA	NA	NA	NA	nf	NA
6A	6A167	flowering > dead_nf > dead_nf	0	NA	NA	NA	NA	NA	dead	NA
6A	6A168	vegetative > vegetative > vegetative	2	12	36	NA	NA	NA	2 ts	NA
6A	6A169	vegetative > vegetative > flowering	1	NA	NA	NA	NA	NA	NA	above tag
6A	6A170	vegetative > dead_nf > dead_nf	0	NA	NA	NA	NA	kaput	nf	NA
6A	6A171	vegetative > flowering > dead_nf	0	NA	NA	check tag #	NA	NA	NA	square tag
6A	6A685	vegetative > vegetative > flowering	2	NA	NA	NA	NA	NA	NA	tagged in 2020
6B	6B1	flowering > dead_nf > dead_nf	0	NA	NA	NA	NA	NA	nf	NA
6B	6B10	vegetative > flowering > vegetative	2	NA	NA	flowered twice?	NA	NA	NA	NA
6B	6B11	vegetative > dead_nf > dead_nf	0	NA	NA	NA	NA	NA	dead	NA
6B	6B12	vegetative > vegetative > vegetative	NA	NA	NA	rosettes?	NA	NA	NA	NA
6B	6B120	vegetative > vegetative > flowering	1	NA	NA	NA	NA	NA	NA	tagged in 2020
6B	6B13	vegetative > flowering > dead_nf	0	NA	NA	NA	NA	NA	NA	NA
6B	6B14	vegetative > vegetative > flowering	1	NA	NA	NA	NA	NA	NA	1 inflo chewed
6B	6B15	vegetative > vegetative > vegetative	2	9	37	NA	NA	NA	NA	NA
6B	6B16	vegetative > dead_nf > dead_nf	0	NA	NA	NA	NA	NA	dead	NA
6B	6B17	vegetative > dead_nf > dead_nf	NA	NA	NA	NA	NA	NA	dead	NA
6B	6B18	vegetative > vegetative > dead_nf	0	NA	NA	NA	NA	NA	NA	NA
6B	6B19	vegetative > vegetative > tagnf	NA	NA	NA	NA	NA	NA	NA	NA
6B	6B2	vegetative > flowering > dead_nf	0	NA	NA	NA	NA	NA	NA	NA
6B	6B20	flowering > dead_nf > dead_nf	0	NA	NA	NA	NA	NA	tagnf	NA
6B	6B21	vegetative > vegetative > flowering	1	27	55	NA	NA	NA	NA	might flower
6B	6B22	vegetative > vegetative > vegetative	1	18	50	NA	NA	NA	NA	NA
6B	6B23	vegetative > flowering > dead_nf	0	NA	NA	NA	NA	NA	NA	NA
6B	6B24	vegetative > vegetative > dead_nf	0	NA	NA	NA	NA	NA	NA	NA
6B	6B243	vegetative > vegetative > flowering	2	NA	NA	NA	NA	NA	NA	tagged in 2020
6B	6B25	flowering > dead_nf > dead_nf	0	NA	NA	NA	NA	NA	dead	NA
6B	6B26	flowering > dead_nf > dead_nf	0	NA	NA	NA	NA	NA	dead	NA
6B	6B266	vegetative > vegetative > flowering	1	NA	NA	NA	NA	NA	NA	tagged in 2020
6B	6B27	flowering > dead_nf > dead_nf	0	NA	NA	NA	NA	NA	dead	NA
6B	6B28	flowering > dead_nf > dead_nf	0	NA	NA	NA	NA	NA	dead	NA
6B	6B29	vegetative > flowering > dead_nf	0	NA	NA	NA	NA	NA	NA	NA
6B	6B3	vegetative > flowering > dead_nf	0	NA	NA	NA	NA	NA	NA	NA
6B	6B30	vegetative > dead_nf > dead_nf	0	NA	NA	NA	check for 2 rosettes	kaput	nf	NA
6B	6B31	vegetative > flowering > dead_nf	0	NA	NA	NA	check measurements on 2nd rosette	NA	NA	NA
6B	6B32	flowering > dead_nf > dead_nf	NA	NA	NA	NA	NA	NA	dead	NA
6B	6B33	vegetative > dead_nf > dead_nf	0	NA	NA	NA	NA	kaput	dead	NA
6B	6B34	flowering > dead_nf > dead_nf	0	NA	NA	NA	NA	NA	dead	NA
6B	6B35	vegetative > flowering > dead_nf	0	NA	NA	NA	NA	NA	NA	NA
6B	6B36	vegetative > flowering > flowering	0	NA	NA	NA	NA	NA	NA	NA
6B	6B37	vegetative > flowering > dead_nf	0	NA	NA	NA	NA	NA	NA	square tag
6B	6B4	vegetative > dead_nf > dead_nf	0	NA	NA	NA	NA	kaput	dead	NA
6B	6B5	vegetative > flowering > dead_nf	0	NA	NA	NA	NA	NA	NA	NA
6B	6B6	flowering > dead_nf > dead_nf	0	NA	NA	NA	NA	NA	dead	NA
6B	6B7	vegetative > flowering > dead_nf	0	NA	NA	NA	NA	NA	NA	NA
6B	6B8	vegetative > vegetative > flowering	1	NA	NA	NA	NA	NA	NA	NA
6B	6B9	vegetative > vegetative > vegetative	2	11	71	NA	NA	NA	NA	NA
6C	6C100	vegetative > vegetative > vegetative	2	9	35	NA	NA	NA	NA	NA
6C	6C101	vegetative > dead_nf > dead_nf	0	NA	NA	NA	NA	NA	nf	NA
6C	6C102	flowering > dead_nf > dead_nf	0	NA	NA	NA	flowering stalk eaten	flowering plant	nf	NA
6C	6C103	flowering > dead_nf > dead_nf	NA	NA	NA	NA	NA	NA	nf	NA
6C	6C104	vegetative > vegetative > dead_nf	0	NA	NA	died and nf?	NA	NA	NA	NA
6C	6C105	vegetative > dead_nf > dead_nf	0	NA	NA	NA	NA	NA	nf	NA
6C	6C106	flowering > dead_nf > dead_nf	0	NA	NA	NA	NA	NA	nf	NA
6C	6C107	vegetative > flowering > dead_nf	0	NA	NA	NA	NA	NA	NA	NA
6C	6C108	vegetative > flowering > dead_nf	0	NA	NA	NA	NA	NA	NA	NA
6C	6C109	flowering > dead_nf > dead_nf	0	NA	NA	NA	NA	NA	nf	NA
6C	6C110	vegetative > dead_nf > dead_nf	NA	NA	NA	NA	NA	NA	nf	NA
6C	6C111	vegetative > vegetative > flowering	1	NA	NA	NA	NA	NA	5 ts	1 stalk chewed
6C	6C112	vegetative > dead_nf > dead_nf	0	NA	NA	NA	could be 2 rosettes-check	NA	dead	NA
6C	6C113	vegetative > vegetative > flowering	1	NA	NA	NA	NA	NA	2 ts	NA
6C	6C114	vegetative > vegetative > dead_nf	0	NA	NA	NA	NA	NA	1 inch above	NA
6C	6C115	vegetative > vegetative > dead_nf	0	NA	NA	NA	NA	NA	1 ts	NA
6C	6C116	vegetative > vegetative > flowering	1	NA	NA	NA	NA	NA	4 ts	NA
6C	6C117	vegetative > vegetative > vegetative	1	9	27	NA	NA	NA	ts	NA
6C	6C118	flowering > dead_nf > dead_nf	0	NA	NA	NA	NA	NA	nf	NA
6C	6C119	vegetative > dead_nf > dead_nf	0	NA	NA	NA	NA	kaput	nf	NA
6C	6C120	vegetative > dead_nf > dead_nf	0	NA	NA	NA	NA	NA	nf	NA
6C	6C121	vegetative > vegetative > flowering	1	NA	NA	NA	NA	NA	below 2 inches	NA
6C	6C122	vegetative > flowering > vegetative	1	17	30	survived flowering?	NA	NA	NA	NA
6C	6C123	vegetative > flowering > dead_nf	0	NA	NA	NA	NA	NA	NA	NA
6C	6C271	flowering > dead_nf > dead_nf	0	NA	NA	check tag #	NA	NA	NA	NA
6C	6C78	flowering > dead_nf > dead_nf	0	NA	NA	NA	NA	NA	nf	NA
6C	6C79	vegetative > vegetative > vegetative	2	11	42	NA	NA	NA	NA	NA
6C	6C80	vegetative > flowering > vegetative	2	10	41	NA	NA	NA	1 ts, just left of tag	NA
6C	6C81	vegetative > vegetative > vegetative	0	NA	NA	NA	NA	NA	NA	NA
6C	6C82	flowering > dead_nf > dead_nf	NA	NA	NA	NA	2 flowering stalks	NA	nf	NA
6C	6C83	vegetative > flowering > dead_nf	0	NA	NA	NA	could have 3 rosettes, plant is DR from tag	NA	2 ts	NA
6C	6C84	vegetative > vegetative > dead_nf	0	NA	NA	NA	plant is UR from tag	NA	plant is UR from tag	NA
6C	6C85	vegetative > vegetative > dead_nf	0	NA	NA	died and nf?	plant is DR from tag	NA	plant is DR from tag	NA
6C	6C86	vegetative > vegetative > flowering	1	NA	NA	NA	NA	NA	NA	NA
6C	6C87	flowering > dead_nf > dead_nf	0	NA	NA	NA	3-4 flowering stalks	NA	dead	NA
6C	6C88	dead_nf > dead_nf > dead_nf	0	NA	NA	NA	eaten-no plant	NA	nf	NA
6C	6C89	flowering > vegetative > dead_nf	0	NA	NA	NA	could be 2 rosettes-check	NA	1 ts	NA
6C	6C90	vegetative > vegetative > dead_nf	0	NA	NA	died and nf?	plant is R from tag	NA	plant is R from tag	NA
6C	6C91	vegetative > vegetative > vegetative	1	13	43	NA	plant is DR from tag	NA	plant is DR from tag	NA
6C	6C92	vegetative > vegetative > vegetative	2	3	44	NA	NA	NA	NA	NA
6C	6C93	vegetative > vegetative > flowering	1	NA	NA	NA	NA	NA	NA	NA
6C	6C94	vegetative > vegetative > dead_nf	0	NA	NA	died and nf?	plant measured is closest to tag on L	NA	R of tag	NA
6C	6C95	vegetative > vegetative > vegetative	1	14	57	NA	plant L of tag	NA	plant L of tag	NA
6C	6C96	vegetative > flowering > flowering	1	12	37	NA	NA	NA	NA	NA
6C	6C97	vegetative > vegetative > flowering	1	NA	NA	refound?	NA	NA	nf	NA
6C	6C98	vegetative > vegetative > vegetative	1	12	31	NA	NA	NA	NA	NA
6C	6C99	vegetative > vegetative > flowering	1	NA	NA	NA	NA	NA	ts	NA
6D	6D36	vegetative > dead_nf > dead_nf	0	NA	NA	NA	NA	NA	nf	NA
6D	6D37	vegetative > dead_nf > dead_nf	0	NA	NA	NA	NA	kaput	nf	NA
6D	6D38	flowering > dead_nf > dead_nf	0	NA	NA	NA	NA	flowering plant	nf	NA
6D	6D39	vegetative > flowering > dead_nf	0	NA	NA	NA	NA	NA	NA	NA
6D	6D40	vegetative > flowering > dead_nf	0	NA	NA	NA	NA	NA	NA	NA
6D	6D41	vegetative > vegetative > flowering	1	NA	NA	NA	NA	NA	NA	NA
6D	6D42	flowering > dead_nf > dead_nf	0	NA	NA	NA	NA	NA	nf	NA
6D	6D43	flowering > dead_nf > dead_nf	NA	NA	NA	NA	NA	flowering plant	dead	NA
6D	6D44	flowering > dead_nf > dead_nf	0	NA	NA	NA	NA	NA	dead	NA
6D	6D45	flowering > vegetative > flowering	1	NA	NA	NA	NA	NA	upper right of tag	NA
6D	6D46	vegetative > vegetative > flowering	1	NA	NA	refound?	NA	NA	nf	3 stalks chewed
6D	6D47	flowering > dead_nf > dead_nf	0	NA	NA	NA	NA	NA	nf	NA
6D	6D48	vegetative > vegetative > flowering	1	NA	NA	NA	NA	NA	upper left of tag	NA
6D	6D49	vegetative > dead_nf > dead_nf	0	NA	NA	NA	NA	NA	dead	NA
6D	6D50	vegetative > flowering > dead_nf	0	NA	NA	NA	NA	NA	NA	NA
6D	6D51	flowering > dead_nf > dead_nf	0	NA	NA	NA	NA	flowering plant	dead	NA
6D	6D52	vegetative > vegetative > flowering	1	NA	NA	NA	NA	NA	NA	NA
6D	6D53	vegetative > dead_nf > dead_nf	0	NA	NA	NA	NA	NA	nf	NA
6D	6D54	flowering > dead_nf > dead_nf	0	NA	NA	NA	NA	NA	dead	NA
6D	6D55	flowering > dead_nf > dead_nf	0	NA	NA	NA	NA	flowering plant	nf	NA
6D	6D56	vegetative > vegetative > flowering	1	NA	NA	NA	NA	NA	NA	NA
6D	6D57	vegetative > vegetative > vegetative	1	21	49	NA	NA	NA	plant directly above tag	NA
6D	6D58	vegetative > vegetative > vegetative	1	18	24	NA	NA	NA	NA	NA
6D	6D59	vegetative > vegetative > flowering	1	NA	NA	NA	NA	NA	NA	NA
6D	6D60	vegetative > dead_nf > dead_nf	0	NA	NA	NA	NA	NA	nf	NA
6D	6D61	vegetative > tagnf > no_record	NA	NA	NA	NA	NA	NA	tagnf	NA
6D	6D62	vegetative > vegetative > dead_nf	0	NA	NA	NA	NA	NA	tag is 1 inch down and to right of plant	NA
6D	6D63	vegetative > dead_nf > dead_nf	0	NA	NA	NA	NA	NA	nf	NA
6D	6D64	vegetative > vegetative > flowering	NA	NA	NA	NA	NA	NA	tagnf	NA
6D	6D65	vegetative > vegetative > vegetative	1	11	42	NA	NA	NA	right of tag, ts	NA
6D	6D66	flowering > dead_nf > dead_nf	NA	NA	NA	NA	NA	NA	tagnf	NA
6D	6D67	vegetative > dead_nf > dead_nf	0	NA	NA	NA	NA	NA	nf	NA
6D	6D68	vegetative > vegetative > flowering	2	NA	NA	NA	NA	NA	NA	NA
6D	6D69	vegetative > flowering > dead_nf	0	NA	NA	NA	NA	NA	NA	NA
6D	6D70	vegetative > flowering > dead_nf	0	NA	NA	NA	NA	NA	NA	NA
6D	6D71	vegetative > vegetative > flowering	2	NA	NA	NA	NA	NA	NA	NA
6D	6D72	vegetative > dead_nf > dead_nf	0	NA	NA	NA	NA	NA	nf	NA
6D	6D73	vegetative > vegetative > vegetative	2	15	49	NA	NA	NA	NA	NA
6D	6D74	vegetative > vegetative > vegetative	0	NA	NA	NA	NA	NA	NA	NA
6D	6D75	vegetative > vegetative > dead_nf	0	NA	NA	NA	NA	NA	NA	NA
6D	6D76	vegetative > vegetative > dead_nf	0	NA	NA	NA	NA	NA	NA	NA
6D	6D77	vegetative > dead_nf > dead_nf	0	NA	NA	NA	NA	NA	dead	NA
6D	6D79	vegetative > flowering > dead_nf	0	NA	NA	NA	NA	NA	barely out side plot	NA
6D	6D80	vegetative > flowering > dead_nf	NA	NA	NA	NA	NA	NA	NA	NA
6D	6D81	vegetative > flowering > vegetative	NA	NA	NA	NA	NA	NA	NA	NA
2D	2D223_19	NA	NA	NA	NA	NA	NA	NA	NA	NA
2D	2D224_19	NA	NA	NA	NA	NA	NA	NA	NA	NA
3A	3A174_19	NA	NA	NA	NA	NA	NA	NA	NA	NA
3A	3A647_19	NA	NA	NA	NA	NA	NA	NA	up L	NA
1B	1B199_20	NA	1	19	60	check tag #	NA	NA	NA	NA
1B	1B99	NA	0	NA	NA	check tag #	NA	NA	NA	NA
1C	1C59_20	NA	0	NA	NA	NA	NA	NA	NA	NA
1D	1D13_20	NA	1	18	45	refound?	NA	NA	NA	NA
1D	1D2_20	NA	1	37	31	refound?	NA	NA	NA	NA
1D	1D39_20	NA	1	26	32	refound?	NA	NA	NA	NA
1D	1D5_20	NA	NA	NA	NA	flowered twice?	NA	NA	NA	duplicate tag
2A	2A689_20	NA	0	NA	NA	check tag #	NA	NA	NA	NA
2B	2B136_20	NA	1	16	28	refound?	NA	NA	NA	NA
2B	2B171_20	NA	1	15	25	check tag #	NA	NA	NA	NA
2B	2B195_20	NA	NA	NA	NA	resurrected?	NA	NA	NA	NA
2B	2B196_20	NA	1	8	24	resurrected?	NA	NA	NA	NA
2C	2C256_20	NA	0	NA	NA	check tag #	NA	NA	NA	NA
2C	2C275_20	NA	1	16	28	resurrected?	NA	NA	NA	NA
2C	2C284_20	NA	1	20	49	refound?	NA	NA	NA	NA
2C	2C291_20	NA	1	8	29	resurrected?	NA	NA	NA	NA
2C	2C294_20	NA	1	19	34	resurrected?	NA	NA	NA	NA
2C	2C297_20	NA	NA	NA	NA	resurrected?	NA	NA	NA	(+)1 veg. rosette far from tag (left)
2D	2D192_20	NA	1	17	50	resurrected?	NA	NA	NA	NA
2D	2D196_20	NA	3	10	48	refound?	NA	NA	NA	NA
2D	2D197_20	NA	2	25	76	refound?	NA	NA	NA	NA
2D	2D216_20	NA	1	27	35	resurrected?	NA	NA	NA	NA
2D	2D223	NA	NA	NA	NA	NA	NA	NA	NA	NA
2D	2D224	NA	NA	NA	NA	NA	NA	NA	NA	NA
3A	3A126_20	NA	1	12	42	resurrected?	NA	NA	NA	NA
3A	3A174	NA	NA	NA	NA	NA	NA	NA	NA	NA
3A	3A634_20	NA	2	23	42	resurrected?	NA	NA	NA	NA
3A	3A645_20	NA	1	23	53	resurrected?	NA	NA	NA	NA
3C	3C120_20	NA	0	NA	NA	check tag #	NA	NA	NA	NA
3C	3C136_20	NA	1	10	21	resurrected?	NA	NA	NA	NA
3C	3C147_20	NA	1	NA	NA	count leaves. resurrected?	NA	NA	NA	NA
3C	3C98	NA	0	NA	NA	check tag #	NA	NA	NA	NA
3D	3D856_20	NA	1	6	5	resurrected?	NA	NA	NA	NA
3D	3D858_20	NA	1	19	51	refound?	NA	NA	NA	NA
4A	4A104_20	NA	1	16	40	resurrected?	NA	NA	NA	NA
4A	4A74_20	NA	2	15	40	refound?	NA	NA	NA	NA
4A	4A96_20	NA	2	13	19	refound?	NA	NA	NA	NA
4B	4B165_20	NA	1	6	20	refound?	NA	NA	NA	NA
4B	4B168_20	NA	3	3	20	flowered and lived?	NA	NA	NA	NA
4B	4B170_20	NA	1	11	44	refound?	NA	NA	NA	NA
4B	4B171_20	NA	3	11	32	refound?	NA	NA	NA	NA
4B	4B179_20	NA	1	6	12	refound?	NA	NA	NA	NA
4B	4B201_20	NA	1	23	42	refound?	NA	NA	NA	NA
4B	4B203_20	NA	1	9	11	refound?	NA	NA	NA	NA
4B	4B204_20	NA	2	9	26	refound?	NA	NA	NA	NA
4C	4C28_20	NA	2	17	57	refound?	NA	NA	NA	NA
5B	5B88_20	NA	3	NA	NA	check tag #	NA	NA	NA	NA
5C	5C231_20	NA	NA	NA	NA	NA	NA	NA	NA	NA
5D	5D251_20	NA	2	19	25	refound?	NA	NA	NA	NA
5D	5D254_20	NA	1	16	24	refound?	NA	NA	NA	NA
5D	5D269_20	NA	1	NA	NA	NA	NA	NA	NA	NA
5D	5D270_20	NA	1	21	34	refound?	NA	NA	NA	NA
5D	5D277_20	NA	2	16	37	refound?	NA	NA	NA	NA
5D	5D288_20	NA	0	NA	NA	NA	NA	NA	NA	NA
6B	6B17_20	NA	1	9	35	resurrected?	NA	NA	NA	NA
6C	6C110_20	NA	2	12	34	refound?	NA	NA	NA	NA
6C	6C447_20	NA	0	NA	NA	check tag #	NA	NA	NA	out side of tag
6C	6C82_20	NA	1	16	51	refound?	NA	NA	NA	NA
6D	6D18_20	NA	1	9	33	check tag #	NA	NA	NA	NA
6D	6D86_20	NA	0	NA	NA	check tag #	NA	NA	NA	NA
