source	first_snow	first_100_cm	first_50_cm	first_0_cm	first_snow_day	first_100_cm_day	first_50_cm_day	first_0_cm_day	year	precip_est_mm
billy	NA	NA	NA	1975-06-06T00:00:00Z	NA	NA	NA	157	1975	88.16106726912096
billy	1975-11-07T00:00:00Z	1976-04-26T00:00:00Z	1976-05-09T00:00:00Z	1976-05-15T00:00:00Z	311	117	130	136	1976	75.81657383673027
billy	1976-11-13T00:00:00Z	NA	1977-04-08T00:00:00Z	1977-04-26T00:00:00Z	318	NA	98	116	1977	95.8399253884821
billy	1977-11-18T00:00:00Z	1978-05-16T00:00:00Z	1978-05-25T00:00:00Z	1978-06-04T00:00:00Z	322	136	145	155	1978	32.56224645551877
billy	1978-11-11T00:00:00Z	1979-05-17T00:00:00Z	1979-05-24T00:00:00Z	1979-06-01T00:00:00Z	315	137	144	152	1979	45.975947980478736
billy	1979-11-07T00:00:00Z	1980-05-23T00:00:00Z	1980-05-30T00:00:00Z	1980-06-07T00:00:00Z	311	144	151	159	1980	26.924603785608056
billy	1980-10-15T00:00:00Z	1981-04-05T00:00:00Z	1981-04-19T00:00:00Z	1981-04-29T00:00:00Z	289	95	109	119	1981	128.69377405106522
billy	1981-10-24T00:00:00Z	1982-05-07T00:00:00Z	1982-05-22T00:00:00Z	1982-05-31T00:00:00Z	297	127	142	151	1982	63.374879668651445
billy	1982-10-26T00:00:00Z	1983-05-24T00:00:00Z	1983-06-01T00:00:00Z	1983-06-09T00:00:00Z	299	144	152	160	1983	58.028839205805085
billy	1983-11-08T00:00:00Z	1984-05-22T00:00:00Z	1984-05-28T00:00:00Z	1984-06-04T00:00:00Z	312	143	149	156	1984	132.19300053583737
billy	1984-10-17T00:00:00Z	1985-05-03T00:00:00Z	1985-05-17T00:00:00Z	1985-05-25T00:00:00Z	291	123	137	145	1985	86.41145402673487
billy	1985-11-05T00:00:00Z	1986-05-12T00:00:00Z	1986-05-23T00:00:00Z	1986-05-29T00:00:00Z	309	132	143	149	1986	74.74736574416099
billy	1986-10-31T00:00:00Z	1987-04-25T00:00:00Z	1987-05-07T00:00:00Z	1987-05-12T00:00:00Z	304	115	127	132	1987	71.1509385237007
billy	1987-11-06T00:00:00Z	1988-04-11T00:00:00Z	1988-05-05T00:00:00Z	1988-05-15T00:00:00Z	310	102	126	136	1988	117.02968576849133
billy	1988-11-08T00:00:00Z	1989-04-18T00:00:00Z	1989-05-05T00:00:00Z	1989-05-12T00:00:00Z	313	108	125	132	1989	136.58108250423643
billy	1989-11-24T00:00:00Z	1990-03-15T00:00:00Z	1990-05-06T00:00:00Z	1990-05-18T00:00:00Z	328	74	126	138	1990	125.13401471376231
billy	1990-11-02T00:00:00Z	1991-05-08T00:00:00Z	1991-05-18T00:00:00Z	1991-05-22T00:00:00Z	306	128	138	142	1991	125.15661482092979
billy	1991-10-24T00:00:00Z	1992-04-09T00:00:00Z	1992-04-27T00:00:00Z	1992-05-03T00:00:00Z	297	100	118	124	1992	154.5929684725785
billy	1992-10-28T00:00:00Z	1993-05-20T00:00:00Z	1993-05-30T00:00:00Z	1993-06-05T00:00:00Z	302	140	150	156	1993	42.606011035321735
billy	1993-11-12T00:00:00Z	1994-04-24T00:00:00Z	1994-05-15T00:00:00Z	1994-05-20T00:00:00Z	316	114	135	140	1994	46.067635313029555
billy	1994-10-30T00:00:00Z	1995-06-06T00:00:00Z	1995-06-13T00:00:00Z	1995-06-19T00:00:00Z	303	157	164	170	1995	93.66774566624692
billy	1995-11-01T00:00:00Z	1996-05-08T00:00:00Z	1996-05-15T00:00:00Z	1996-05-20T00:00:00Z	305	129	136	141	1996	83.32760588550492
billy	1996-10-20T00:00:00Z	1997-05-13T00:00:00Z	1997-05-21T00:00:00Z	1997-06-01T00:00:00Z	294	133	141	152	1997	62.80963899147013
billy	1997-10-23T00:00:00Z	1998-05-02T00:00:00Z	1998-05-13T00:00:00Z	1998-05-20T00:00:00Z	296	122	133	140	1998	76.96690961752924
billy	1998-10-25T00:00:00Z	1999-04-18T00:00:00Z	1999-05-20T00:00:00Z	1999-05-25T00:00:00Z	298	108	140	145	1999	139.83897215101908
billy	1999-11-20T00:00:00Z	2000-04-12T00:00:00Z	2000-05-01T00:00:00Z	2000-05-07T00:00:00Z	324	103	122	128	2000	124.03924487697506
billy	2000-10-31T00:00:00Z	2001-04-04T00:00:00Z	2001-05-07T00:00:00Z	2001-05-14T00:00:00Z	305	94	127	134	2001	116.51213978074199
billy	2001-11-18T00:00:00Z	2002-03-30T00:00:00Z	2002-04-10T00:00:00Z	2002-04-25T00:00:00Z	322	89	100	115	2002	36.46601839220289
billy	2002-10-22T00:00:00Z	2003-04-27T00:00:00Z	2003-05-16T00:00:00Z	2003-05-22T00:00:00Z	295	117	136	142	2003	54.12325591229679
billy	2003-11-02T00:00:00Z	2004-03-24T00:00:00Z	2004-05-02T00:00:00Z	2004-05-08T00:00:00Z	306	84	123	129	2004	79.88556122286482
billy	2004-10-29T00:00:00Z	2005-05-05T00:00:00Z	2005-05-20T00:00:00Z	2005-05-26T00:00:00Z	303	125	140	146	2005	52.549650026791866
billy	2005-10-29T00:00:00Z	2006-04-23T00:00:00Z	2006-05-03T00:00:00Z	2006-05-12T00:00:00Z	302	113	123	132	2006	148.40147294029094
billy	2006-10-17T00:00:00Z	2007-03-26T00:00:00Z	2007-04-23T00:00:00Z	2007-05-01T00:00:00Z	290	85	113	121	2007	100.48421702799413
billy	2007-11-21T00:00:00Z	2008-05-16T00:00:00Z	2008-05-26T00:00:00Z	2008-06-01T00:00:00Z	325	137	147	153	2008	21.726445612663174
billy	2008-11-04T00:00:00Z	2009-04-25T00:00:00Z	2009-05-06T00:00:00Z	2009-05-11T00:00:00Z	309	115	126	131	2009	99.89572359560344
billy	2009-11-13T00:00:00Z	2010-04-16T00:00:00Z	2010-04-27T00:00:00Z	2010-05-12T00:00:00Z	317	106	117	132	2010	133.35
billy	2010-10-24T00:00:00Z	2011-05-26T00:00:00Z	2011-06-01T00:00:00Z	2011-06-07T00:00:00Z	297	146	152	158	2011	74.72564266991071
billy	2011-10-25T00:00:00Z	2012-03-14T00:00:00Z	2012-04-01T00:00:00Z	2012-04-23T00:00:00Z	298	74	92	114	2012	99.72795481600673
billy	2012-11-10T00:00:00Z	2013-03-29T00:00:00Z	2013-04-30T00:00:00Z	2013-05-15T00:00:00Z	315	88	120	135	2013	82.71782607058648
billy	2013-10-29T00:00:00Z	2014-05-02T00:00:00Z	2014-05-18T00:00:00Z	2014-05-26T00:00:00Z	302	122	138	146	2014	44.03193326671642
billy	2014-11-02T00:00:00Z	2015-03-19T00:00:00Z	2015-04-12T00:00:00Z	2015-05-07T00:00:00Z	306	78	102	127	2015	181.2793720583358
billy	2015-11-04T00:00:00Z	2016-03-13T00:00:00Z	2016-05-04T00:00:00Z	2016-05-18T00:00:00Z	308	73	125	139	2016	96.4231298026108
billy	2016-11-17T00:00:00Z	2017-04-18T00:00:00Z	2017-05-11T00:00:00Z	2017-05-24T00:00:00Z	322	108	131	144	2017	62.88887599021087
billy	2017-11-18T00:00:00Z	2018-03-26T00:00:00Z	2018-04-24T00:00:00Z	2018-05-05T00:00:00Z	322	85	114	125	2018	37.1306810328602
billy	2018-11-03T00:00:00Z	2019-05-12T00:00:00Z	2019-05-31T00:00:00Z	2019-06-06T00:00:00Z	307	132	151	157	2019	43.254327381211496
billy	2019-11-20T00:00:00Z	2020-04-18T00:00:00Z	2020-05-01T00:00:00Z	2020-05-08T00:00:00Z	324	109	122	129	2020	100.60276143719977
billy	2020-11-08T00:00:00Z	2021-04-03T00:00:00Z	2021-04-25T00:00:00Z	2021-05-07T00:00:00Z	313	93	115	127	2021	0
streamflow	NA	NA	NA	NA	NA	NA	NA	153	1935	28.86861849937037
streamflow	NA	NA	NA	NA	NA	NA	NA	152	1936	181.37657279402396
streamflow	NA	NA	NA	NA	NA	NA	NA	144	1937	230.26854284514616
streamflow	NA	NA	NA	NA	NA	NA	NA	149	1938	173.50331320328658
streamflow	NA	NA	NA	NA	NA	NA	NA	135	1939	41.11591119607295
streamflow	NA	NA	NA	NA	NA	NA	NA	130	1940	29.160220706434714
streamflow	NA	NA	NA	NA	NA	NA	NA	158	1941	48.503167108369745
streamflow	NA	NA	NA	NA	NA	NA	NA	146	1942	49.66957593662713
streamflow	NA	NA	NA	NA	NA	NA	NA	147	1943	254.7631282385513
streamflow	NA	NA	NA	NA	NA	NA	NA	142	1944	85.63384814122995
streamflow	NA	NA	NA	NA	NA	NA	NA	139	1945	81.16261429957662
streamflow	NA	NA	NA	NA	NA	NA	NA	140	1946	95.45112244572964
streamflow	NA	NA	NA	NA	NA	NA	NA	142	1947	106.3376048427986
streamflow	NA	NA	NA	NA	NA	NA	NA	155	1948	81.25981503526474
streamflow	NA	NA	NA	NA	NA	NA	NA	150	1949	142.49627851877764
streamflow	NA	NA	NA	NA	NA	NA	NA	138	1950	32.56224645551877
streamflow	NA	NA	NA	NA	NA	NA	NA	148	1951	95.35392171004152
streamflow	NA	NA	NA	NA	NA	NA	NA	166	1952	41.796316345889764
streamflow	NA	NA	NA	NA	NA	NA	NA	153	1953	106.33760484279861
streamflow	NA	NA	NA	NA	NA	NA	NA	129	1954	77.66338781480447
streamflow	NA	NA	NA	NA	NA	NA	NA	135	1955	121.40371887445653
streamflow	NA	NA	NA	NA	NA	NA	NA	145	1956	82.71782607058648
streamflow	NA	NA	NA	NA	NA	NA	NA	172	1957	59.9728539195674
streamflow	NA	NA	NA	NA	NA	NA	NA	151	1958	29.257421442122833
streamflow	NA	NA	NA	NA	NA	NA	NA	136	1959	68.72092013149782
streamflow	NA	NA	NA	NA	NA	NA	NA	136	1960	73.5809569159036
streamflow	NA	NA	NA	NA	NA	NA	NA	136	1961	39.46349868937499
streamflow	NA	NA	NA	NA	NA	NA	NA	149	1962	37.1306810328602
streamflow	NA	NA	NA	NA	NA	NA	NA	133	1963	72.51174882333433
streamflow	NA	NA	NA	NA	NA	NA	NA	142	1964	128.11056963693653
streamflow	NA	NA	NA	NA	NA	NA	NA	153	1965	112.65565266252612
streamflow	NA	NA	NA	NA	NA	NA	NA	133	1966	110.71163794876381
streamflow	NA	NA	NA	NA	NA	NA	NA	144	1967	150.9527425236437
streamflow	NA	NA	NA	NA	NA	NA	NA	150	1968	95.64552391710588
streamflow	NA	NA	NA	NA	NA	NA	NA	141	1969	141.23266895483215
streamflow	NA	NA	NA	NA	NA	NA	NA	148	1970	103.51878350784324
streamflow	NA	NA	NA	NA	NA	NA	NA	141	1971	61.042062012136675
streamflow	NA	NA	NA	NA	NA	NA	NA	138	1972	55.598820813602195
streamflow	NA	NA	NA	NA	NA	NA	NA	147	1973	74.94176721553721
streamflow	NA	NA	NA	NA	NA	NA	NA	137	1974	75.13616868691345
