plot	subplot	plant	seeds	fruits	fruits_split	aborts	fruits_fly_no_seeds	fruits_fly_with_seeds	seeds_fly	fruits_caterpillar	fruits_early_uncountable	flowers_buds_collected_early	flowers_buds_collected_last	notes	plotid	plantid	year	flowers_buds	discard	separate	modify	plantid_new	transition_fixed	status_18_fixed	status_19_fixed	status_20_fixed	modified	water	water4	sun_time	sun_date	warm_time	warm_date	snow	melt_date	snow_new	melt_time	sun_date_normal_mean	melt_offset	water_begin	water_end	last_day	precip_prewater_mm	precip_postwater_mm	precip_est_mm
1	A	236	259	33	10	15	5	0	0	0	0	0	1	NA	1A	1A236	2019	0				NA	vegetative > flowering > dead_nf	vegetative	flowering	dead_nf	FALSE	Addition	Addition	2019-06-06T17:00:00Z	157	2019-06-06T15:00:00Z	157	Normal	157	normal	2019-06-06T18:00:00Z	157.75	-0.75	175	227	219	18.420841963803518	103.20513324528179	121.62597520908531
1	A	239	22	2	6	7	18	0	0	2	0	0	10	NA	1A	1A239	2019	0				NA	vegetative > flowering > dead_nf	vegetative	flowering	dead_nf	FALSE	Addition	Addition	2019-06-06T17:00:00Z	157	2019-06-06T15:00:00Z	157	Normal	157	normal	2019-06-06T18:00:00Z	157.75	-0.75	175	227	219	18.420841963803518	103.20513324528179	121.62597520908531
1	A	246	78	11	16	13	21	0	0	1	3	0	17	NA	1A	1A246	2019	0				NA	vegetative > flowering > flowering	vegetative	flowering	flowering	FALSE	Addition	Addition	2019-06-06T17:00:00Z	157	2019-06-06T15:00:00Z	157	Normal	157	normal	2019-06-06T18:00:00Z	157.75	-0.75	175	227	219	18.420841963803518	103.20513324528179	121.62597520908531
1	A	259	155	26	6	8	3	0	0	0	0	0	1	NA	1A	1A259	2019	0				NA	vegetative > flowering > dead_nf	vegetative	flowering	dead_nf	FALSE	Addition	Addition	2019-06-06T17:00:00Z	157	2019-06-06T15:00:00Z	157	Normal	157	normal	2019-06-06T18:00:00Z	157.75	-0.75	175	227	219	18.420841963803518	103.20513324528179	121.62597520908531
1	B	648	0	0	13	1	5	0	0	0	1	0	0	NA	1B	1B648	2019	0				NA	vegetative > flowering > dead_nf	vegetative	flowering	dead_nf	FALSE	Control	Control	2019-06-06T17:00:00Z	157	2019-06-06T15:00:00Z	157	Normal	157	normal	2019-06-06T18:00:00Z	157.75	-0.75	175	227	219	18.420841963803518	26.20513324528178	44.6259752090853
1	B	684	131	17	6	3	21	0	0	0	0	0	0	NA	1B	1B684	2019	0				NA	vegetative > flowering > vegetative	vegetative	flowering	vegetative	FALSE	Control	Control	2019-06-06T17:00:00Z	157	2019-06-06T15:00:00Z	157	Normal	157	normal	2019-06-06T18:00:00Z	157.75	-0.75	175	227	219	18.420841963803518	26.20513324528178	44.6259752090853
1	B	657	41	4	5	7	3	0	0	0	0	0	4	NA	1B	1B657	2019	0				NA	vegetative > flowering > dead_nf	vegetative	flowering	dead_nf	FALSE	Control	Control	2019-06-06T17:00:00Z	157	2019-06-06T15:00:00Z	157	Normal	157	normal	2019-06-06T18:00:00Z	157.75	-0.75	175	227	219	18.420841963803518	26.20513324528178	44.6259752090853
1	B	670	209	23	2	14	11	0	0	0	0	0	19	NA	1B	1B670	2019	0				NA	vegetative > flowering > dead_nf	vegetative	flowering	dead_nf	FALSE	Control	Control	2019-06-06T17:00:00Z	157	2019-06-06T15:00:00Z	157	Normal	157	normal	2019-06-06T18:00:00Z	157.75	-0.75	175	227	219	18.420841963803518	26.20513324528178	44.6259752090853
1	C	43	147	21	36	32	16	0	0	0	0	0	15	NA	1C	1C43	2019	0				NA	vegetative > flowering > dead_nf	vegetative	flowering	dead_nf	FALSE	Control	Mock rainout	2019-06-06T17:00:00Z	157	2019-06-06T15:00:00Z	157	Normal	157	normal	2019-06-06T18:00:00Z	157.75	-0.75	175	227	219	18.420841963803518	26.20513324528178	44.6259752090853
1	C	47	51	6	31	0	9	0	0	0	0	0	0	NA	1C	1C47	2019	0				NA	vegetative > flowering > dead_nf	vegetative	flowering	dead_nf	FALSE	Control	Mock rainout	2019-06-06T17:00:00Z	157	2019-06-06T15:00:00Z	157	Normal	157	normal	2019-06-06T18:00:00Z	157.75	-0.75	175	227	219	18.420841963803518	26.20513324528178	44.6259752090853
1	D	5	129	15	7	4	3	0	0	6	0	0	3	NA	1D	1D5	2019	0		census20 pheno20 floral20 seeds20		NA	vegetative > flowering > dead_nf	vegetative	flowering	dead_nf	FALSE	Reduction	Reduction	2019-06-06T17:00:00Z	157	2019-06-06T15:00:00Z	157	Normal	157	normal	2019-06-06T18:00:00Z	157.75	-0.75	175	227	219	18.420841963803518	13.10256662264089	31.523408586444408
1	D	19	380	34	3	24	6	0	0	0	0	0	12	NA	1D	1D19	2019	0				NA	vegetative > flowering > dead_nf	vegetative	flowering	dead_nf	FALSE	Reduction	Reduction	2019-06-06T17:00:00Z	157	2019-06-06T15:00:00Z	157	Normal	157	normal	2019-06-06T18:00:00Z	157.75	-0.75	175	227	219	18.420841963803518	13.10256662264089	31.523408586444408
1	D	34	135	21	10	14	2	0	0	1	0	0	2	NA	1D	1D34	2019	0				NA	vegetative > flowering > dead_nf	vegetative	flowering	dead_nf	FALSE	Reduction	Reduction	2019-06-06T17:00:00Z	157	2019-06-06T15:00:00Z	157	Normal	157	normal	2019-06-06T18:00:00Z	157.75	-0.75	175	227	219	18.420841963803518	13.10256662264089	31.523408586444408
2	A	679	143	15	4	11	13	0	0	0	0	0	14	NA	2A	2A679	2019	0				NA	no_record > flowering > dead_nf	no_record	flowering	dead_nf	FALSE	Control	Control	2019-06-09T15:00:00Z	160	2019-06-08T20:00:00Z	159	Normal	160	normal	2019-06-09T18:00:00Z	157.75	2.25	175	227	219	18.420841963803518	26.20513324528178	44.6259752090853
2	A	686	7	1	7	2	1	0	0	0	0	0	0	NA	2A	2A686	2019	0				NA	vegetative > flowering > dead_nf	vegetative	flowering	dead_nf	FALSE	Control	Control	2019-06-09T15:00:00Z	160	2019-06-08T20:00:00Z	159	Normal	160	normal	2019-06-09T18:00:00Z	157.75	2.25	175	227	219	18.420841963803518	26.20513324528178	44.6259752090853
2	B	84	194	29	11	24	9	0	0	2	0	0	0	NA	2B	2B84	2019	0				NA	vegetative > flowering > flowering	vegetative	flowering	flowering	FALSE	Control	Mock rainout	2019-06-09T15:00:00Z	160	2019-06-08T20:00:00Z	159	Normal	160	normal	2019-06-09T18:00:00Z	157.75	2.25	175	227	219	18.420841963803518	26.20513324528178	44.6259752090853
2	B	99	193	40	8	12	14	0	0	6	1	0	0	NA	2B	2B99	2019	0				NA	vegetative > flowering > dead_nf	vegetative	flowering	dead_nf	FALSE	Control	Mock rainout	2019-06-09T15:00:00Z	160	2019-06-08T20:00:00Z	159	Normal	160	normal	2019-06-09T18:00:00Z	157.75	2.25	175	227	219	18.420841963803518	26.20513324528178	44.6259752090853
2	B	130	129	17	0	1	7	0	0	1	0	0	19	NA	2B	2B130	2019	0				NA	vegetative > flowering > dead_nf	vegetative	flowering	dead_nf	FALSE	Control	Mock rainout	2019-06-09T15:00:00Z	160	2019-06-08T20:00:00Z	159	Normal	160	normal	2019-06-09T18:00:00Z	157.75	2.25	175	227	219	18.420841963803518	26.20513324528178	44.6259752090853
2	B	177	125	15	9	5	1	0	0	3	0	0	0	NA	2B	2B177	2019	0				NA	vegetative > flowering > dead_nf	vegetative	flowering	dead_nf	FALSE	Control	Mock rainout	2019-06-09T15:00:00Z	160	2019-06-08T20:00:00Z	159	Normal	160	normal	2019-06-09T18:00:00Z	157.75	2.25	175	227	219	18.420841963803518	26.20513324528178	44.6259752090853
2	B	200	86	11	20	9	7	0	0	1	0	0	0	NA	2B	2B200	2019	0				NA	vegetative > flowering > dead_nf	vegetative	flowering	dead_nf	FALSE	Control	Mock rainout	2019-06-09T15:00:00Z	160	2019-06-08T20:00:00Z	159	Normal	160	normal	2019-06-09T18:00:00Z	157.75	2.25	175	227	219	18.420841963803518	26.20513324528178	44.6259752090853
2	B	201	102	13	16	7	16	0	0	0	0	0	2	NA	2B	2B201	2019	0				NA	vegetative > flowering > dead_nf	vegetative	flowering	dead_nf	FALSE	Control	Mock rainout	2019-06-09T15:00:00Z	160	2019-06-08T20:00:00Z	159	Normal	160	normal	2019-06-09T18:00:00Z	157.75	2.25	175	227	219	18.420841963803518	26.20513324528178	44.6259752090853
2	B	202	98	12	12	30	3	0	0	0	0	0	3	NA	2B	2B202	2019	0				NA	vegetative > flowering > dead_nf	vegetative	flowering	dead_nf	FALSE	Control	Mock rainout	2019-06-09T15:00:00Z	160	2019-06-08T20:00:00Z	159	Normal	160	normal	2019-06-09T18:00:00Z	157.75	2.25	175	227	219	18.420841963803518	26.20513324528178	44.6259752090853
2	C	268	72	9	11	6	5	0	0	0	0	0	0	NA	2C	2C268	2019	0				NA	vegetative > flowering > dead_nf	vegetative	flowering	dead_nf	FALSE	Reduction	Reduction	2019-06-09T15:00:00Z	160	2019-06-08T20:00:00Z	159	Normal	160	normal	2019-06-09T18:00:00Z	157.75	2.25	175	227	219	18.420841963803518	13.10256662264089	31.523408586444408
2	C	277	36	3	1	0	5	0	0	4	0	0	3	NA	2C	2C277	2019	0				NA	vegetative > vegetative > flowering	vegetative	vegetative	flowering	FALSE	Reduction	Reduction	2019-06-09T15:00:00Z	160	2019-06-08T20:00:00Z	159	Normal	160	normal	2019-06-09T18:00:00Z	157.75	2.25	175	227	219	18.420841963803518	13.10256662264089	31.523408586444408
2	C	282	16	3	0	8	0	0	0	0	0	0	8	NA	2C	2C282	2019	0				NA	vegetative > flowering > dead_nf	vegetative	flowering	dead_nf	FALSE	Reduction	Reduction	2019-06-09T15:00:00Z	160	2019-06-08T20:00:00Z	159	Normal	160	normal	2019-06-09T18:00:00Z	157.75	2.25	175	227	219	18.420841963803518	13.10256662264089	31.523408586444408
2	C	300	0	0	0	0	0	0	0	0	0	0	15	NA	2C	2C300	2019	0				NA	vegetative > flowering > vegetative	vegetative	flowering	vegetative	FALSE	Reduction	Reduction	2019-06-09T15:00:00Z	160	2019-06-08T20:00:00Z	159	Normal	160	normal	2019-06-09T18:00:00Z	157.75	2.25	175	227	219	18.420841963803518	13.10256662264089	31.523408586444408
2	C	202	116	15	15	4	5	0	0	1	0	0	0	NA	2C	2C202	2019	0				NA	vegetative > flowering > vegetative	vegetative	flowering	vegetative	FALSE	Reduction	Reduction	2019-06-09T15:00:00Z	160	2019-06-08T20:00:00Z	159	Normal	160	normal	2019-06-09T18:00:00Z	157.75	2.25	175	227	219	18.420841963803518	13.10256662264089	31.523408586444408
2	C	286	95	15	9	14	6	0	0	2	0	0	0	NA	2C	2C286	2019	0				NA	vegetative > flowering > dead_nf	vegetative	flowering	dead_nf	FALSE	Reduction	Reduction	2019-06-09T15:00:00Z	160	2019-06-08T20:00:00Z	159	Normal	160	normal	2019-06-09T18:00:00Z	157.75	2.25	175	227	219	18.420841963803518	13.10256662264089	31.523408586444408
2	C	288	43	7	1	29	2	0	0	2	0	0	4	NA	2C	2C288	2019	0				NA	vegetative > flowering > dead_nf	vegetative	flowering	dead_nf	FALSE	Reduction	Reduction	2019-06-09T15:00:00Z	160	2019-06-08T20:00:00Z	159	Normal	160	normal	2019-06-09T18:00:00Z	157.75	2.25	175	227	219	18.420841963803518	13.10256662264089	31.523408586444408
2	C	298	172	22	5	36	4	0	0	4	0	0	5	NA	2C	2C298	2019	0				NA	vegetative > flowering > dead_nf	vegetative	flowering	dead_nf	FALSE	Reduction	Reduction	2019-06-09T15:00:00Z	160	2019-06-08T20:00:00Z	159	Normal	160	normal	2019-06-09T18:00:00Z	157.75	2.25	175	227	219	18.420841963803518	13.10256662264089	31.523408586444408
2	C	109	22	2	6	0	2	0	0	2	0	0	0	NA	2C	2C109	2019	0				NA	NA	NA	NA	NA	FALSE	Reduction	Reduction	2019-06-09T15:00:00Z	160	2019-06-08T20:00:00Z	159	Normal	160	normal	2019-06-09T18:00:00Z	157.75	2.25	175	227	219	18.420841963803518	13.10256662264089	31.523408586444408
4	A	123	0	0	1	0	1	0	0	0	0	0	0	NA	4A	4A123	2019	0				NA	vegetative > flowering > dead_nf	vegetative	flowering	dead_nf	FALSE	Addition	Addition	2019-05-27T22:00:00Z	147	2019-05-26T18:00:00Z	146	Early	147	early	2019-05-27T18:00:00Z	157.75	-10.75	175	227	219	21.750493375436122	103.20513324528179	124.95562662071791
6	D	60_19	14	2	2	0	0	0	0	0	0	0	0	NA	6D	6D60_19	2019	0		seeds19		NA	vegetative > dead_nf > dead_nf	vegetative	dead_nf	dead_nf	TRUE	Addition	Addition	2019-06-05T19:00:00Z	156	2019-06-05T17:00:00Z	156	Normal	156	normal	2019-06-05T18:00:00Z	157.75	-1.75	175	227	219	18.420841963803518	103.20513324528179	121.62597520908531
5	D	256	23	2	11	0	3	0	0	0	0	0	0	NA	5D	5D256	2019	0				NA	vegetative > flowering > dead_nf	vegetative	flowering	dead_nf	FALSE	Control	Control	2019-06-04T15:00:00Z	155	2019-06-03T17:00:00Z	154	Early	155	early	2019-06-04T18:00:00Z	157.75	-2.75	175	227	219	18.73496002150471	26.20513324528178	44.94009326678649
5	A	202	5	2	0	0	0	0	0	0	0	0	0	NA	5A	5A202	2019	0				NA	vegetative > flowering > flowering	vegetative	flowering	flowering	FALSE	Addition	Addition	2019-06-04T15:00:00Z	155	2019-06-03T17:00:00Z	154	Early	155	early	2019-06-04T18:00:00Z	157.75	-2.75	175	227	219	18.73496002150471	103.20513324528179	121.94009326678649
5	B	27	0	0	3	3	9	0	0	0	0	0	0	NA	5B	5B27	2019	0				NA	vegetative > flowering > dead_nf	vegetative	flowering	dead_nf	FALSE	Control	Mock rainout	2019-06-04T15:00:00Z	155	2019-06-03T17:00:00Z	154	Early	155	early	2019-06-04T18:00:00Z	157.75	-2.75	175	227	219	18.73496002150471	26.20513324528178	44.94009326678649
2	A	138	143	20	8	11	4	0	0	0	0	0	4	NA	2A	2A138	2019	0				NA	NA	NA	NA	NA	FALSE	Control	Control	2019-06-09T15:00:00Z	160	2019-06-08T20:00:00Z	159	Normal	160	normal	2019-06-09T18:00:00Z	157.75	2.25	175	227	219	18.420841963803518	26.20513324528178	44.6259752090853
2	B	92	188	29	22	29	16	0	0	0	1	0	3	NA	2B	2B92	2019	0				NA	vegetative > flowering > flowering	vegetative	flowering	flowering	FALSE	Control	Mock rainout	2019-06-09T15:00:00Z	160	2019-06-08T20:00:00Z	159	Normal	160	normal	2019-06-09T18:00:00Z	157.75	2.25	175	227	219	18.420841963803518	26.20513324528178	44.6259752090853
2	A	166	16	3	1	17	6	0	0	1	0	0	15	NA	2A	2A166	2019	0				NA	no_record > vegetative > dead_nf	no_record	vegetative	dead_nf	FALSE	Control	Control	2019-06-09T15:00:00Z	160	2019-06-08T20:00:00Z	159	Normal	160	normal	2019-06-09T18:00:00Z	157.75	2.25	175	227	219	18.420841963803518	26.20513324528178	44.6259752090853
2	D	256	86	19	6	9	0	0	0	0	0	0	5	NA	2D	2D256	2019	0				NA	vegetative > flowering > dead_nf	vegetative	flowering	dead_nf	FALSE	Addition	Addition	2019-06-09T15:00:00Z	160	2019-06-08T20:00:00Z	159	Normal	160	normal	2019-06-09T18:00:00Z	157.75	2.25	175	227	219	18.420841963803518	103.20513324528179	121.62597520908531
2	D	213	168	21	1	2	8	0	0	1	0	0	1	NA	2D	2D213	2019	0				NA	vegetative > flowering > dead_nf	vegetative	flowering	dead_nf	FALSE	Addition	Addition	2019-06-09T15:00:00Z	160	2019-06-08T20:00:00Z	159	Normal	160	normal	2019-06-09T18:00:00Z	157.75	2.25	175	227	219	18.420841963803518	103.20513324528179	121.62597520908531
2	C	85	0	0	0	0	4	0	0	0	0	0	0	NA	2C	2C85	2019	0				NA	NA	NA	NA	NA	FALSE	Reduction	Reduction	2019-06-09T15:00:00Z	160	2019-06-08T20:00:00Z	159	Normal	160	normal	2019-06-09T18:00:00Z	157.75	2.25	175	227	219	18.420841963803518	13.10256662264089	31.523408586444408
2	C	285	14	2	1	13	1	0	0	0	0	5	8	NA	2C	2C285	2019	13				NA	vegetative > flowering > vegetative	vegetative	flowering	vegetative	FALSE	Reduction	Reduction	2019-06-09T15:00:00Z	160	2019-06-08T20:00:00Z	159	Normal	160	normal	2019-06-09T18:00:00Z	157.75	2.25	175	227	219	18.420841963803518	13.10256662264089	31.523408586444408
3	C	150	46	10	28	27	3	0	0	2	0	0	2	NA	3C	3C150	2019	0				NA	vegetative > flowering > dead_nf	vegetative	flowering	dead_nf	FALSE	Addition	Addition	2019-06-07T14:00:00Z	158	2019-06-06T19:00:00Z	157	Normal	158	normal	2019-06-07T18:00:00Z	157.75	0.25	175	227	219	18.420841963803518	103.20513324528179	121.62597520908531
3	A	272	50	5	3	5	1	0	0	1	0	0	15	NA	3A	3A272	2019	0				NA	vegetative > flowering > dead_nf	vegetative	flowering	dead_nf	FALSE	Reduction	Reduction	2019-06-07T14:00:00Z	158	2019-06-06T19:00:00Z	157	Normal	158	normal	2019-06-07T18:00:00Z	157.75	0.25	175	227	219	18.420841963803518	13.10256662264089	31.523408586444408
3	A	276	11	2	0	3	1	0	0	1	0	0	7	NA	3A	3A276	2019	0				NA	vegetative > flowering > dead_nf	vegetative	flowering	dead_nf	FALSE	Reduction	Reduction	2019-06-07T14:00:00Z	158	2019-06-06T19:00:00Z	157	Normal	158	normal	2019-06-07T18:00:00Z	157.75	0.25	175	227	219	18.420841963803518	13.10256662264089	31.523408586444408
3	C	184	113	14	9	14	8	0	0	3	2	0	0	NA	3C	3C184	2019	0			floral20 seeds20	3C174	vegetative > flowering > dead_nf	vegetative	flowering	dead_nf	FALSE	Addition	Addition	2019-06-07T14:00:00Z	158	2019-06-06T19:00:00Z	157	Normal	158	normal	2019-06-07T18:00:00Z	157.75	0.25	175	227	219	18.420841963803518	103.20513324528179	121.62597520908531
3	D	896	155	21	0	17	0	0	0	2	13	0	10	assuming 13(E) means 13 early uncountable fruits	3D	3D896	2019	0				NA	vegetative > flowering > dead_nf	vegetative	flowering	dead_nf	FALSE	Control	Control	2019-06-07T14:00:00Z	158	2019-06-06T19:00:00Z	157	Normal	158	normal	2019-06-07T18:00:00Z	157.75	0.25	175	227	219	18.420841963803518	26.20513324528178	44.6259752090853
5	B	301	13	4	8	1	2	0	0	1	0	0	0	NA	5B	5B301	2019	0				NA	vegetative > flowering > dead_nf	vegetative	flowering	dead_nf	FALSE	Control	Mock rainout	2019-06-04T15:00:00Z	155	2019-06-03T17:00:00Z	154	Early	155	early	2019-06-04T18:00:00Z	157.75	-2.75	175	227	219	18.73496002150471	26.20513324528178	44.94009326678649
5	D	264	25	10	0	4	1	0	0	4	0	0	9	NA	5D	5D264	2019	0				NA	vegetative > flowering > dead_nf	vegetative	flowering	dead_nf	FALSE	Control	Control	2019-06-04T15:00:00Z	155	2019-06-03T17:00:00Z	154	Early	155	early	2019-06-04T18:00:00Z	157.75	-2.75	175	227	219	18.73496002150471	26.20513324528178	44.94009326678649
2	C	300	0	0	0	0	0	0	0	0	0	0	0	empty column	2C	2C300	2019	0				NA	vegetative > flowering > vegetative	vegetative	flowering	vegetative	FALSE	Reduction	Reduction	2019-06-09T15:00:00Z	160	2019-06-08T20:00:00Z	159	Normal	160	normal	2019-06-09T18:00:00Z	157.75	2.25	175	227	219	18.420841963803518	13.10256662264089	31.523408586444408
2	D	205	53	8	6	0	13	0	0	1	0	0	5	NA	2D	2D205	2019	0				NA	vegetative > flowering > dead_nf	vegetative	flowering	dead_nf	FALSE	Addition	Addition	2019-06-09T15:00:00Z	160	2019-06-08T20:00:00Z	159	Normal	160	normal	2019-06-09T18:00:00Z	157.75	2.25	175	227	219	18.420841963803518	103.20513324528179	121.62597520908531
2	D	209	231	32	16	12	17	0	0	3	0	0	9	NA	2D	2D209	2019	0				NA	vegetative > flowering > dead_nf	vegetative	flowering	dead_nf	FALSE	Addition	Addition	2019-06-09T15:00:00Z	160	2019-06-08T20:00:00Z	159	Normal	160	normal	2019-06-09T18:00:00Z	157.75	2.25	175	227	219	18.420841963803518	103.20513324528179	121.62597520908531
2	D	211	110	11	17	1	22	0	0	0	0	0	0	NA	2D	2D211	2019	0				NA	vegetative > flowering > vegetative	vegetative	flowering	vegetative	FALSE	Addition	Addition	2019-06-09T15:00:00Z	160	2019-06-08T20:00:00Z	159	Normal	160	normal	2019-06-09T18:00:00Z	157.75	2.25	175	227	219	18.420841963803518	103.20513324528179	121.62597520908531
2	D	212	124	14	13	11	6	0	0	0	0	0	0	"212 and 217 say ""same plant multiple inflorescences"""	2D	2D212	2019	0				NA	flowering > flowering > dead_nf	flowering	flowering	dead_nf	FALSE	Addition	Addition	2019-06-09T15:00:00Z	160	2019-06-08T20:00:00Z	159	Normal	160	normal	2019-06-09T18:00:00Z	157.75	2.25	175	227	219	18.420841963803518	103.20513324528179	121.62597520908531
2	D	217	63	4	4	24	4	0	0	0	0	0	3	"213 and 217 say ""same plant multiple inflorescences"""	2D	2D217	2019	0		pheno18		NA	vegetative > flowering > vegetative	vegetative	flowering	vegetative	FALSE	Addition	Addition	2019-06-09T15:00:00Z	160	2019-06-08T20:00:00Z	159	Normal	160	normal	2019-06-09T18:00:00Z	157.75	2.25	175	227	219	18.420841963803518	103.20513324528179	121.62597520908531
2	D	221	60	14	1	20	8	0	0	0	1	0	12	NA	2D	2D221	2019	0				NA	vegetative > flowering > dead_nf	vegetative	flowering	dead_nf	FALSE	Addition	Addition	2019-06-09T15:00:00Z	160	2019-06-08T20:00:00Z	159	Normal	160	normal	2019-06-09T18:00:00Z	157.75	2.25	175	227	219	18.420841963803518	103.20513324528179	121.62597520908531
2	D	222	43	7	21	4	4	0	0	0	0	0	0	NA	2D	2D222	2019	0				NA	vegetative > flowering > dead_nf	vegetative	flowering	dead_nf	FALSE	Addition	Addition	2019-06-09T15:00:00Z	160	2019-06-08T20:00:00Z	159	Normal	160	normal	2019-06-09T18:00:00Z	157.75	2.25	175	227	219	18.420841963803518	103.20513324528179	121.62597520908531
2	D	225	183	23	21	4	18	0	0	1	0	0	6	NA	2D	2D225	2019	0				NA	vegetative > flowering > dead_nf	vegetative	flowering	dead_nf	FALSE	Addition	Addition	2019-06-09T15:00:00Z	160	2019-06-08T20:00:00Z	159	Normal	160	normal	2019-06-09T18:00:00Z	157.75	2.25	175	227	219	18.420841963803518	103.20513324528179	121.62597520908531
2	D	256	172	22	3	0	26	0	0	0	0	0	0	NA	2D	2D256	2019	0				NA	vegetative > flowering > dead_nf	vegetative	flowering	dead_nf	FALSE	Addition	Addition	2019-06-09T15:00:00Z	160	2019-06-08T20:00:00Z	159	Normal	160	normal	2019-06-09T18:00:00Z	157.75	2.25	175	227	219	18.420841963803518	103.20513324528179	121.62597520908531
2	D	257	142	29	13	27	5	0	0	5	0	0	22	NA	2D	2D257	2019	0				NA	vegetative > flowering > dead_nf	vegetative	flowering	dead_nf	FALSE	Addition	Addition	2019-06-09T15:00:00Z	160	2019-06-08T20:00:00Z	159	Normal	160	normal	2019-06-09T18:00:00Z	157.75	2.25	175	227	219	18.420841963803518	103.20513324528179	121.62597520908531
2	D	258	178	24	10	5	11	0	0	1	0	0	0	NA	2D	2D258	2019	0		pheno19		NA	vegetative > flowering > dead_nf	vegetative	flowering	dead_nf	FALSE	Addition	Addition	2019-06-09T15:00:00Z	160	2019-06-08T20:00:00Z	159	Normal	160	normal	2019-06-09T18:00:00Z	157.75	2.25	175	227	219	18.420841963803518	103.20513324528179	121.62597520908531
3	A	276	0	0	10	0	0	0	0	6	0	0	0	NA	3A	3A276	2019	0				NA	vegetative > flowering > dead_nf	vegetative	flowering	dead_nf	FALSE	Reduction	Reduction	2019-06-07T14:00:00Z	158	2019-06-06T19:00:00Z	157	Normal	158	normal	2019-06-07T18:00:00Z	157.75	0.25	175	227	219	18.420841963803518	13.10256662264089	31.523408586444408
3	A	120	63	8	13	22	7	0	0	2	0	0	6	NA	3A	3A120	2019	0				NA	vegetative > flowering > dead_nf	vegetative	flowering	dead_nf	FALSE	Reduction	Reduction	2019-06-07T14:00:00Z	158	2019-06-06T19:00:00Z	157	Normal	158	normal	2019-06-07T18:00:00Z	157.75	0.25	175	227	219	18.420841963803518	13.10256662264089	31.523408586444408
3	A	274	0	0	8	21	0	0	0	0	1	0	0	NA	3A	3A274	2019	0				NA	vegetative > flowering > dead_nf	vegetative	flowering	dead_nf	FALSE	Reduction	Reduction	2019-06-07T14:00:00Z	158	2019-06-06T19:00:00Z	157	Normal	158	normal	2019-06-07T18:00:00Z	157.75	0.25	175	227	219	18.420841963803518	13.10256662264089	31.523408586444408
3	A	642	80	12	8	13	13	0	0	0	0	0	10	NA	3A	3A642	2019	0				NA	vegetative > flowering > dead_nf	vegetative	flowering	dead_nf	FALSE	Reduction	Reduction	2019-06-07T14:00:00Z	158	2019-06-06T19:00:00Z	157	Normal	158	normal	2019-06-07T18:00:00Z	157.75	0.25	175	227	219	18.420841963803518	13.10256662264089	31.523408586444408
3	A	659	326	33	11	11	7	0	0	1	0	0	9	NA	3A	3A659	2019	0				NA	vegetative > flowering > dead_nf	vegetative	flowering	dead_nf	FALSE	Reduction	Reduction	2019-06-07T14:00:00Z	158	2019-06-06T19:00:00Z	157	Normal	158	normal	2019-06-07T18:00:00Z	157.75	0.25	175	227	219	18.420841963803518	13.10256662264089	31.523408586444408
3	B	605	60	7	9	9	21	0	0	0	0	0	20	NA	3B	3B605	2019	0				NA	vegetative > flowering > dead_nf	vegetative	flowering	dead_nf	FALSE	Control	Mock rainout	2019-06-07T14:00:00Z	158	2019-06-06T19:00:00Z	157	Normal	158	normal	2019-06-07T18:00:00Z	157.75	0.25	175	227	219	18.420841963803518	26.20513324528178	44.6259752090853
3	B	686	112	15	5	12	4	0	0	0	0	0	0	NA	3B	3B686	2019	0				NA	vegetative > flowering > dead_nf	vegetative	flowering	dead_nf	FALSE	Control	Mock rainout	2019-06-07T14:00:00Z	158	2019-06-06T19:00:00Z	157	Normal	158	normal	2019-06-07T18:00:00Z	157.75	0.25	175	227	219	18.420841963803518	26.20513324528178	44.6259752090853
3	B	823	44	6	16	10	16	0	0	0	0	0	1	NA	3B	3B823	2019	0				NA	vegetative > flowering > vegetative	vegetative	flowering	vegetative	FALSE	Control	Mock rainout	2019-06-07T14:00:00Z	158	2019-06-06T19:00:00Z	157	Normal	158	normal	2019-06-07T18:00:00Z	157.75	0.25	175	227	219	18.420841963803518	26.20513324528178	44.6259752090853
3	C	131	30	3	3	0	3	0	0	2	0	0	0	NA	3C	3C131	2019	0				NA	vegetative > flowering > flowering	vegetative	flowering	flowering	FALSE	Addition	Addition	2019-06-07T14:00:00Z	158	2019-06-06T19:00:00Z	157	Normal	158	normal	2019-06-07T18:00:00Z	157.75	0.25	175	227	219	18.420841963803518	103.20513324528179	121.62597520908531
3	C	140	41	8	35	8	4	0	0	1	0	0	1	counted (8) by itself as 8 splits for now - check original	3C	3C140	2019	0				NA	vegetative > flowering > dead_nf	vegetative	flowering	dead_nf	FALSE	Addition	Addition	2019-06-07T14:00:00Z	158	2019-06-06T19:00:00Z	157	Normal	158	normal	2019-06-07T18:00:00Z	157.75	0.25	175	227	219	18.420841963803518	103.20513324528179	121.62597520908531
3	C	142	25	2	5	10	0	0	0	1	0	0	0	NA	3C	3C142	2019	0				NA	vegetative > flowering > flowering	vegetative	flowering	flowering	FALSE	Addition	Addition	2019-06-07T14:00:00Z	158	2019-06-06T19:00:00Z	157	Normal	158	normal	2019-06-07T18:00:00Z	157.75	0.25	175	227	219	18.420841963803518	103.20513324528179	121.62597520908531
3	C	146	90	12	12	17	4	0	0	0	0	0	7	NA	3C	3C146	2019	0				NA	vegetative > flowering > dead_nf	vegetative	flowering	dead_nf	FALSE	Addition	Addition	2019-06-07T14:00:00Z	158	2019-06-06T19:00:00Z	157	Normal	158	normal	2019-06-07T18:00:00Z	157.75	0.25	175	227	219	18.420841963803518	103.20513324528179	121.62597520908531
3	C	148	15	3	6	7	3	0	0	0	0	0	1	NA	3C	3C148	2019	0				NA	vegetative > flowering > dead_nf	vegetative	flowering	dead_nf	FALSE	Addition	Addition	2019-06-07T14:00:00Z	158	2019-06-06T19:00:00Z	157	Normal	158	normal	2019-06-07T18:00:00Z	157.75	0.25	175	227	219	18.420841963803518	103.20513324528179	121.62597520908531
3	C	149	50	5	12	14	11	0	0	1	1	0	7	NA	3C	3C149	2019	0		pheno20		NA	vegetative > flowering > vegetative	vegetative	flowering	vegetative	FALSE	Addition	Addition	2019-06-07T14:00:00Z	158	2019-06-06T19:00:00Z	157	Normal	158	normal	2019-06-07T18:00:00Z	157.75	0.25	175	227	219	18.420841963803518	103.20513324528179	121.62597520908531
3	C	150	156	15	23	3	2	0	0	2	0	0	0	NA	3C	3C150	2019	0				NA	vegetative > flowering > dead_nf	vegetative	flowering	dead_nf	FALSE	Addition	Addition	2019-06-07T14:00:00Z	158	2019-06-06T19:00:00Z	157	Normal	158	normal	2019-06-07T18:00:00Z	157.75	0.25	175	227	219	18.420841963803518	103.20513324528179	121.62597520908531
3	C	151	185	17	4	9	7	0	0	1	0	0	2	NA	3C	3C151	2019	0				NA	vegetative > flowering > dead_nf	vegetative	flowering	dead_nf	FALSE	Addition	Addition	2019-06-07T14:00:00Z	158	2019-06-06T19:00:00Z	157	Normal	158	normal	2019-06-07T18:00:00Z	157.75	0.25	175	227	219	18.420841963803518	103.20513324528179	121.62597520908531
3	C	161	23	3	16	9	6	0	0	3	0	0	0	counted (2) by itself as 2 splits for now - check original	3C	3C161	2019	0				NA	vegetative > flowering > dead_nf	vegetative	flowering	dead_nf	FALSE	Addition	Addition	2019-06-07T14:00:00Z	158	2019-06-06T19:00:00Z	157	Normal	158	normal	2019-06-07T18:00:00Z	157.75	0.25	175	227	219	18.420841963803518	103.20513324528179	121.62597520908531
3	C	167	44	8	3	30	8	0	0	0	0	0	8	NA	3C	3C167	2019	0				NA	vegetative > flowering > dead_nf	vegetative	flowering	dead_nf	FALSE	Addition	Addition	2019-06-07T14:00:00Z	158	2019-06-06T19:00:00Z	157	Normal	158	normal	2019-06-07T18:00:00Z	157.75	0.25	175	227	219	18.420841963803518	103.20513324528179	121.62597520908531
3	C	172	136	8	6	20	3	0	0	0	0	0	2	NA	3C	3C172	2019	0				NA	vegetative > flowering > dead_nf	vegetative	flowering	dead_nf	FALSE	Addition	Addition	2019-06-07T14:00:00Z	158	2019-06-06T19:00:00Z	157	Normal	158	normal	2019-06-07T18:00:00Z	157.75	0.25	175	227	219	18.420841963803518	103.20513324528179	121.62597520908531
3	C	179	46	5	2	13	1	0	0	0	0	0	8	NA	3C	3C179	2019	0				NA	vegetative > flowering > dead_nf	vegetative	flowering	dead_nf	FALSE	Addition	Addition	2019-06-07T14:00:00Z	158	2019-06-06T19:00:00Z	157	Normal	158	normal	2019-06-07T18:00:00Z	157.75	0.25	175	227	219	18.420841963803518	103.20513324528179	121.62597520908531
3	C	182	37	4	15	1	5	0	0	2	0	0	0	NA	3C	3C182	2019	0				NA	vegetative > flowering > dead_nf	vegetative	flowering	dead_nf	FALSE	Addition	Addition	2019-06-07T14:00:00Z	158	2019-06-06T19:00:00Z	157	Normal	158	normal	2019-06-07T18:00:00Z	157.75	0.25	175	227	219	18.420841963803518	103.20513324528179	121.62597520908531
3	C	183	143	18	10	34	6	0	0	1	0	0	12	NA	3C	3C183	2019	0				NA	vegetative > flowering > dead_nf	vegetative	flowering	dead_nf	FALSE	Addition	Addition	2019-06-07T14:00:00Z	158	2019-06-06T19:00:00Z	157	Normal	158	normal	2019-06-07T18:00:00Z	157.75	0.25	175	227	219	18.420841963803518	103.20513324528179	121.62597520908531
3	C	164	0	0	0	0	0	0	0	0	0	0	0	empty column	3C	3C164	2019	0				NA	vegetative > flowering > dead_nf	vegetative	flowering	dead_nf	FALSE	Addition	Addition	2019-06-07T14:00:00Z	158	2019-06-06T19:00:00Z	157	Normal	158	normal	2019-06-07T18:00:00Z	157.75	0.25	175	227	219	18.420841963803518	103.20513324528179	121.62597520908531
3	D	882_19	150	13	8	28	2	0	0	1	0	0	2	NA	3D	3D882_19	2019	0		floral19 seeds19 seeds20		NA	vegetative > dead_nf > dead_nf	vegetative	dead_nf	dead_nf	TRUE	Control	Control	2019-06-07T14:00:00Z	158	2019-06-06T19:00:00Z	157	Normal	158	normal	2019-06-07T18:00:00Z	157.75	0.25	175	227	219	18.420841963803518	26.20513324528178	44.6259752090853
4	A	124	0	0	0	6	0	0	0	0	1	0	7	NA	4A	4A124	2019	0				NA	vegetative > flowering > flowering	vegetative	flowering	flowering	FALSE	Addition	Addition	2019-05-27T22:00:00Z	147	2019-05-26T18:00:00Z	146	Early	147	early	2019-05-27T18:00:00Z	157.75	-10.75	175	227	219	21.750493375436122	103.20513324528179	124.95562662071791
4	A	168	5	2	9	2	0	0	0	0	0	0	3	NA	4A	4A168	2019	0				NA	flowering > dead_nf > dead_nf	flowering	dead_nf	dead_nf	FALSE	Addition	Addition	2019-05-27T22:00:00Z	147	2019-05-26T18:00:00Z	146	Early	147	early	2019-05-27T18:00:00Z	157.75	-10.75	175	227	219	21.750493375436122	103.20513324528179	124.95562662071791
4	A	89	54	7	4	16	9	0	0	1	0	0	0	NA	4A	4A89	2019	0				NA	vegetative > flowering > dead_nf	vegetative	flowering	dead_nf	FALSE	Addition	Addition	2019-05-27T22:00:00Z	147	2019-05-26T18:00:00Z	146	Early	147	early	2019-05-27T18:00:00Z	157.75	-10.75	175	227	219	21.750493375436122	103.20513324528179	124.95562662071791
4	A	123	35	5	17	31	5	0	0	0	1	0	31	NA	4A	4A123	2019	0				NA	vegetative > flowering > dead_nf	vegetative	flowering	dead_nf	FALSE	Addition	Addition	2019-05-27T22:00:00Z	147	2019-05-26T18:00:00Z	146	Early	147	early	2019-05-27T18:00:00Z	157.75	-10.75	175	227	219	21.750493375436122	103.20513324528179	124.95562662071791
4	B	168	1	1	0	19	1	0	0	0	0	0	9	NA	4B	4B168	2019	0		census20		NA	vegetative > flowering > dead_nf	vegetative	flowering	dead_nf	FALSE	Control	Mock rainout	2019-05-27T22:00:00Z	147	2019-05-26T18:00:00Z	146	Early	147	early	2019-05-27T18:00:00Z	157.75	-10.75	175	227	219	21.750493375436122	26.20513324528178	47.9556266207179
4	B	173	35	4	17	12	6	0	0	2	0	0	0	NA	4B	4B173	2019	0				NA	vegetative > flowering > dead_nf	vegetative	flowering	dead_nf	FALSE	Control	Mock rainout	2019-05-27T22:00:00Z	147	2019-05-26T18:00:00Z	146	Early	147	early	2019-05-27T18:00:00Z	157.75	-10.75	175	227	219	21.750493375436122	26.20513324528178	47.9556266207179
4	C	36	108	13	2	17	4	0	0	0	0	0	0	NA	4C	4C36	2019	0				NA	vegetative > flowering > dead_nf	vegetative	flowering	dead_nf	FALSE	Control	Control	2019-05-27T22:00:00Z	147	2019-05-26T18:00:00Z	146	Early	147	early	2019-05-27T18:00:00Z	157.75	-10.75	175	227	219	21.750493375436122	26.20513324528178	47.9556266207179
4	C	109	3	1	6	4	1	0	0	0	0	0	1	NA	4C	4C109	2019	0				NA	vegetative > flowering > dead_nf	vegetative	flowering	dead_nf	FALSE	Control	Control	2019-05-27T22:00:00Z	147	2019-05-26T18:00:00Z	146	Early	147	early	2019-05-27T18:00:00Z	157.75	-10.75	175	227	219	21.750493375436122	26.20513324528178	47.9556266207179
4	C	111	37	3	0	9	6	0	0	0	0	0	4	NA	4C	4C111	2019	0				NA	vegetative > flowering > dead_nf	vegetative	flowering	dead_nf	FALSE	Control	Control	2019-05-27T22:00:00Z	147	2019-05-26T18:00:00Z	146	Early	147	early	2019-05-27T18:00:00Z	157.75	-10.75	175	227	219	21.750493375436122	26.20513324528178	47.9556266207179
4	C	115	15	3	10	22	2	0	0	0	0	0	1	NA	4C	4C115	2019	0				NA	vegetative > flowering > dead_nf	vegetative	flowering	dead_nf	FALSE	Control	Control	2019-05-27T22:00:00Z	147	2019-05-26T18:00:00Z	146	Early	147	early	2019-05-27T18:00:00Z	157.75	-10.75	175	227	219	21.750493375436122	26.20513324528178	47.9556266207179
4	C	199	19	4	0	26	0	0	0	1	0	0	3	NA	4C	4C199	2019	0				NA	vegetative > flowering > dead_nf	vegetative	flowering	dead_nf	FALSE	Control	Control	2019-05-27T22:00:00Z	147	2019-05-26T18:00:00Z	146	Early	147	early	2019-05-27T18:00:00Z	157.75	-10.75	175	227	219	21.750493375436122	26.20513324528178	47.9556266207179
4	C	643	266	51	22	43	7	0	0	7	0	0	8	NA	4C	4C643	2019	0				NA	vegetative > flowering > dead_nf	vegetative	flowering	dead_nf	FALSE	Control	Control	2019-05-27T22:00:00Z	147	2019-05-26T18:00:00Z	146	Early	147	early	2019-05-27T18:00:00Z	157.75	-10.75	175	227	219	21.750493375436122	26.20513324528178	47.9556266207179
4	D	35	243	7	3	7	6	0	0	2	0	0	2	NA	4D	4D35	2019	0				NA	flowering > flowering > vegetative	flowering	flowering	vegetative	FALSE	Reduction	Reduction	2019-05-27T22:00:00Z	147	2019-05-26T18:00:00Z	146	Early	147	early	2019-05-27T18:00:00Z	157.75	-10.75	175	227	219	21.750493375436122	13.10256662264089	34.853059998077015
4	D	43	0	0	10	13	4	0	0	0	2	0	1	NA	4D	4D43	2019	0				NA	vegetative > flowering > vegetative	vegetative	flowering	vegetative	FALSE	Reduction	Reduction	2019-05-27T22:00:00Z	147	2019-05-26T18:00:00Z	146	Early	147	early	2019-05-27T18:00:00Z	157.75	-10.75	175	227	219	21.750493375436122	13.10256662264089	34.853059998077015
4	C	199	0	0	5	0	1	0	0	0	0	0	0	NA	4C	4C199	2019	0				NA	vegetative > flowering > dead_nf	vegetative	flowering	dead_nf	FALSE	Control	Control	2019-05-27T22:00:00Z	147	2019-05-26T18:00:00Z	146	Early	147	early	2019-05-27T18:00:00Z	157.75	-10.75	175	227	219	21.750493375436122	26.20513324528178	47.9556266207179
4	D	46	113	11	9	9	4	0	0	13	0	0	2	NA	4D	4D46	2019	0				NA	vegetative > flowering > dead_nf	vegetative	flowering	dead_nf	FALSE	Reduction	Reduction	2019-05-27T22:00:00Z	147	2019-05-26T18:00:00Z	146	Early	147	early	2019-05-27T18:00:00Z	157.75	-10.75	175	227	219	21.750493375436122	13.10256662264089	34.853059998077015
5	A	179	58	11	11	18	3	0	0	0	0	0	2	NA	5A	5A179	2019	0				NA	vegetative > flowering > dead_nf	vegetative	flowering	dead_nf	FALSE	Addition	Addition	2019-06-04T15:00:00Z	155	2019-06-03T17:00:00Z	154	Early	155	early	2019-06-04T18:00:00Z	157.75	-2.75	175	227	219	18.73496002150471	103.20513324528179	121.94009326678649
5	A	202	9	1	0	4	1	0	0	3	0	0	1	NA	5A	5A202	2019	0				NA	vegetative > flowering > flowering	vegetative	flowering	flowering	FALSE	Addition	Addition	2019-06-04T15:00:00Z	155	2019-06-03T17:00:00Z	154	Early	155	early	2019-06-04T18:00:00Z	157.75	-2.75	175	227	219	18.73496002150471	103.20513324528179	121.94009326678649
5	B	27	0	0	19	0	1	0	0	27	0	0	0	NA	5B	5B27	2019	0				NA	vegetative > flowering > dead_nf	vegetative	flowering	dead_nf	FALSE	Control	Mock rainout	2019-06-04T15:00:00Z	155	2019-06-03T17:00:00Z	154	Early	155	early	2019-06-04T18:00:00Z	157.75	-2.75	175	227	219	18.73496002150471	26.20513324528178	44.94009326678649
1	B	684	278	40	0	10	12	0	0	7	0	0	7	NA	1B	1B684	2019	0				NA	vegetative > flowering > vegetative	vegetative	flowering	vegetative	FALSE	Control	Control	2019-06-06T17:00:00Z	157	2019-06-06T15:00:00Z	157	Normal	157	normal	2019-06-06T18:00:00Z	157.75	-0.75	175	227	219	18.420841963803518	26.20513324528178	44.6259752090853
5	B	27	276	41	28	31	9	0	0	1	1	0	13	combined two columns	5B	5B27	2019	0				NA	vegetative > flowering > dead_nf	vegetative	flowering	dead_nf	FALSE	Control	Mock rainout	2019-06-04T15:00:00Z	155	2019-06-03T17:00:00Z	154	Early	155	early	2019-06-04T18:00:00Z	157.75	-2.75	175	227	219	18.73496002150471	26.20513324528178	44.94009326678649
5	B	21	42	6	10	9	2	0	0	0	0	0	6	NA	5B	5B21	2019	0				NA	vegetative > flowering > dead_nf	vegetative	flowering	dead_nf	FALSE	Control	Mock rainout	2019-06-04T15:00:00Z	155	2019-06-03T17:00:00Z	154	Early	155	early	2019-06-04T18:00:00Z	157.75	-2.75	175	227	219	18.73496002150471	26.20513324528178	44.94009326678649
1	C	47	30	3	0	22	0	0	0	1	0	0	5	NA	1C	1C47	2019	0				NA	vegetative > flowering > dead_nf	vegetative	flowering	dead_nf	FALSE	Control	Mock rainout	2019-06-06T17:00:00Z	157	2019-06-06T15:00:00Z	157	Normal	157	normal	2019-06-06T18:00:00Z	157.75	-0.75	175	227	219	18.420841963803518	26.20513324528178	44.6259752090853
4	D	53	0	0	0	4	1	0	0	0	0	0	2	NA	4D	4D53	2019	0				NA	vegetative > flowering > dead_nf	vegetative	flowering	dead_nf	FALSE	Reduction	Reduction	2019-05-27T22:00:00Z	147	2019-05-26T18:00:00Z	146	Early	147	early	2019-05-27T18:00:00Z	157.75	-10.75	175	227	219	21.750493375436122	13.10256662264089	34.853059998077015
4	D	54	3	1	1	1	0	0	0	1	0	0	2	NA	4D	4D54	2019	0				NA	vegetative > flowering > vegetative	vegetative	flowering	vegetative	FALSE	Reduction	Reduction	2019-05-27T22:00:00Z	147	2019-05-26T18:00:00Z	146	Early	147	early	2019-05-27T18:00:00Z	157.75	-10.75	175	227	219	21.750493375436122	13.10256662264089	34.853059998077015
4	D	58	9	4	7	8	2	0	0	1	8	0	2	assuming 8(E) means 8 early uncountable fruits	4D	4D58	2019	0				NA	vegetative > flowering > dead_nf	vegetative	flowering	dead_nf	FALSE	Reduction	Reduction	2019-05-27T22:00:00Z	147	2019-05-26T18:00:00Z	146	Early	147	early	2019-05-27T18:00:00Z	157.75	-10.75	175	227	219	21.750493375436122	13.10256662264089	34.853059998077015
4	D	60	37	7	8	5	5	0	0	3	0	0	0	NA	4D	4D60	2019	0				NA	vegetative > flowering > dead_nf	vegetative	flowering	dead_nf	FALSE	Reduction	Reduction	2019-05-27T22:00:00Z	147	2019-05-26T18:00:00Z	146	Early	147	early	2019-05-27T18:00:00Z	157.75	-10.75	175	227	219	21.750493375436122	13.10256662264089	34.853059998077015
4	D	61	67	6	13	14	2	0	0	0	1	0	18	NA	4D	4D61	2019	0				NA	vegetative > flowering > dead_nf	vegetative	flowering	dead_nf	FALSE	Reduction	Reduction	2019-05-27T22:00:00Z	147	2019-05-26T18:00:00Z	146	Early	147	early	2019-05-27T18:00:00Z	157.75	-10.75	175	227	219	21.750493375436122	13.10256662264089	34.853059998077015
4	D	62	4	1	7	0	0	0	0	0	0	0	0	NA	4D	4D62	2019	0				NA	vegetative > flowering > dead_nf	vegetative	flowering	dead_nf	FALSE	Reduction	Reduction	2019-05-27T22:00:00Z	147	2019-05-26T18:00:00Z	146	Early	147	early	2019-05-27T18:00:00Z	157.75	-10.75	175	227	219	21.750493375436122	13.10256662264089	34.853059998077015
5	A	179	66	6	4	0	35	0	0	0	0	0	0	NA	5A	5A179	2019	0				NA	vegetative > flowering > dead_nf	vegetative	flowering	dead_nf	FALSE	Addition	Addition	2019-06-04T15:00:00Z	155	2019-06-03T17:00:00Z	154	Early	155	early	2019-06-04T18:00:00Z	157.75	-2.75	175	227	219	18.73496002150471	103.20513324528179	121.94009326678649
5	A	183	77	10	7	15	2	0	0	2	0	0	3	NA	5A	5A183	2019	0				NA	vegetative > flowering > dead_nf	vegetative	flowering	dead_nf	FALSE	Addition	Addition	2019-06-04T15:00:00Z	155	2019-06-03T17:00:00Z	154	Early	155	early	2019-06-04T18:00:00Z	157.75	-2.75	175	227	219	18.73496002150471	103.20513324528179	121.94009326678649
5	A	193	17	2	2	14	15	0	0	6	0	0	2	NA	5A	5A193	2019	0				NA	vegetative > flowering > dead_nf	vegetative	flowering	dead_nf	FALSE	Addition	Addition	2019-06-04T15:00:00Z	155	2019-06-03T17:00:00Z	154	Early	155	early	2019-06-04T18:00:00Z	157.75	-2.75	175	227	219	18.73496002150471	103.20513324528179	121.94009326678649
5	A	195	6	1	0	20	4	0	0	0	0	0	6	NA	5A	5A195	2019	0				NA	vegetative > flowering > vegetative	vegetative	flowering	vegetative	FALSE	Addition	Addition	2019-06-04T15:00:00Z	155	2019-06-03T17:00:00Z	154	Early	155	early	2019-06-04T18:00:00Z	157.75	-2.75	175	227	219	18.73496002150471	103.20513324528179	121.94009326678649
5	A	196	17	3	1	1	0	0	0	0	1	0	1	NA	5A	5A196	2019	0				NA	vegetative > flowering > flowering	vegetative	flowering	flowering	FALSE	Addition	Addition	2019-06-04T15:00:00Z	155	2019-06-03T17:00:00Z	154	Early	155	early	2019-06-04T18:00:00Z	157.75	-2.75	175	227	219	18.73496002150471	103.20513324528179	121.94009326678649
5	A	200	29	4	0	13	2	0	0	0	0	0	2	NA	5A	5A200	2019	0				NA	vegetative > flowering > dead_nf	vegetative	flowering	dead_nf	FALSE	Addition	Addition	2019-06-04T15:00:00Z	155	2019-06-03T17:00:00Z	154	Early	155	early	2019-06-04T18:00:00Z	157.75	-2.75	175	227	219	18.73496002150471	103.20513324528179	121.94009326678649
5	A	201	18	2	4	5	4	0	0	7	0	0	0	NA	5A	5A201	2019	0				NA	vegetative > flowering > dead_nf	vegetative	flowering	dead_nf	FALSE	Addition	Addition	2019-06-04T15:00:00Z	155	2019-06-03T17:00:00Z	154	Early	155	early	2019-06-04T18:00:00Z	157.75	-2.75	175	227	219	18.73496002150471	103.20513324528179	121.94009326678649
5	B	1	42	7	9	31	6	0	0	0	0	0	2	NA	5B	5B1	2019	0		pheno18		NA	vegetative > flowering > dead_nf	vegetative	flowering	dead_nf	FALSE	Control	Mock rainout	2019-06-04T15:00:00Z	155	2019-06-03T17:00:00Z	154	Early	155	early	2019-06-04T18:00:00Z	157.75	-2.75	175	227	219	18.73496002150471	26.20513324528178	44.94009326678649
5	B	3	38	5	6	16	2	0	0	0	0	0	10	NA	5B	5B3	2019	0				NA	vegetative > flowering > dead_nf	vegetative	flowering	dead_nf	FALSE	Control	Mock rainout	2019-06-04T15:00:00Z	155	2019-06-03T17:00:00Z	154	Early	155	early	2019-06-04T18:00:00Z	157.75	-2.75	175	227	219	18.73496002150471	26.20513324528178	44.94009326678649
5	B	13	51	5	10	6	0	0	0	0	0	0	0	NA	5B	5B13	2019	0				NA	vegetative > flowering > dead_nf	vegetative	flowering	dead_nf	FALSE	Control	Mock rainout	2019-06-04T15:00:00Z	155	2019-06-03T17:00:00Z	154	Early	155	early	2019-06-04T18:00:00Z	157.75	-2.75	175	227	219	18.73496002150471	26.20513324528178	44.94009326678649
5	B	17	65	4	16	9	7	0	0	0	0	0	7	NA	5B	5B17	2019	0				NA	vegetative > flowering > dead_nf	vegetative	flowering	dead_nf	FALSE	Control	Mock rainout	2019-06-04T15:00:00Z	155	2019-06-03T17:00:00Z	154	Early	155	early	2019-06-04T18:00:00Z	157.75	-2.75	175	227	219	18.73496002150471	26.20513324528178	44.94009326678649
5	B	19	4	2	16	18	3	0	0	0	0	0	4	NA	5B	5B19	2019	0				NA	vegetative > flowering > vegetative	vegetative	flowering	vegetative	FALSE	Control	Mock rainout	2019-06-04T15:00:00Z	155	2019-06-03T17:00:00Z	154	Early	155	early	2019-06-04T18:00:00Z	157.75	-2.75	175	227	219	18.73496002150471	26.20513324528178	44.94009326678649
5	B	21	44	5	32	0	9	0	0	0	0	0	0	NA	5B	5B21	2019	0				NA	vegetative > flowering > dead_nf	vegetative	flowering	dead_nf	FALSE	Control	Mock rainout	2019-06-04T15:00:00Z	155	2019-06-03T17:00:00Z	154	Early	155	early	2019-06-04T18:00:00Z	157.75	-2.75	175	227	219	18.73496002150471	26.20513324528178	44.94009326678649
5	B	26	130	29	11	25	6	0	0	0	3	0	0	NA	5B	5B26	2019	0		pheno19		NA	vegetative > flowering > dead_nf	vegetative	flowering	dead_nf	FALSE	Control	Mock rainout	2019-06-04T15:00:00Z	155	2019-06-03T17:00:00Z	154	Early	155	early	2019-06-04T18:00:00Z	157.75	-2.75	175	227	219	18.73496002150471	26.20513324528178	44.94009326678649
5	B	20	0	0	0	0	1	0	0	0	0	0	0	NA	5B	5B20	2019	0		pheno18 pheno19		NA	vegetative > vegetative > flowering	vegetative	vegetative	flowering	FALSE	Control	Mock rainout	2019-06-04T15:00:00Z	155	2019-06-03T17:00:00Z	154	Early	155	early	2019-06-04T18:00:00Z	157.75	-2.75	175	227	219	18.73496002150471	26.20513324528178	44.94009326678649
5	C	214	127	19	0	11	5	0	0	5	0	0	10	NA	5C	5C214	2019	0				NA	vegetative > flowering > dead_nf	vegetative	flowering	dead_nf	FALSE	Reduction	Reduction	2019-06-04T15:00:00Z	155	2019-06-03T17:00:00Z	154	Early	155	early	2019-06-04T18:00:00Z	157.75	-2.75	175	227	219	18.73496002150471	13.10256662264089	31.837526644145598
5	C	229	46	10	0	7	1	0	0	13	0	0	4	NA	5C	5C229	2019	0				NA	vegetative > flowering > dead_nf	vegetative	flowering	dead_nf	FALSE	Reduction	Reduction	2019-06-04T15:00:00Z	155	2019-06-03T17:00:00Z	154	Early	155	early	2019-06-04T18:00:00Z	157.75	-2.75	175	227	219	18.73496002150471	13.10256662264089	31.837526644145598
5	D	230	147	17	0	21	17	0	0	2	0	0	19	NA	5D	5D230	2019	0				NA	vegetative > flowering > flowering	vegetative	flowering	flowering	FALSE	Control	Control	2019-06-04T15:00:00Z	155	2019-06-03T17:00:00Z	154	Early	155	early	2019-06-04T18:00:00Z	157.75	-2.75	175	227	219	18.73496002150471	26.20513324528178	44.94009326678649
5	D	264	45	10	20	2	6	0	0	0	0	0	0	NA	5D	5D264	2019	0				NA	vegetative > flowering > dead_nf	vegetative	flowering	dead_nf	FALSE	Control	Control	2019-06-04T15:00:00Z	155	2019-06-03T17:00:00Z	154	Early	155	early	2019-06-04T18:00:00Z	157.75	-2.75	175	227	219	18.73496002150471	26.20513324528178	44.94009326678649
5	D	288	0	0	24	0	2	0	0	1	0	0	2	counted (9) by itself as 9 splits for now - check original	5D	5D288	2019	0		census20		NA	vegetative > flowering > dead_nf	vegetative	flowering	dead_nf	FALSE	Control	Control	2019-06-04T15:00:00Z	155	2019-06-03T17:00:00Z	154	Early	155	early	2019-06-04T18:00:00Z	157.75	-2.75	175	227	219	18.73496002150471	26.20513324528178	44.94009326678649
5	D	228	75	5	14	9	1	0	0	2	0	0	7	counted (9) by itself as 9 splits for now - check original	5D	5D228	2019	0				NA	flowering > flowering > dead_nf	flowering	flowering	dead_nf	FALSE	Control	Control	2019-06-04T15:00:00Z	155	2019-06-03T17:00:00Z	154	Early	155	early	2019-06-04T18:00:00Z	157.75	-2.75	175	227	219	18.73496002150471	26.20513324528178	44.94009326678649
5	D	262	0	0	7	0	0	0	0	0	0	0	0	NA	5D	5D262	2019	0				NA	vegetative > flowering > dead_nf	vegetative	flowering	dead_nf	FALSE	Control	Control	2019-06-04T15:00:00Z	155	2019-06-03T17:00:00Z	154	Early	155	early	2019-06-04T18:00:00Z	157.75	-2.75	175	227	219	18.73496002150471	26.20513324528178	44.94009326678649
2	D	256	17	6	0	12	3	0	0	0	0	0	0	NA	2D	2D256	2019	0				NA	vegetative > flowering > dead_nf	vegetative	flowering	dead_nf	FALSE	Addition	Addition	2019-06-09T15:00:00Z	160	2019-06-08T20:00:00Z	159	Normal	160	normal	2019-06-09T18:00:00Z	157.75	2.25	175	227	219	18.420841963803518	103.20513324528179	121.62597520908531
4	A	156	0	0	0	0	0	0	0	0	0	0	6	NA	4A	4A156	2019	0				NA	NA	NA	NA	NA	FALSE	Addition	Addition	2019-05-27T22:00:00Z	147	2019-05-26T18:00:00Z	146	Early	147	early	2019-05-27T18:00:00Z	157.75	-10.75	175	227	219	21.750493375436122	103.20513324528179	124.95562662071791
5	B	30	33	6	7	4	4	0	0	4	0	0	11	NA	5B	5B30	2019	0				NA	vegetative > flowering > dead_nf	vegetative	flowering	dead_nf	FALSE	Control	Mock rainout	2019-06-04T15:00:00Z	155	2019-06-03T17:00:00Z	154	Early	155	early	2019-06-04T18:00:00Z	157.75	-2.75	175	227	219	18.73496002150471	26.20513324528178	44.94009326678649
5	B	31	0	0	0	3	1	0	0	0	0	0	8	NA	5B	5B31	2019	0				NA	vegetative > flowering > dead_nf	vegetative	flowering	dead_nf	FALSE	Control	Mock rainout	2019-06-04T15:00:00Z	155	2019-06-03T17:00:00Z	154	Early	155	early	2019-06-04T18:00:00Z	157.75	-2.75	175	227	219	18.73496002150471	26.20513324528178	44.94009326678649
5	B	290	87	12	16	13	10	0	0	17	0	0	1	NA	5B	5B290	2019	0				NA	vegetative > flowering > dead_nf	vegetative	flowering	dead_nf	FALSE	Control	Mock rainout	2019-06-04T15:00:00Z	155	2019-06-03T17:00:00Z	154	Early	155	early	2019-06-04T18:00:00Z	157.75	-2.75	175	227	219	18.73496002150471	26.20513324528178	44.94009326678649
5	C	201	49	4	8	7	1	0	0	0	0	0	1	NA	5C	5C201	2019	0				NA	vegetative > flowering > dead_nf	vegetative	flowering	dead_nf	FALSE	Reduction	Reduction	2019-06-04T15:00:00Z	155	2019-06-03T17:00:00Z	154	Early	155	early	2019-06-04T18:00:00Z	157.75	-2.75	175	227	219	18.73496002150471	13.10256662264089	31.837526644145598
5	C	209	15	1	1	5	0	0	0	1	0	0	3	NA	5C	5C209	2019	0				NA	vegetative > flowering > dead_nf	vegetative	flowering	dead_nf	FALSE	Reduction	Reduction	2019-06-04T15:00:00Z	155	2019-06-03T17:00:00Z	154	Early	155	early	2019-06-04T18:00:00Z	157.75	-2.75	175	227	219	18.73496002150471	13.10256662264089	31.837526644145598
5	C	214	47	8	26	1	5	0	0	3	0	0	0	NA	5C	5C214	2019	0				NA	vegetative > flowering > dead_nf	vegetative	flowering	dead_nf	FALSE	Reduction	Reduction	2019-06-04T15:00:00Z	155	2019-06-03T17:00:00Z	154	Early	155	early	2019-06-04T18:00:00Z	157.75	-2.75	175	227	219	18.73496002150471	13.10256662264089	31.837526644145598
5	C	217	74	8	4	0	1	0	0	7	0	0	2	NA	5C	5C217	2019	0				NA	vegetative > flowering > flowering	vegetative	flowering	flowering	FALSE	Reduction	Reduction	2019-06-04T15:00:00Z	155	2019-06-03T17:00:00Z	154	Early	155	early	2019-06-04T18:00:00Z	157.75	-2.75	175	227	219	18.73496002150471	13.10256662264089	31.837526644145598
5	C	228	18	2	0	1	5	0	0	0	0	0	1	NA	5C	5C228	2019	0				NA	vegetative > flowering > dead_nf	vegetative	flowering	dead_nf	FALSE	Reduction	Reduction	2019-06-04T15:00:00Z	155	2019-06-03T17:00:00Z	154	Early	155	early	2019-06-04T18:00:00Z	157.75	-2.75	175	227	219	18.73496002150471	13.10256662264089	31.837526644145598
5	C	229	114	15	13	0	8	0	0	6	0	0	0	NA	5C	5C229	2019	0				NA	vegetative > flowering > dead_nf	vegetative	flowering	dead_nf	FALSE	Reduction	Reduction	2019-06-04T15:00:00Z	155	2019-06-03T17:00:00Z	154	Early	155	early	2019-06-04T18:00:00Z	157.75	-2.75	175	227	219	18.73496002150471	13.10256662264089	31.837526644145598
5	D	228	69	6	16	1	3	0	0	18	1	0	0	NA	5D	5D228	2019	0				NA	flowering > flowering > dead_nf	flowering	flowering	dead_nf	FALSE	Control	Control	2019-06-04T15:00:00Z	155	2019-06-03T17:00:00Z	154	Early	155	early	2019-06-04T18:00:00Z	157.75	-2.75	175	227	219	18.73496002150471	26.20513324528178	44.94009326678649
5	D	230	131	9	28	0	8	0	0	1	0	0	0	NA	5D	5D230	2019	0				NA	vegetative > flowering > flowering	vegetative	flowering	flowering	FALSE	Control	Control	2019-06-04T15:00:00Z	155	2019-06-03T17:00:00Z	154	Early	155	early	2019-06-04T18:00:00Z	157.75	-2.75	175	227	219	18.73496002150471	26.20513324528178	44.94009326678649
5	D	234	17	3	0	23	0	0	0	0	0	0	25	NA	5D	5D234	2019	0		pheno18 seeds18		NA	vegetative > flowering > dead_nf	vegetative	flowering	dead_nf	FALSE	Control	Control	2019-06-04T15:00:00Z	155	2019-06-03T17:00:00Z	154	Early	155	early	2019-06-04T18:00:00Z	157.75	-2.75	175	227	219	18.73496002150471	26.20513324528178	44.94009326678649
5	D	239	54	11	2	5	8	0	0	0	0	12	9	NA	5D	5D239	2019	21				NA	vegetative > flowering > dead_nf	vegetative	flowering	dead_nf	FALSE	Control	Control	2019-06-04T15:00:00Z	155	2019-06-03T17:00:00Z	154	Early	155	early	2019-06-04T18:00:00Z	157.75	-2.75	175	227	219	18.73496002150471	26.20513324528178	44.94009326678649
5	D	240	181	21	10	3	12	0	0	5	0	0	2	NA	5D	5D240	2019	0				NA	vegetative > flowering > dead_nf	vegetative	flowering	dead_nf	FALSE	Control	Control	2019-06-04T15:00:00Z	155	2019-06-03T17:00:00Z	154	Early	155	early	2019-06-04T18:00:00Z	157.75	-2.75	175	227	219	18.73496002150471	26.20513324528178	44.94009326678649
5	D	241	54	11	22	0	6	0	0	0	0	0	0	NA	5D	5D241	2019	0				NA	vegetative > flowering > dead_nf	vegetative	flowering	dead_nf	FALSE	Control	Control	2019-06-04T15:00:00Z	155	2019-06-03T17:00:00Z	154	Early	155	early	2019-06-04T18:00:00Z	157.75	-2.75	175	227	219	18.73496002150471	26.20513324528178	44.94009326678649
5	D	246	57	9	6	6	7	0	0	0	1	0	0	NA	5D	5D246	2019	0				NA	vegetative > flowering > dead_nf	vegetative	flowering	dead_nf	FALSE	Control	Control	2019-06-04T15:00:00Z	155	2019-06-03T17:00:00Z	154	Early	155	early	2019-06-04T18:00:00Z	157.75	-2.75	175	227	219	18.73496002150471	26.20513324528178	44.94009326678649
5	D	249	9	3	0	7	7	0	0	4	0	0	48	NA	5D	5D249	2019	0				NA	vegetative > flowering > dead_nf	vegetative	flowering	dead_nf	FALSE	Control	Control	2019-06-04T15:00:00Z	155	2019-06-03T17:00:00Z	154	Early	155	early	2019-06-04T18:00:00Z	157.75	-2.75	175	227	219	18.73496002150471	26.20513324528178	44.94009326678649
5	D	256	22	4	37	0	4	0	0	0	0	0	0	NA	5D	5D256	2019	0				NA	vegetative > flowering > dead_nf	vegetative	flowering	dead_nf	FALSE	Control	Control	2019-06-04T15:00:00Z	155	2019-06-03T17:00:00Z	154	Early	155	early	2019-06-04T18:00:00Z	157.75	-2.75	175	227	219	18.73496002150471	26.20513324528178	44.94009326678649
5	D	257	14	2	26	10	5	0	0	0	0	0	0	NA	5D	5D257	2019	0				NA	vegetative > flowering > dead_nf	vegetative	flowering	dead_nf	FALSE	Control	Control	2019-06-04T15:00:00Z	155	2019-06-03T17:00:00Z	154	Early	155	early	2019-06-04T18:00:00Z	157.75	-2.75	175	227	219	18.73496002150471	26.20513324528178	44.94009326678649
5	D	261	39	3	17	3	4	0	0	0	0	0	1	NA	5D	5D261	2019	0				NA	vegetative > flowering > dead_nf	vegetative	flowering	dead_nf	FALSE	Control	Control	2019-06-04T15:00:00Z	155	2019-06-03T17:00:00Z	154	Early	155	early	2019-06-04T18:00:00Z	157.75	-2.75	175	227	219	18.73496002150471	26.20513324528178	44.94009326678649
5	D	262	19	2	26	2	13	0	0	3	0	0	0	NA	5D	5D262	2019	0				NA	vegetative > flowering > dead_nf	vegetative	flowering	dead_nf	FALSE	Control	Control	2019-06-04T15:00:00Z	155	2019-06-03T17:00:00Z	154	Early	155	early	2019-06-04T18:00:00Z	157.75	-2.75	175	227	219	18.73496002150471	26.20513324528178	44.94009326678649
5	D	264	101	14	21	0	7	0	0	2	0	0	0	NA	5D	5D264	2019	0				NA	vegetative > flowering > dead_nf	vegetative	flowering	dead_nf	FALSE	Control	Control	2019-06-04T15:00:00Z	155	2019-06-03T17:00:00Z	154	Early	155	early	2019-06-04T18:00:00Z	157.75	-2.75	175	227	219	18.73496002150471	26.20513324528178	44.94009326678649
5	D	266	122	11	19	5	6	0	0	3	0	0	0	NA	5D	5D266	2019	0				NA	vegetative > flowering > dead_nf	vegetative	flowering	dead_nf	FALSE	Control	Control	2019-06-04T15:00:00Z	155	2019-06-03T17:00:00Z	154	Early	155	early	2019-06-04T18:00:00Z	157.75	-2.75	175	227	219	18.73496002150471	26.20513324528178	44.94009326678649
5	D	272	9	1	13	2	2	0	0	4	0	0	10	NA	5D	5D272	2019	0				NA	vegetative > flowering > dead_nf	vegetative	flowering	dead_nf	FALSE	Control	Control	2019-06-04T15:00:00Z	155	2019-06-03T17:00:00Z	154	Early	155	early	2019-06-04T18:00:00Z	157.75	-2.75	175	227	219	18.73496002150471	26.20513324528178	44.94009326678649
5	D	282	8	2	27	13	5	0	0	1	0	0	0	NA	5D	5D282	2019	0				NA	vegetative > flowering > dead_nf	vegetative	flowering	dead_nf	FALSE	Control	Control	2019-06-04T15:00:00Z	155	2019-06-03T17:00:00Z	154	Early	155	early	2019-06-04T18:00:00Z	157.75	-2.75	175	227	219	18.73496002150471	26.20513324528178	44.94009326678649
5	D	286	53	8	11	30	22	0	0	2	0	0	14	NA	5D	5D286	2019	0				NA	vegetative > flowering > dead_nf	vegetative	flowering	dead_nf	FALSE	Control	Control	2019-06-04T15:00:00Z	155	2019-06-03T17:00:00Z	154	Early	155	early	2019-06-04T18:00:00Z	157.75	-2.75	175	227	219	18.73496002150471	26.20513324528178	44.94009326678649
5	D	287	4	1	6	4	8	0	0	1	0	0	3	NA	5D	5D287	2019	0				NA	vegetative > flowering > dead_nf	vegetative	flowering	dead_nf	FALSE	Control	Control	2019-06-04T15:00:00Z	155	2019-06-03T17:00:00Z	154	Early	155	early	2019-06-04T18:00:00Z	157.75	-2.75	175	227	219	18.73496002150471	26.20513324528178	44.94009326678649
5	D	288	28	3	16	0	10	0	0	0	0	0	0	NA	5D	5D288	2019	0		census20		NA	vegetative > flowering > dead_nf	vegetative	flowering	dead_nf	FALSE	Control	Control	2019-06-04T15:00:00Z	155	2019-06-03T17:00:00Z	154	Early	155	early	2019-06-04T18:00:00Z	157.75	-2.75	175	227	219	18.73496002150471	26.20513324528178	44.94009326678649
6	A	123	8	1	5	4	0	0	0	1	0	0	7	NA	6A	6A123	2019	0				NA	vegetative > flowering > dead_nf	vegetative	flowering	dead_nf	FALSE	Control	Control	2019-06-05T19:00:00Z	156	2019-06-05T17:00:00Z	156	Normal	156	normal	2019-06-05T18:00:00Z	157.75	-1.75	175	227	219	18.420841963803518	26.20513324528178	44.6259752090853
6	A	124	18	3	7	11	1	0	0	0	0	0	5	NA	6A	6A124	2019	0				NA	vegetative > flowering > vegetative	vegetative	flowering	vegetative	FALSE	Control	Control	2019-06-05T19:00:00Z	156	2019-06-05T17:00:00Z	156	Normal	156	normal	2019-06-05T18:00:00Z	157.75	-1.75	175	227	219	18.420841963803518	26.20513324528178	44.6259752090853
5	D	241	18	3	0	6	2	0	0	0	0	0	9	NA	5D	5D241	2019	0				NA	vegetative > flowering > dead_nf	vegetative	flowering	dead_nf	FALSE	Control	Control	2019-06-04T15:00:00Z	155	2019-06-03T17:00:00Z	154	Early	155	early	2019-06-04T18:00:00Z	157.75	-2.75	175	227	219	18.73496002150471	26.20513324528178	44.94009326678649
5	D	262	292	46	0	19	5	0	0	2	0	0	22	NA	5D	5D262	2019	0				NA	vegetative > flowering > dead_nf	vegetative	flowering	dead_nf	FALSE	Control	Control	2019-06-04T15:00:00Z	155	2019-06-03T17:00:00Z	154	Early	155	early	2019-06-04T18:00:00Z	157.75	-2.75	175	227	219	18.73496002150471	26.20513324528178	44.94009326678649
5	D	266	18	4	0	17	0	0	0	2	0	0	17	NA	5D	5D266	2019	0				NA	vegetative > flowering > dead_nf	vegetative	flowering	dead_nf	FALSE	Control	Control	2019-06-04T15:00:00Z	155	2019-06-03T17:00:00Z	154	Early	155	early	2019-06-04T18:00:00Z	157.75	-2.75	175	227	219	18.73496002150471	26.20513324528178	44.94009326678649
6	B	31	50	6	0	1	1	0	0	0	0	0	15	NA	6B	6B31	2019	0				NA	vegetative > flowering > dead_nf	vegetative	flowering	dead_nf	FALSE	Reduction	Reduction	2019-06-05T19:00:00Z	156	2019-06-05T17:00:00Z	156	Normal	156	normal	2019-06-05T18:00:00Z	157.75	-1.75	175	227	219	18.420841963803518	13.10256662264089	31.523408586444408
6	C	123	26	6	0	7	0	0	0	0	0	0	5	NA	6C	6C123	2019	0				NA	vegetative > flowering > dead_nf	vegetative	flowering	dead_nf	FALSE	Control	Mock rainout	2019-06-05T19:00:00Z	156	2019-06-05T17:00:00Z	156	Normal	156	normal	2019-06-05T18:00:00Z	157.75	-1.75	175	227	219	18.420841963803518	26.20513324528178	44.6259752090853
6	A	156	6	2	6	0	0	0	0	0	0	0	0	NA	6A	6A156	2019	0				NA	vegetative > flowering > dead_nf	vegetative	flowering	dead_nf	FALSE	Control	Control	2019-06-05T19:00:00Z	156	2019-06-05T17:00:00Z	156	Normal	156	normal	2019-06-05T18:00:00Z	157.75	-1.75	175	227	219	18.420841963803518	26.20513324528178	44.6259752090853
6	A	171	9	2	3	7	1	0	0	0	0	0	4	NA	6A	6A171	2019	0				NA	vegetative > flowering > dead_nf	vegetative	flowering	dead_nf	FALSE	Control	Control	2019-06-05T19:00:00Z	156	2019-06-05T17:00:00Z	156	Normal	156	normal	2019-06-05T18:00:00Z	157.75	-1.75	175	227	219	18.420841963803518	26.20513324528178	44.6259752090853
6	B	2	114	21	11	10	6	0	0	4	0	0	29	NA	6B	6B2	2019	0				NA	vegetative > flowering > dead_nf	vegetative	flowering	dead_nf	FALSE	Reduction	Reduction	2019-06-05T19:00:00Z	156	2019-06-05T17:00:00Z	156	Normal	156	normal	2019-06-05T18:00:00Z	157.75	-1.75	175	227	219	18.420841963803518	13.10256662264089	31.523408586444408
6	B	7	48	9	19	8	2	0	0	0	6	0	1	assuming 6(E) means 6 early uncountable fruits	6B	6B7	2019	0				NA	vegetative > flowering > dead_nf	vegetative	flowering	dead_nf	FALSE	Reduction	Reduction	2019-06-05T19:00:00Z	156	2019-06-05T17:00:00Z	156	Normal	156	normal	2019-06-05T18:00:00Z	157.75	-1.75	175	227	219	18.420841963803518	13.10256662264089	31.523408586444408
6	B	23	0	0	0	0	0	0	0	0	0	0	0	NA	6B	6B23	2019	0				NA	vegetative > flowering > dead_nf	vegetative	flowering	dead_nf	FALSE	Reduction	Reduction	2019-06-05T19:00:00Z	156	2019-06-05T17:00:00Z	156	Normal	156	normal	2019-06-05T18:00:00Z	157.75	-1.75	175	227	219	18.420841963803518	13.10256662264089	31.523408586444408
6	B	29	256	33	6	12	23	0	0	1	0	0	20	NA	6B	6B29	2019	0		seeds18		NA	vegetative > flowering > dead_nf	vegetative	flowering	dead_nf	FALSE	Reduction	Reduction	2019-06-05T19:00:00Z	156	2019-06-05T17:00:00Z	156	Normal	156	normal	2019-06-05T18:00:00Z	157.75	-1.75	175	227	219	18.420841963803518	13.10256662264089	31.523408586444408
6	B	35	32	3	9	8	1	0	0	2	0	0	2	NA	6B	6B35	2019	0				NA	vegetative > flowering > dead_nf	vegetative	flowering	dead_nf	FALSE	Reduction	Reduction	2019-06-05T19:00:00Z	156	2019-06-05T17:00:00Z	156	Normal	156	normal	2019-06-05T18:00:00Z	157.75	-1.75	175	227	219	18.420841963803518	13.10256662264089	31.523408586444408
6	B	36	125	11	10	8	2	0	0	5	0	0	1	NA	6B	6B36	2019	0				NA	vegetative > flowering > flowering	vegetative	flowering	flowering	FALSE	Reduction	Reduction	2019-06-05T19:00:00Z	156	2019-06-05T17:00:00Z	156	Normal	156	normal	2019-06-05T18:00:00Z	157.75	-1.75	175	227	219	18.420841963803518	13.10256662264089	31.523408586444408
6	C	80	88	13	3	6	5	0	0	2	0	0	6	NA	6C	6C80	2019	0				NA	vegetative > flowering > vegetative	vegetative	flowering	vegetative	FALSE	Control	Mock rainout	2019-06-05T19:00:00Z	156	2019-06-05T17:00:00Z	156	Normal	156	normal	2019-06-05T18:00:00Z	157.75	-1.75	175	227	219	18.420841963803518	26.20513324528178	44.6259752090853
6	C	83	36	5	24	9	17	0	0	2	0	0	4	NA	6C	6C83	2019	0				NA	vegetative > flowering > dead_nf	vegetative	flowering	dead_nf	FALSE	Control	Mock rainout	2019-06-05T19:00:00Z	156	2019-06-05T17:00:00Z	156	Normal	156	normal	2019-06-05T18:00:00Z	157.75	-1.75	175	227	219	18.420841963803518	26.20513324528178	44.6259752090853
6	B	10	87	9	7	4	1	0	0	12	0	0	1	NA	6B	6B10	2019	0				NA	vegetative > flowering > vegetative	vegetative	flowering	vegetative	FALSE	Reduction	Reduction	2019-06-05T19:00:00Z	156	2019-06-05T17:00:00Z	156	Normal	156	normal	2019-06-05T18:00:00Z	157.75	-1.75	175	227	219	18.420841963803518	13.10256662264089	31.523408586444408
6	B	13	76	11	9	1	6	0	0	0	0	0	0	NA	6B	6B13	2019	0				NA	vegetative > flowering > dead_nf	vegetative	flowering	dead_nf	FALSE	Reduction	Reduction	2019-06-05T19:00:00Z	156	2019-06-05T17:00:00Z	156	Normal	156	normal	2019-06-05T18:00:00Z	157.75	-1.75	175	227	219	18.420841963803518	13.10256662264089	31.523408586444408
6	B	29	80	10	38	3	5	0	0	0	0	0	0	combined two columns	6B	6B29	2019	0		seeds18		NA	vegetative > flowering > dead_nf	vegetative	flowering	dead_nf	FALSE	Reduction	Reduction	2019-06-05T19:00:00Z	156	2019-06-05T17:00:00Z	156	Normal	156	normal	2019-06-05T18:00:00Z	157.75	-1.75	175	227	219	18.420841963803518	13.10256662264089	31.523408586444408
6	B	37	127	12	23	1	3	0	0	1	0	0	3	counted (9) by itself as 9 splits for now - check original	6B	6B37	2019	0				NA	vegetative > flowering > dead_nf	vegetative	flowering	dead_nf	FALSE	Reduction	Reduction	2019-06-05T19:00:00Z	156	2019-06-05T17:00:00Z	156	Normal	156	normal	2019-06-05T18:00:00Z	157.75	-1.75	175	227	219	18.420841963803518	13.10256662264089	31.523408586444408
6	C	123	176	21	0	0	0	0	0	9	0	0	0	NA	6C	6C123	2019	0				NA	vegetative > flowering > dead_nf	vegetative	flowering	dead_nf	FALSE	Control	Mock rainout	2019-06-05T19:00:00Z	156	2019-06-05T17:00:00Z	156	Normal	156	normal	2019-06-05T18:00:00Z	157.75	-1.75	175	227	219	18.420841963803518	26.20513324528178	44.6259752090853
6	C	108	121	15	0	24	0	0	0	0	0	0	0	NA	6C	6C108	2019	0				NA	vegetative > flowering > dead_nf	vegetative	flowering	dead_nf	FALSE	Control	Mock rainout	2019-06-05T19:00:00Z	156	2019-06-05T17:00:00Z	156	Normal	156	normal	2019-06-05T18:00:00Z	157.75	-1.75	175	227	219	18.420841963803518	26.20513324528178	44.6259752090853
6	D	81	57	9	2	1	0	0	0	1	0	0	0	NA	6D	6D81	2019	0				NA	vegetative > flowering > vegetative	vegetative	flowering	vegetative	FALSE	Addition	Addition	2019-06-05T19:00:00Z	156	2019-06-05T17:00:00Z	156	Normal	156	normal	2019-06-05T18:00:00Z	157.75	-1.75	175	227	219	18.420841963803518	103.20513324528179	121.62597520908531
3	C	122	0	0	0	18	2	0	0	0	0	0	9	NA	3C	3C122	2019	0				NA	vegetative > flowering > vegetative	vegetative	flowering	vegetative	FALSE	Addition	Addition	2019-06-07T14:00:00Z	158	2019-06-06T19:00:00Z	157	Normal	158	normal	2019-06-07T18:00:00Z	157.75	0.25	175	227	219	18.420841963803518	103.20513324528179	121.62597520908531
3	C	141	0	0	0	18	0	0	0	0	0	0	2	NA	3C	3C141	2019	0				NA	vegetative > vegetative > tagnf	vegetative	vegetative	tagnf	FALSE	Addition	Addition	2019-06-07T14:00:00Z	158	2019-06-06T19:00:00Z	157	Normal	158	normal	2019-06-07T18:00:00Z	157.75	0.25	175	227	219	18.420841963803518	103.20513324528179	121.62597520908531
6	C	108	209	16	29	0	2	0	0	0	0	0	0	NA	6C	6C108	2019	0				NA	vegetative > flowering > dead_nf	vegetative	flowering	dead_nf	FALSE	Control	Mock rainout	2019-06-05T19:00:00Z	156	2019-06-05T17:00:00Z	156	Normal	156	normal	2019-06-05T18:00:00Z	157.75	-1.75	175	227	219	18.420841963803518	26.20513324528178	44.6259752090853
6	C	122	15	1	10	0	0	0	0	3	0	0	0	NA	6C	6C122	2019	0				NA	vegetative > flowering > vegetative	vegetative	flowering	vegetative	FALSE	Control	Mock rainout	2019-06-05T19:00:00Z	156	2019-06-05T17:00:00Z	156	Normal	156	normal	2019-06-05T18:00:00Z	157.75	-1.75	175	227	219	18.420841963803518	26.20513324528178	44.6259752090853
6	C	123	263	27	26	0	6	0	0	0	0	0	0	NA	6C	6C123	2019	0				NA	vegetative > flowering > dead_nf	vegetative	flowering	dead_nf	FALSE	Control	Mock rainout	2019-06-05T19:00:00Z	156	2019-06-05T17:00:00Z	156	Normal	156	normal	2019-06-05T18:00:00Z	157.75	-1.75	175	227	219	18.420841963803518	26.20513324528178	44.6259752090853
6	D	39	147	27	22	7	9	0	0	3	0	0	10	NA	6D	6D39	2019	0				NA	vegetative > flowering > dead_nf	vegetative	flowering	dead_nf	FALSE	Addition	Addition	2019-06-05T19:00:00Z	156	2019-06-05T17:00:00Z	156	Normal	156	normal	2019-06-05T18:00:00Z	157.75	-1.75	175	227	219	18.420841963803518	103.20513324528179	121.62597520908531
6	D	40	15	1	24	15	7	0	0	0	0	0	8	NA	6D	6D40	2019	0		pheno18		NA	vegetative > flowering > dead_nf	vegetative	flowering	dead_nf	FALSE	Addition	Addition	2019-06-05T19:00:00Z	156	2019-06-05T17:00:00Z	156	Normal	156	normal	2019-06-05T18:00:00Z	157.75	-1.75	175	227	219	18.420841963803518	103.20513324528179	121.62597520908531
6	D	50	47	6	9	3	1	0	0	1	0	0	5	NA	6D	6D50	2019	0				NA	vegetative > flowering > dead_nf	vegetative	flowering	dead_nf	FALSE	Addition	Addition	2019-06-05T19:00:00Z	156	2019-06-05T17:00:00Z	156	Normal	156	normal	2019-06-05T18:00:00Z	157.75	-1.75	175	227	219	18.420841963803518	103.20513324528179	121.62597520908531
6	D	79	31	6	2	4	2	0	0	4	0	0	31	NA	6D	6D79	2019	0				NA	vegetative > flowering > dead_nf	vegetative	flowering	dead_nf	FALSE	Addition	Addition	2019-06-05T19:00:00Z	156	2019-06-05T17:00:00Z	156	Normal	156	normal	2019-06-05T18:00:00Z	157.75	-1.75	175	227	219	18.420841963803518	103.20513324528179	121.62597520908531
6	D	80	95	8	18	0	7	0	0	0	3	0	0	assuming 3(E) means 3 early uncountable fruits	6D	6D80	2019	0				NA	vegetative > flowering > dead_nf	vegetative	flowering	dead_nf	FALSE	Addition	Addition	2019-06-05T19:00:00Z	156	2019-06-05T17:00:00Z	156	Normal	156	normal	2019-06-05T18:00:00Z	157.75	-1.75	175	227	219	18.420841963803518	103.20513324528179	121.62597520908531
2	A	678	2	2	0	0	0	0	0	0	0	0	0	NA	2A	2A678	2019	0				NA	NA	NA	NA	NA	FALSE	Control	Control	2019-06-09T15:00:00Z	160	2019-06-08T20:00:00Z	159	Normal	160	normal	2019-06-09T18:00:00Z	157.75	2.25	175	227	219	18.420841963803518	26.20513324528178	44.6259752090853
2	C	2	8	3	0	1	0	0	0	0	0	0	0	NA	2C	2C2	2019	0				NA	NA	NA	NA	NA	FALSE	Reduction	Reduction	2019-06-09T15:00:00Z	160	2019-06-08T20:00:00Z	159	Normal	160	normal	2019-06-09T18:00:00Z	157.75	2.25	175	227	219	18.420841963803518	13.10256662264089	31.523408586444408
