year	plotid	plant	plantid_uncorrected	photosynthesis	conductance	WUE	notes	plantid	plot	subplot	discard	separate	modify	plantid_new	transition_fixed	status_18_fixed	status_19_fixed	status_20_fixed	modified	flowered	survived	water	water4	sun_time	sun_date	warm_time	warm_date	snow	sun_date_normal_mean	melt_offset	water_begin	water_end	last_day	precip_prewater_mm	precip_postwater_mm	precip_est_mm	date	n_leaves	VWC
2018	1A	229	1A229	5.1953634165	0.078170913375	66.142	NA	1A229	1	A				NA	vegetative > vegetative > dead_nf	vegetative	vegetative	dead_nf	FALSE	0	1	Addition	Addition	2018-04-29T21:00:00Z	119	2018-04-29T17:00:00Z	119	Normal	119	0	157	222	212	7.3525465864861	128.45676240123066	135.80930898771678	NA	NA	NA
2018	1A	239	1A239	28.840378625	0.72988306435	39.669	NA	1A239	1	A				NA	vegetative > flowering > dead_nf	vegetative	flowering	dead_nf	FALSE	1	1	Addition	Addition	2018-04-29T21:00:00Z	119	2018-04-29T17:00:00Z	119	Normal	119	0	157	222	212	7.3525465864861	128.45676240123066	135.80930898771678	NA	NA	NA
2018	1A	243	1A243	21.63269327	0.42484636425	51.249	NA	1A243	1	A				NA	vegetative > vegetative > flowering	vegetative	vegetative	flowering	FALSE	0	1	Addition	Addition	2018-04-29T21:00:00Z	119	2018-04-29T17:00:00Z	119	Normal	119	0	157	222	212	7.3525465864861	128.45676240123066	135.80930898771678	NA	NA	NA
2018	1A	250	1A250	23.960462065	0.47115313195	54.049	NA	1A250	1	A				NA	vegetative > vegetative > flowering	vegetative	vegetative	flowering	FALSE	0	1	Addition	Addition	2018-04-29T21:00:00Z	119	2018-04-29T17:00:00Z	119	Normal	119	0	157	222	212	7.3525465864861	128.45676240123066	135.80930898771678	NA	NA	NA
2018	1A	252	1A252	24.69761461	0.2622626579	94.879	NA	1A252	1	A				NA	vegetative > vegetative > no_record	vegetative	vegetative	no_record	FALSE	0	1	Addition	Addition	2018-04-29T21:00:00Z	119	2018-04-29T17:00:00Z	119	Normal	119	0	157	222	212	7.3525465864861	128.45676240123066	135.80930898771678	NA	NA	NA
2018	1B	648	1B648	3.902457631	0.021412443775	181.85	NA	1B648	1	B				NA	vegetative > flowering > dead_nf	vegetative	flowering	dead_nf	FALSE	1	1	Control	Control	2018-04-29T21:00:00Z	119	2018-04-29T17:00:00Z	119	Normal	119	0	157	222	212	7.3525465864861	32.20676240123067	39.55930898771677	NA	NA	NA
2018	1B	650	1B650	22.269021065	0.39755320325	56.028	NA	1B650	1	B				NA	vegetative > vegetative > flowering	vegetative	vegetative	flowering	FALSE	0	1	Control	Control	2018-04-29T21:00:00Z	119	2018-04-29T17:00:00Z	119	Normal	119	0	157	222	212	7.3525465864861	32.20676240123067	39.55930898771677	NA	NA	NA
2018	1B	654	1B654	13.330888075	0.098840842455	135.178	NA	1B654	1	B				NA	vegetative > dead_nf > dead_nf	vegetative	dead_nf	dead_nf	FALSE	0	0	Control	Control	2018-04-29T21:00:00Z	119	2018-04-29T17:00:00Z	119	Normal	119	0	157	222	212	7.3525465864861	32.20676240123067	39.55930898771677	NA	NA	NA
2018	1B	667	1B667	6.1406542155	0.037976645615	162.126	NA	1B667	1	B				NA	vegetative > dead_nf > dead_nf	vegetative	dead_nf	dead_nf	FALSE	0	0	Control	Control	2018-04-29T21:00:00Z	119	2018-04-29T17:00:00Z	119	Normal	119	0	157	222	212	7.3525465864861	32.20676240123067	39.55930898771677	NA	NA	NA
2018	1B	670	1B270	13.97441087	0.22943107075	60.862	DRC updated plant number	1B670	1	B				NA	vegetative > flowering > dead_nf	vegetative	flowering	dead_nf	FALSE	1	1	Control	Control	2018-04-29T21:00:00Z	119	2018-04-29T17:00:00Z	119	Normal	119	0	157	222	212	7.3525465864861	32.20676240123067	39.55930898771677	NA	NA	NA
2018	1B	684	1B684	3.7826763985	0.064220836305	59.444	NA	1B684	1	B				NA	vegetative > flowering > vegetative	vegetative	flowering	vegetative	FALSE	1	1	Control	Control	2018-04-29T21:00:00Z	119	2018-04-29T17:00:00Z	119	Normal	119	0	157	222	212	7.3525465864861	32.20676240123067	39.55930898771677	NA	NA	NA
2018	1C	44	1C44	30.66044055	0.24190018465	127.293	NA	1C44	1	C				NA	vegetative > dead_nf > dead_nf	vegetative	dead_nf	dead_nf	FALSE	0	0	Control	Mock rainout	2018-04-29T21:00:00Z	119	2018-04-29T17:00:00Z	119	Normal	119	0	157	222	212	7.3525465864861	32.20676240123067	39.55930898771677	NA	NA	NA
2018	1C	46	1C46	4.1064495585	0.02611842324	159.012	NA	1C46	1	C				NA	vegetative > vegetative > flowering	vegetative	vegetative	flowering	FALSE	0	1	Control	Mock rainout	2018-04-29T21:00:00Z	119	2018-04-29T17:00:00Z	119	Normal	119	0	157	222	212	7.3525465864861	32.20676240123067	39.55930898771677	NA	NA	NA
2018	1C	52	1C52	1.495981622	0.02212425666	67.617	NA	1C52	1	C				NA	vegetative > dead_nf > dead_nf	vegetative	dead_nf	dead_nf	FALSE	0	0	Control	Mock rainout	2018-04-29T21:00:00Z	119	2018-04-29T17:00:00Z	119	Normal	119	0	157	222	212	7.3525465864861	32.20676240123067	39.55930898771677	NA	NA	NA
2018	1C	57	1C57	4.870760534	0.02337957661	206.799	NA	1C57	1	C				NA	vegetative > vegetative > vegetative	vegetative	vegetative	vegetative	FALSE	0	1	Control	Mock rainout	2018-04-29T21:00:00Z	119	2018-04-29T17:00:00Z	119	Normal	119	0	157	222	212	7.3525465864861	32.20676240123067	39.55930898771677	NA	NA	NA
2018	1C	67	1C67	6.2290055665	0.05400287707	116.263	NA	1C67	1	C		pheno18		NA	vegetative > vegetative > dead_nf	vegetative	vegetative	dead_nf	FALSE	0	1	Control	Mock rainout	2018-04-29T21:00:00Z	119	2018-04-29T17:00:00Z	119	Normal	119	0	157	222	212	7.3525465864861	32.20676240123067	39.55930898771677	NA	NA	NA
2018	1C	72	1C72	3.553621036	0.048898550615	74.21	NA	1C72	1	C				NA	vegetative > flowering > dead_nf	vegetative	flowering	dead_nf	FALSE	1	1	Control	Mock rainout	2018-04-29T21:00:00Z	119	2018-04-29T17:00:00Z	119	Normal	119	0	157	222	212	7.3525465864861	32.20676240123067	39.55930898771677	NA	NA	NA
2018	1D	1	1D1	17.5261675	0.25434286435	68.882	NA	1D1	1	D				NA	vegetative > dead_nf > dead_nf	vegetative	dead_nf	dead_nf	FALSE	0	0	Reduction	Reduction	2018-04-29T21:00:00Z	119	2018-04-29T17:00:00Z	119	Normal	119	0	157	222	212	7.3525465864861	16.103381200615335	23.455927787101434	NA	NA	NA
2018	1D	7	1D7	4.5912356965	0.037051149725	123.787	NA	1D7	1	D				NA	vegetative > vegetative > tagnf	vegetative	vegetative	tagnf	FALSE	0	1	Reduction	Reduction	2018-04-29T21:00:00Z	119	2018-04-29T17:00:00Z	119	Normal	119	0	157	222	212	7.3525465864861	16.103381200615335	23.455927787101434	NA	NA	NA
2018	1D	24	1D24	6.313014103	0.04818314976	130.428	NA	1D24	1	D				NA	vegetative > vegetative > flowering	vegetative	vegetative	flowering	FALSE	0	1	Reduction	Reduction	2018-04-29T21:00:00Z	119	2018-04-29T17:00:00Z	119	Normal	119	0	157	222	212	7.3525465864861	16.103381200615335	23.455927787101434	NA	NA	NA
2018	1D	19	1D28	10.34867598	0.1093725361	94.952	DRC updated plant number	1D19	1	D				NA	vegetative > flowering > dead_nf	vegetative	flowering	dead_nf	FALSE	1	1	Reduction	Reduction	2018-04-29T21:00:00Z	119	2018-04-29T17:00:00Z	119	Normal	119	0	157	222	212	7.3525465864861	16.103381200615335	23.455927787101434	NA	NA	NA
2018	1D	32	1D32	15.312999885	0.36458228495	42.034	NA	1D32	1	D				NA	vegetative > dead_nf > dead_nf	vegetative	dead_nf	dead_nf	FALSE	0	0	Reduction	Reduction	2018-04-29T21:00:00Z	119	2018-04-29T17:00:00Z	119	Normal	119	0	157	222	212	7.3525465864861	16.103381200615335	23.455927787101434	NA	NA	NA
2018	2A	160	2A160	7.7299874605	0.086450314565	89.485	NA	2A160	2	A				NA	no_record > vegetative > dead_nf	no_record	vegetative	dead_nf	FALSE	0	1	Control	Control	2018-04-24T21:00:00Z	114	2018-04-25T05:00:00Z	114	Early	119	-5	157	222	212	7.917959090348241	32.20676240123067	40.12472149157891	NA	NA	NA
2018	2A	161	2A161	7.9133343125	0.1133732484	70.543	NA	2A161	2	A				NA	no_record > dead_nf > dead_nf	no_record	dead_nf	dead_nf	FALSE	0	0	Control	Control	2018-04-24T21:00:00Z	114	2018-04-25T05:00:00Z	114	Early	119	-5	157	222	212	7.917959090348241	32.20676240123067	40.12472149157891	NA	NA	NA
2018	2A	164	2A164	7.0579985815	0.07457474508	95.638	NA	2A164	2	A				NA	no_record > vegetative > dead_nf	no_record	vegetative	dead_nf	FALSE	0	1	Control	Control	2018-04-24T21:00:00Z	114	2018-04-25T05:00:00Z	114	Early	119	-5	157	222	212	7.917959090348241	32.20676240123067	40.12472149157891	NA	NA	NA
2018	2A	167	2A167	11.74720639	0.084684736245	138.549	NA	2A167	2	A				NA	no_record > vegetative > dead_nf	no_record	vegetative	dead_nf	FALSE	0	1	Control	Control	2018-04-24T21:00:00Z	114	2018-04-25T05:00:00Z	114	Early	119	-5	157	222	212	7.917959090348241	32.20676240123067	40.12472149157891	NA	NA	NA
2018	2A	158	2A168	34.252239005	0.24399387545	140.445	DRC updated plant number	2A158	2	A				NA	no_record > flowering > dead_nf	no_record	flowering	dead_nf	FALSE	1	1	Control	Control	2018-04-24T21:00:00Z	114	2018-04-25T05:00:00Z	114	Early	119	-5	157	222	212	7.917959090348241	32.20676240123067	40.12472149157891	NA	NA	NA
2018	2A	173	2A173	13.16435905	0.09644544122	69.592	NA	2A173	2	A				NA	no_record > dead_nf > dead_nf	no_record	dead_nf	dead_nf	FALSE	0	0	Control	Control	2018-04-24T21:00:00Z	114	2018-04-25T05:00:00Z	114	Early	119	-5	157	222	212	7.917959090348241	32.20676240123067	40.12472149157891	NA	NA	NA
2018	2B	130	2B130	19.760319215	0.1135804021	173.801	NA	2B130	2	B				NA	vegetative > flowering > dead_nf	vegetative	flowering	dead_nf	FALSE	1	1	Control	Mock rainout	2018-04-24T21:00:00Z	114	2018-04-25T05:00:00Z	114	Early	119	-5	157	222	212	7.917959090348241	32.20676240123067	40.12472149157891	NA	NA	NA
2018	2B	183	2B183	43.008247635	0.52599311125	81.868	NA	2B183	2	B				NA	vegetative > vegetative > flowering	vegetative	vegetative	flowering	FALSE	0	1	Control	Mock rainout	2018-04-24T21:00:00Z	114	2018-04-25T05:00:00Z	114	Early	119	-5	157	222	212	7.917959090348241	32.20676240123067	40.12472149157891	NA	NA	NA
2018	2B	184	2B184	9.2784890345	0.092543307895	101.241	NA	2B184	2	B				NA	vegetative > vegetative > flowering	vegetative	vegetative	flowering	FALSE	0	1	Control	Mock rainout	2018-04-24T21:00:00Z	114	2018-04-25T05:00:00Z	114	Early	119	-5	157	222	212	7.917959090348241	32.20676240123067	40.12472149157891	NA	NA	NA
2018	2B	190	2B190	10.6479568	0.096324602325	111.97	NA	2B190	2	B				NA	vegetative > vegetative > flowering	vegetative	vegetative	flowering	FALSE	0	1	Control	Mock rainout	2018-04-24T21:00:00Z	114	2018-04-25T05:00:00Z	114	Early	119	-5	157	222	212	7.917959090348241	32.20676240123067	40.12472149157891	NA	NA	NA
2018	2B	92	2B192	9.3708901375	0.044714245395	209.593	DRC updated plant number	2B92	2	B				NA	vegetative > flowering > flowering	vegetative	flowering	flowering	FALSE	1	1	Control	Mock rainout	2018-04-24T21:00:00Z	114	2018-04-25T05:00:00Z	114	Early	119	-5	157	222	212	7.917959090348241	32.20676240123067	40.12472149157891	NA	NA	NA
2018	2C	268	2C258	17.174618275	0.10310852459	166.823	DRC updated plant number	2C268	2	C				NA	vegetative > flowering > dead_nf	vegetative	flowering	dead_nf	FALSE	1	1	Reduction	Reduction	2018-04-24T21:00:00Z	114	2018-04-25T05:00:00Z	114	Early	119	-5	157	222	212	7.917959090348241	16.103381200615335	24.021340290963575	NA	NA	NA
2018	2C	267	2C267	13.71430571	0.09644544122	142.086	NA	2C267	2	C				NA	vegetative > vegetative > vegetative	vegetative	vegetative	vegetative	FALSE	0	1	Reduction	Reduction	2018-04-24T21:00:00Z	114	2018-04-25T05:00:00Z	114	Early	119	-5	157	222	212	7.917959090348241	16.103381200615335	24.021340290963575	NA	NA	NA
2018	2C	270	2C270	18.16618922	0.2259183857	80.99	NA	2C270	2	C				NA	vegetative > vegetative > flowering	vegetative	vegetative	flowering	FALSE	0	1	Reduction	Reduction	2018-04-24T21:00:00Z	114	2018-04-25T05:00:00Z	114	Early	119	-5	157	222	212	7.917959090348241	16.103381200615335	24.021340290963575	NA	NA	NA
2018	2C	272	2C272	6.300992523	0.033869293665	186.369	NA	2C272	2	C		pheno19		NA	vegetative > vegetative > tagnf	vegetative	vegetative	tagnf	FALSE	0	1	Reduction	Reduction	2018-04-24T21:00:00Z	114	2018-04-25T05:00:00Z	114	Early	119	-5	157	222	212	7.917959090348241	16.103381200615335	24.021340290963575	NA	NA	NA
2018	2C	297	2C297	10.582960108	0.085540555135	125.943	NA	2C297	2	C		census20 pheno20 floral20 volatiles20 seeds20		NA	vegetative > dead_nf > dead_nf	vegetative	dead_nf	dead_nf	FALSE	0	0	Reduction	Reduction	2018-04-24T21:00:00Z	114	2018-04-25T05:00:00Z	114	Early	119	-5	157	222	212	7.917959090348241	16.103381200615335	24.021340290963575	NA	NA	NA
2018	2C	298	2C298	3.0308507705	0.019447239035	156.425	NA	2C298	2	C				NA	vegetative > flowering > dead_nf	vegetative	flowering	dead_nf	FALSE	1	1	Reduction	Reduction	2018-04-24T21:00:00Z	114	2018-04-25T05:00:00Z	114	Early	119	-5	157	222	212	7.917959090348241	16.103381200615335	24.021340290963575	NA	NA	NA
2018	2D	187	2D187	50.136275505	0.9092889684	55.335	NA	2D187	2	D				NA	vegetative > vegetative > flowering	vegetative	vegetative	flowering	FALSE	0	1	Addition	Addition	2018-04-24T21:00:00Z	114	2018-04-25T05:00:00Z	114	Early	119	-5	157	222	212	7.917959090348241	128.45676240123066	136.3747214915789	NA	NA	NA
2018	2D	193	2D193	22.695940315	0.4261215944	53.262	NA	2D193	2	D				NA	vegetative > vegetative > flowering	vegetative	vegetative	flowering	FALSE	0	1	Addition	Addition	2018-04-24T21:00:00Z	114	2018-04-25T05:00:00Z	114	Early	119	-5	157	222	212	7.917959090348241	128.45676240123066	136.3747214915789	NA	NA	NA
2018	2D	194	2D194	16.26301	0.101939	159.5411	DRC updated WUE value	2D194	2	D				NA	vegetative > vegetative > flowering	vegetative	vegetative	flowering	FALSE	0	1	Addition	Addition	2018-04-24T21:00:00Z	114	2018-04-25T05:00:00Z	114	Early	119	-5	157	222	212	7.917959090348241	128.45676240123066	136.3747214915789	NA	NA	NA
2018	2D	196	2D196	14.737901135	0.18681729445	79.05	NA	2D196	2	D		census20 leaf20		NA	vegetative > dead_nf > dead_nf	vegetative	dead_nf	dead_nf	FALSE	0	0	Addition	Addition	2018-04-24T21:00:00Z	114	2018-04-25T05:00:00Z	114	Early	119	-5	157	222	212	7.917959090348241	128.45676240123066	136.3747214915789	NA	NA	NA
2018	2D	197	2D197	28.519848845	0.3098600498	91.742	NA	2D197	2	D		census20 leaf20		NA	vegetative > dead_nf > dead_nf	vegetative	dead_nf	dead_nf	FALSE	0	0	Addition	Addition	2018-04-24T21:00:00Z	114	2018-04-25T05:00:00Z	114	Early	119	-5	157	222	212	7.917959090348241	128.45676240123066	136.3747214915789	NA	NA	NA
2018	2D	211	2D211	5.474063631	0.032779	177.1315	DRC updated WUE value and cond, date to 2018-07-06, not 2018-07-03	2D211	2	D				NA	vegetative > flowering > vegetative	vegetative	flowering	vegetative	FALSE	1	1	Addition	Addition	2018-04-24T21:00:00Z	114	2018-04-25T05:00:00Z	114	Early	119	-5	157	222	212	7.917959090348241	128.45676240123066	136.3747214915789	NA	NA	NA
2018	3A	126	3A126	17.65122506	0.22118853225	80.036	NA	3A126	3	A		census20 leaf20		NA	vegetative > dead_nf > dead_nf	vegetative	dead_nf	dead_nf	FALSE	0	0	Reduction	Reduction	2018-04-29T18:00:00Z	119	2018-04-28T22:00:00Z	118	Normal	119	0	157	222	212	7.3525465864861	16.103381200615335	23.455927787101434	NA	NA	NA
2018	3A	276	3A276	14.770359515	0.16143928085	91.497	NA	3A276	3	A				NA	vegetative > flowering > dead_nf	vegetative	flowering	dead_nf	FALSE	1	1	Reduction	Reduction	2018-04-29T18:00:00Z	119	2018-04-28T22:00:00Z	118	Normal	119	0	157	222	212	7.3525465864861	16.103381200615335	23.455927787101434	NA	NA	NA
2018	3A	637	3A637	15.29058842	0.1254499384	123.768	NA	3A637	3	A				NA	vegetative > vegetative > vegetative	vegetative	vegetative	vegetative	FALSE	0	1	Reduction	Reduction	2018-04-29T18:00:00Z	119	2018-04-28T22:00:00Z	118	Normal	119	0	157	222	212	7.3525465864861	16.103381200615335	23.455927787101434	NA	NA	NA
2018	3A	639	3A639	22.74241964	0.17182876685	132.263	NA	3A639	3	A				NA	vegetative > dead_nf > dead_nf	vegetative	dead_nf	dead_nf	FALSE	0	0	Reduction	Reduction	2018-04-29T18:00:00Z	119	2018-04-28T22:00:00Z	118	Normal	119	0	157	222	212	7.3525465864861	16.103381200615335	23.455927787101434	NA	NA	NA
2018	3A	647	3A647	22.768819215	0.1085792577	210.168	NA	3A647	3	A		census19		NA	flowering > vegetative > dead_nf	flowering	vegetative	dead_nf	FALSE	0	1	Reduction	Reduction	2018-04-29T18:00:00Z	119	2018-04-28T22:00:00Z	118	Normal	119	0	157	222	212	7.3525465864861	16.103381200615335	23.455927787101434	NA	NA	NA
2018	3A	657	3A657	17.19458841	0.36300100175	47.288	NA	3A657	3	A		pheno19		NA	vegetative > vegetative > flowering	vegetative	vegetative	flowering	FALSE	0	1	Reduction	Reduction	2018-04-29T18:00:00Z	119	2018-04-28T22:00:00Z	118	Normal	119	0	157	222	212	7.3525465864861	16.103381200615335	23.455927787101434	NA	NA	NA
2018	3B	602	NA	19.920410125	0.25618061895	28.219	DRC updated plant number	3B602	3	B				NA	vegetative > vegetative > no_record	vegetative	vegetative	no_record	FALSE	0	1	Control	Mock rainout	2018-04-29T18:00:00Z	119	2018-04-28T22:00:00Z	118	Normal	119	0	157	222	212	7.3525465864861	32.20676240123067	39.55930898771677	NA	NA	NA
2018	3B	608	3B608	23.18180722	0.182490595	127.133	NA	3B608	3	B				NA	vegetative > vegetative > vegetative	vegetative	vegetative	vegetative	FALSE	0	1	Control	Mock rainout	2018-04-29T18:00:00Z	119	2018-04-28T22:00:00Z	118	Normal	119	0	157	222	212	7.3525465864861	32.20676240123067	39.55930898771677	NA	NA	NA
2018	3B	609	3B609	11.02279738	0.061374635965	181.914	NA	3B609	3	B				NA	vegetative > dead_nf > dead_nf	vegetative	dead_nf	dead_nf	FALSE	0	0	Control	Mock rainout	2018-04-29T18:00:00Z	119	2018-04-28T22:00:00Z	118	Normal	119	0	157	222	212	7.3525465864861	32.20676240123067	39.55930898771677	NA	NA	NA
2018	3B	616	3B616	18.70041379	0.2190708675	85.28	NA	3B616	3	B				NA	vegetative > dead_nf > dead_nf	vegetative	dead_nf	dead_nf	FALSE	0	0	Control	Mock rainout	2018-04-29T18:00:00Z	119	2018-04-28T22:00:00Z	118	Normal	119	0	157	222	212	7.3525465864861	32.20676240123067	39.55930898771677	NA	NA	NA
2018	3B	619	3B619	3.3985725305	0.099550239325	34.145	NA	3B619	3	B				NA	vegetative > vegetative > dead_nf	vegetative	vegetative	dead_nf	FALSE	0	1	Control	Mock rainout	2018-04-29T18:00:00Z	119	2018-04-28T22:00:00Z	118	Normal	119	0	157	222	212	7.3525465864861	32.20676240123067	39.55930898771677	NA	NA	NA
2018	3B	834	3B834	15.539836055	0.2030316729	76.503	NA	3B834	3	B				NA	vegetative > vegetative > vegetative	vegetative	vegetative	vegetative	FALSE	0	1	Control	Mock rainout	2018-04-29T18:00:00Z	119	2018-04-28T22:00:00Z	118	Normal	119	0	157	222	212	7.3525465864861	32.20676240123067	39.55930898771677	NA	NA	NA
2018	3C	146	3C146	21.514796395	0.13110427935	164.108	NA	3C146	3	C				NA	vegetative > flowering > dead_nf	vegetative	flowering	dead_nf	FALSE	1	1	Addition	Addition	2018-04-29T18:00:00Z	119	2018-04-28T22:00:00Z	118	Normal	119	0	157	222	212	7.3525465864861	128.45676240123066	135.80930898771678	NA	NA	NA
2018	3C	150	3C150	16.64934871	0.369561338	45.72	NA	3C150	3	C				NA	vegetative > flowering > dead_nf	vegetative	flowering	dead_nf	FALSE	1	1	Addition	Addition	2018-04-29T18:00:00Z	119	2018-04-28T22:00:00Z	118	Normal	119	0	157	222	212	7.3525465864861	128.45676240123066	135.80930898771678	NA	NA	NA
2018	3C	151	3C151	29.79213688	0.3264093373	91.279	NA	3C151	3	C				NA	vegetative > flowering > dead_nf	vegetative	flowering	dead_nf	FALSE	1	1	Addition	Addition	2018-04-29T18:00:00Z	119	2018-04-28T22:00:00Z	118	Normal	119	0	157	222	212	7.3525465864861	128.45676240123066	135.80930898771678	NA	NA	NA
2018	3C	153	3C153	17.654486115	0.13820242215	127.864	NA	3C153	3	C				NA	vegetative > vegetative > flowering	vegetative	vegetative	flowering	FALSE	0	1	Addition	Addition	2018-04-29T18:00:00Z	119	2018-04-28T22:00:00Z	118	Normal	119	0	157	222	212	7.3525465864861	128.45676240123066	135.80930898771678	NA	NA	NA
2018	3C	165	3C165	22.699717895	0.40689355435	55.788	NA	3C165	3	C				NA	vegetative > vegetative > vegetative	vegetative	vegetative	vegetative	FALSE	0	1	Addition	Addition	2018-04-29T18:00:00Z	119	2018-04-28T22:00:00Z	118	Normal	119	0	157	222	212	7.3525465864861	128.45676240123066	135.80930898771678	NA	NA	NA
2018	3C	167	3C167	9.941803961	0.09584122594	104.908	NA	3C167	3	C				NA	vegetative > flowering > dead_nf	vegetative	flowering	dead_nf	FALSE	1	1	Addition	Addition	2018-04-29T18:00:00Z	119	2018-04-28T22:00:00Z	118	Normal	119	0	157	222	212	7.3525465864861	128.45676240123066	135.80930898771678	NA	NA	NA
2018	3D	865	3D865	8.301322979	0.087678351515	94.662	NA	3D865	3	D				NA	vegetative > vegetative > vegetative	vegetative	vegetative	vegetative	FALSE	0	1	Control	Control	2018-04-29T18:00:00Z	119	2018-04-28T22:00:00Z	118	Normal	119	0	157	222	212	7.3525465864861	32.20676240123067	39.55930898771677	NA	NA	NA
2018	3D	869	3D869	14.22251101	0.08504147586	167.589	NA	3D869	3	D		pheno18		NA	vegetative > dead_nf > dead_nf	vegetative	dead_nf	dead_nf	FALSE	0	0	Control	Control	2018-04-29T18:00:00Z	119	2018-04-28T22:00:00Z	118	Normal	119	0	157	222	212	7.3525465864861	32.20676240123067	39.55930898771677	NA	NA	NA
2018	3D	875	3D875	16.030599079999998	0.1232479329	130.097	NA	3D875	3	D				NA	vegetative > vegetative > flowering	vegetative	vegetative	flowering	FALSE	0	1	Control	Control	2018-04-29T18:00:00Z	119	2018-04-28T22:00:00Z	118	Normal	119	0	157	222	212	7.3525465864861	32.20676240123067	39.55930898771677	NA	NA	NA
2018	3D	875	3D875	15.64746514	0.11093664295	143.418	duplicate - average values for 3D875 before analysis	3D875	3	D				NA	vegetative > vegetative > flowering	vegetative	vegetative	flowering	FALSE	0	1	Control	Control	2018-04-29T18:00:00Z	119	2018-04-28T22:00:00Z	118	Normal	119	0	157	222	212	7.3525465864861	32.20676240123067	39.55930898771677	NA	NA	NA
2018	3D	900	3D602	5.6310910785	0.19852547475000001	77.835	DRC updated plant number	3D900	3	D				NA	vegetative > vegetative > vegetative	vegetative	vegetative	vegetative	FALSE	0	1	Control	Control	2018-04-29T18:00:00Z	119	2018-04-28T22:00:00Z	118	Normal	119	0	157	222	212	7.3525465864861	32.20676240123067	39.55930898771677	NA	NA	NA
2018	4A	65	4A65	13.158664375	0.1157550888	112.946	NA	4A65	4	A				NA	vegetative > vegetative > flowering	vegetative	vegetative	flowering	FALSE	0	1	Addition	Addition	NA	114	NA	114	Early	119	-5	157	222	212	7.917959090348241	128.45676240123066	136.3747214915789	NA	NA	NA
2018	4A	104	4A104	25.868824735	0.28846652	89.917	NA	4A104	4	A		census20		NA	vegetative > dead_nf > dead_nf	vegetative	dead_nf	dead_nf	FALSE	0	0	Addition	Addition	NA	114	NA	114	Early	119	-5	157	222	212	7.917959090348241	128.45676240123066	136.3747214915789	NA	NA	NA
2018	4A	109	4A109	33.52866284	0.43676704245	80.374	NA	4A109	4	A				NA	vegetative > vegetative > flowering	vegetative	vegetative	flowering	FALSE	0	1	Addition	Addition	NA	114	NA	114	Early	119	-5	157	222	212	7.917959090348241	128.45676240123066	136.3747214915789	NA	NA	NA
2018	4A	110	4A110	18.97279997	0.086967230435	218.126	NA	4A110	4	A				NA	vegetative > vegetative > flowering	vegetative	vegetative	flowering	FALSE	0	1	Addition	Addition	NA	114	NA	114	Early	119	-5	157	222	212	7.917959090348241	128.45676240123066	136.3747214915789	NA	NA	NA
2018	4A	111	4A111	10.5393979245	0.05763621321	183.098	NA	4A111	4	A				NA	vegetative > vegetative > vegetative	vegetative	vegetative	vegetative	FALSE	0	1	Addition	Addition	NA	114	NA	114	Early	119	-5	157	222	212	7.917959090348241	128.45676240123066	136.3747214915789	NA	NA	NA
2018	4A	116	4A116	17.09878701	0.3943964151	43.094	NA	4A116	4	A				NA	vegetative > vegetative > flowering	vegetative	vegetative	flowering	FALSE	0	1	Addition	Addition	NA	114	NA	114	Early	119	-5	157	222	212	7.917959090348241	128.45676240123066	136.3747214915789	NA	NA	NA
2018	4B	160	4B160	14.49103787	0.079865583985	183.398	NA	4B160	4	B				NA	flowering > dead_nf > dead_nf	flowering	dead_nf	dead_nf	FALSE	0	0	Control	Mock rainout	NA	114	NA	114	Early	119	-5	157	222	212	7.917959090348241	32.20676240123067	40.12472149157891	NA	NA	NA
2018	4B	161	4B161	16.998757675	0.1639104192	103.822	NA	4B161	4	B				NA	vegetative > dead_nf > dead_nf	vegetative	dead_nf	dead_nf	FALSE	0	0	Control	Mock rainout	NA	114	NA	114	Early	119	-5	157	222	212	7.917959090348241	32.20676240123067	40.12472149157891	NA	NA	NA
2018	4B	168	4B168	2.312476817	0.02518931214	91.457	NA	4B168	4	B		census20		NA	vegetative > flowering > dead_nf	vegetative	flowering	dead_nf	FALSE	1	1	Control	Mock rainout	NA	114	NA	114	Early	119	-5	157	222	212	7.917959090348241	32.20676240123067	40.12472149157891	NA	NA	NA
2018	4B	180	4B180	2.766281507	0.028135634415	98.648	NA	4B180	4	B				NA	vegetative > dead_nf > dead_nf	vegetative	dead_nf	dead_nf	FALSE	0	0	Control	Mock rainout	NA	114	NA	114	Early	119	-5	157	222	212	7.917959090348241	32.20676240123067	40.12472149157891	NA	NA	NA
2018	4B	190	4B190	11.06676291	0.05148460627	214.995	NA	4B190	4	B				NA	vegetative > vegetative > vegetative	vegetative	vegetative	vegetative	FALSE	0	1	Control	Mock rainout	NA	114	NA	114	Early	119	-5	157	222	212	7.917959090348241	32.20676240123067	40.12472149157891	NA	NA	NA
2018	4C	28	4C28	5.472316071	0.039090483985	139.904	NA	4C28	4	C		census20 leaf20 licor20		NA	vegetative > dead_nf > dead_nf	vegetative	dead_nf	dead_nf	FALSE	0	0	Control	Control	NA	114	NA	114	Early	119	-5	157	222	212	7.917959090348241	32.20676240123067	40.12472149157891	NA	NA	NA
2018	4C	34	4C34	15.13290504	0.36714475355	41.636	NA	4C34	4	C				NA	vegetative > vegetative > vegetative	vegetative	vegetative	vegetative	FALSE	0	1	Control	Control	NA	114	NA	114	Early	119	-5	157	222	212	7.917959090348241	32.20676240123067	40.12472149157891	NA	NA	NA
2018	4C	36	4C36	13.714602525	0.06220866498	221.68	NA	4C36	4	C				NA	vegetative > flowering > dead_nf	vegetative	flowering	dead_nf	FALSE	1	1	Control	Control	NA	114	NA	114	Early	119	-5	157	222	212	7.917959090348241	32.20676240123067	40.12472149157891	NA	NA	NA
2018	4C	107	4C107	29.296252055	0.3060424089	98.383	NA	4C107	4	C				NA	vegetative > vegetative > vegetative	vegetative	vegetative	vegetative	FALSE	0	1	Control	Control	NA	114	NA	114	Early	119	-5	157	222	212	7.917959090348241	32.20676240123067	40.12472149157891	NA	NA	NA
2018	4C	115	4C115	10.370119415	0.04808245485	216.181	NA	4C115	4	C				NA	vegetative > flowering > dead_nf	vegetative	flowering	dead_nf	FALSE	1	1	Control	Control	NA	114	NA	114	Early	119	-5	157	222	212	7.917959090348241	32.20676240123067	40.12472149157891	NA	NA	NA
2018	4C	630	4C630	5.369388866	0.02550526848	209.504	NA	4C630	4	C				NA	vegetative > vegetative > vegetative	vegetative	vegetative	vegetative	FALSE	0	1	Control	Control	NA	114	NA	114	Early	119	-5	157	222	212	7.917959090348241	32.20676240123067	40.12472149157891	NA	NA	NA
2018	4D	47	4D47	18.040854415	0.14579183085	125.94	NA	4D47	4	D				NA	vegetative > vegetative > flowering	vegetative	vegetative	flowering	FALSE	0	1	Reduction	Reduction	NA	114	NA	114	Early	119	-5	157	222	212	7.917959090348241	16.103381200615335	24.021340290963575	NA	NA	NA
2018	4D	48	4D48	27.04449356	0.33360616155	81.549	NA	4D48	4	D				NA	vegetative > dead_nf > dead_nf	vegetative	dead_nf	dead_nf	FALSE	0	0	Reduction	Reduction	NA	114	NA	114	Early	119	-5	157	222	212	7.917959090348241	16.103381200615335	24.021340290963575	NA	NA	NA
2018	4D	51	4D51	15.986302445	0.09073084239	140.357	NA	4D51	4	D				NA	vegetative > vegetative > dead_nf	vegetative	vegetative	dead_nf	FALSE	0	1	Reduction	Reduction	NA	114	NA	114	Early	119	-5	157	222	212	7.917959090348241	16.103381200615335	24.021340290963575	NA	NA	NA
2018	4D	56	4D56	9.929425424	0.05413437441	183.534	NA	4D56	4	D				NA	vegetative > vegetative > dead_nf	vegetative	vegetative	dead_nf	FALSE	0	1	Reduction	Reduction	NA	114	NA	114	Early	119	-5	157	222	212	7.917959090348241	16.103381200615335	24.021340290963575	NA	NA	NA
2018	4D	66	4D66	10.96364501	0.055055585915	199.041	NA	4D66	4	D				NA	vegetative > no_record > dead_nf	vegetative	no_record	dead_nf	FALSE	NA	NA	Reduction	Reduction	NA	114	NA	114	Early	119	-5	157	222	212	7.917959090348241	16.103381200615335	24.021340290963575	NA	NA	NA
2018	5A	174	5A174	15.46013548	0.101018280955	153.282	NA	5A174	5	A				NA	vegetative > dead_nf > dead_nf	vegetative	dead_nf	dead_nf	FALSE	0	0	Addition	Addition	2018-04-24T19:00:00Z	114	2018-04-24T19:00:00Z	114	Early	119	-5	157	222	212	7.917959090348241	128.45676240123066	136.3747214915789	NA	NA	NA
2018	5A	186	5A186	4.9606231985	0.052022925625	95.339	NA	5A186	5	A				NA	vegetative > dead_nf > dead_nf	vegetative	dead_nf	dead_nf	FALSE	0	0	Addition	Addition	2018-04-24T19:00:00Z	114	2018-04-24T19:00:00Z	114	Early	119	-5	157	222	212	7.917959090348241	128.45676240123066	136.3747214915789	NA	NA	NA
2018	5A	188	5A188	8.347366095	0.2259994539	37.705	NA	5A188	5	A				NA	vegetative > dead_nf > dead_nf	vegetative	dead_nf	dead_nf	FALSE	0	0	Addition	Addition	2018-04-24T19:00:00Z	114	2018-04-24T19:00:00Z	114	Early	119	-5	157	222	212	7.917959090348241	128.45676240123066	136.3747214915789	NA	NA	NA
2018	5A	191	5A191	19.790180625	0.4538735664	43.923	NA	5A191	5	A				NA	vegetative > vegetative > flowering	vegetative	vegetative	flowering	FALSE	0	1	Addition	Addition	2018-04-24T19:00:00Z	114	2018-04-24T19:00:00Z	114	Early	119	-5	157	222	212	7.917959090348241	128.45676240123066	136.3747214915789	NA	NA	NA
2018	5A	193	5A193	15.74733168	0.36858190975	43.844	NA	5A193	5	A				NA	vegetative > flowering > dead_nf	vegetative	flowering	dead_nf	FALSE	1	1	Addition	Addition	2018-04-24T19:00:00Z	114	2018-04-24T19:00:00Z	114	Early	119	-5	157	222	212	7.917959090348241	128.45676240123066	136.3747214915789	NA	NA	NA
2018	5A	200	5A200	29.253545125	0.5376332679	54.836	NA	5A200	5	A				NA	vegetative > flowering > dead_nf	vegetative	flowering	dead_nf	FALSE	1	1	Addition	Addition	2018-04-24T19:00:00Z	114	2018-04-24T19:00:00Z	114	Early	119	-5	157	222	212	7.917959090348241	128.45676240123066	136.3747214915789	NA	NA	NA
2018	5B	6	5B6	11.778999125	0.11016447265	107.711	NA	5B6	5	B		pheno18		NA	vegetative > flowering > dead_nf	vegetative	flowering	dead_nf	FALSE	1	1	Control	Mock rainout	2018-04-24T19:00:00Z	114	2018-04-24T19:00:00Z	114	Early	119	-5	157	222	212	7.917959090348241	32.20676240123067	40.12472149157891	NA	NA	NA
2018	5B	10	5B10	29.047502425	0.48373488335	60.253	NA	5B10	5	B				NA	vegetative > vegetative > vegetative	vegetative	vegetative	vegetative	FALSE	0	1	Control	Mock rainout	2018-04-24T19:00:00Z	114	2018-04-24T19:00:00Z	114	Early	119	-5	157	222	212	7.917959090348241	32.20676240123067	40.12472149157891	NA	NA	NA
2018	5B	11	5B11	10.773739	0.04778945721	225.442	NA	5B11	5	B				NA	vegetative > vegetative > dead_nf	vegetative	vegetative	dead_nf	FALSE	0	1	Control	Mock rainout	2018-04-24T19:00:00Z	114	2018-04-24T19:00:00Z	114	Early	119	-5	157	222	212	7.917959090348241	32.20676240123067	40.12472149157891	NA	NA	NA
2018	5B	20	5B20	20.067598285	0.1351529857	118.4	NA	5B20	5	B		pheno18 pheno19		NA	vegetative > vegetative > flowering	vegetative	vegetative	flowering	FALSE	0	1	Control	Mock rainout	2018-04-24T19:00:00Z	114	2018-04-24T19:00:00Z	114	Early	119	-5	157	222	212	7.917959090348241	32.20676240123067	40.12472149157891	NA	NA	NA
2018	5B	24	5B24	24.371102175	0.3475319911	72.997	NA	5B24	5	B				NA	vegetative > tagnf > no_record	vegetative	tagnf	no_record	FALSE	NA	NA	Control	Mock rainout	2018-04-24T19:00:00Z	114	2018-04-24T19:00:00Z	114	Early	119	-5	157	222	212	7.917959090348241	32.20676240123067	40.12472149157891	NA	NA	NA
2018	5B	299	5B299	19.43724431	0.12230319535	158.999	NA	5B299	5	B				NA	vegetative > vegetative > flowering	vegetative	vegetative	flowering	FALSE	0	1	Control	Mock rainout	2018-04-24T19:00:00Z	114	2018-04-24T19:00:00Z	114	Early	119	-5	157	222	212	7.917959090348241	32.20676240123067	40.12472149157891	NA	NA	NA
2018	5C	209	5C209	6.623549832	0.063122803515	106.718	NA	5C209	5	C				NA	vegetative > flowering > dead_nf	vegetative	flowering	dead_nf	FALSE	1	1	Reduction	Reduction	2018-04-24T19:00:00Z	114	2018-04-24T19:00:00Z	114	Early	119	-5	157	222	212	7.917959090348241	16.103381200615335	24.021340290963575	NA	NA	NA
2018	5C	214	5C214	14.33531075	0.099308353655	144.54	NA	5C214	5	C				NA	vegetative > flowering > dead_nf	vegetative	flowering	dead_nf	FALSE	1	1	Reduction	Reduction	2018-04-24T19:00:00Z	114	2018-04-24T19:00:00Z	114	Early	119	-5	157	222	212	7.917959090348241	16.103381200615335	24.021340290963575	NA	NA	NA
2018	5C	217	5C217	10.2738073215	0.15564751945	67.262	NA	5C217	5	C				NA	vegetative > flowering > flowering	vegetative	flowering	flowering	FALSE	1	1	Reduction	Reduction	2018-04-24T19:00:00Z	114	2018-04-24T19:00:00Z	114	Early	119	-5	157	222	212	7.917959090348241	16.103381200615335	24.021340290963575	NA	NA	NA
2018	5C	218	5C218	19.08802833	0.16133254495	121.524	NA	5C218	5	C		seeds20	pheno19	5C229	vegetative > vegetative > dead_nf	vegetative	vegetative	dead_nf	FALSE	0	1	Reduction	Reduction	2018-04-24T19:00:00Z	114	2018-04-24T19:00:00Z	114	Early	119	-5	157	222	212	7.917959090348241	16.103381200615335	24.021340290963575	NA	NA	NA
2018	5C	223	5C233	10.2022556215	0.066903647895	153.593	DRC updated plant number	5C223	5	C				NA	vegetative > vegetative > vegetative	vegetative	vegetative	vegetative	FALSE	0	1	Reduction	Reduction	2018-04-24T19:00:00Z	114	2018-04-24T19:00:00Z	114	Early	119	-5	157	222	212	7.917959090348241	16.103381200615335	24.021340290963575	NA	NA	NA
2018	5D	234	5D235	27.600112615	NA	216.026	DRC updated plant number. JP: missing conductance but inferred conductance is < 1.	5D234	5	D		pheno18 seeds18		NA	vegetative > flowering > dead_nf	vegetative	flowering	dead_nf	FALSE	1	1	Control	Control	2018-04-24T19:00:00Z	114	2018-04-24T19:00:00Z	114	Early	119	-5	157	222	212	7.917959090348241	32.20676240123067	40.12472149157891	NA	NA	NA
2018	5D	241	5D241	31.71393593	1.234723706	26.161	JP: conductance > 1	5D241	5	D				NA	vegetative > flowering > dead_nf	vegetative	flowering	dead_nf	FALSE	1	1	Control	Control	2018-04-24T19:00:00Z	114	2018-04-24T19:00:00Z	114	Early	119	-5	157	222	212	7.917959090348241	32.20676240123067	40.12472149157891	NA	NA	NA
2018	5D	253	5D253	30.795327175	0.4543022698	68.223	NA	5D253	5	D				NA	vegetative > flowering > dead_nf	vegetative	flowering	dead_nf	FALSE	1	1	Control	Control	2018-04-24T19:00:00Z	114	2018-04-24T19:00:00Z	114	Early	119	-5	157	222	212	7.917959090348241	32.20676240123067	40.12472149157891	NA	NA	NA
2018	5D	265	5D265	19.597748075	0.3462358948	56.612	NA	5D265	5	D				NA	vegetative > dead_nf > dead_nf	vegetative	dead_nf	dead_nf	FALSE	0	0	Control	Control	2018-04-24T19:00:00Z	114	2018-04-24T19:00:00Z	114	Early	119	-5	157	222	212	7.917959090348241	32.20676240123067	40.12472149157891	NA	NA	NA
2018	5D	278	5D278	7.8205860785	0.066653145465	150.534	NA	5D278	5	D				NA	vegetative > vegetative > flowering	vegetative	vegetative	flowering	FALSE	0	1	Control	Control	2018-04-24T19:00:00Z	114	2018-04-24T19:00:00Z	114	Early	119	-5	157	222	212	7.917959090348241	32.20676240123067	40.12472149157891	NA	NA	NA
2018	5D	281	5D281	11.03906683	0.059135657905	188.801	NA	5D281	5	D				NA	vegetative > vegetative > vegetative	vegetative	vegetative	vegetative	FALSE	0	1	Control	Control	2018-04-24T19:00:00Z	114	2018-04-24T19:00:00Z	114	Early	119	-5	157	222	212	7.917959090348241	32.20676240123067	40.12472149157891	NA	NA	NA
2018	6A	134	6A134	4.388770189	0.019658388155	220.912	NA	6A134	6	A				NA	vegetative > vegetative > vegetative	vegetative	vegetative	vegetative	FALSE	0	1	Control	Control	2018-04-29T19:00:00Z	119	2018-04-29T19:00:00Z	119	Normal	119	0	157	222	212	7.3525465864861	32.20676240123067	39.55930898771677	NA	NA	NA
2018	6A	136	6A136	18.40779199	0.1674481345	110.293	NA	6A136	6	A				NA	vegetative > vegetative > flowering	vegetative	vegetative	flowering	FALSE	0	1	Control	Control	2018-04-29T19:00:00Z	119	2018-04-29T19:00:00Z	119	Normal	119	0	157	222	212	7.3525465864861	32.20676240123067	39.55930898771677	NA	NA	NA
2018	6A	149	6A149	12.87273023	0.058288652115	220.841	NA	6A149	6	A				NA	vegetative > vegetative > dead_nf	vegetative	vegetative	dead_nf	FALSE	0	1	Control	Control	2018-04-29T19:00:00Z	119	2018-04-29T19:00:00Z	119	Normal	119	0	157	222	212	7.3525465864861	32.20676240123067	39.55930898771677	NA	NA	NA
2018	6A	153	6A153	19.3345867	0.24505891355	78.902	NA	6A153	6	A				NA	vegetative > vegetative > dead_nf	vegetative	vegetative	dead_nf	FALSE	0	1	Control	Control	2018-04-29T19:00:00Z	119	2018-04-29T19:00:00Z	119	Normal	119	0	157	222	212	7.3525465864861	32.20676240123067	39.55930898771677	NA	NA	NA
2018	6A	164	6A164	7.810738128	0.05521088863	142.239	NA	6A164	6	A				NA	vegetative > vegetative > vegetative	vegetative	vegetative	vegetative	FALSE	0	1	Control	Control	2018-04-29T19:00:00Z	119	2018-04-29T19:00:00Z	119	Normal	119	0	157	222	212	7.3525465864861	32.20676240123067	39.55930898771677	NA	NA	NA
2018	6B	2	6B2	18.943392625	0.13986069495	137.455	NA	6B2	6	B				NA	vegetative > flowering > dead_nf	vegetative	flowering	dead_nf	FALSE	1	1	Reduction	Reduction	2018-04-29T19:00:00Z	119	2018-04-29T19:00:00Z	119	Normal	119	0	157	222	212	7.3525465864861	16.103381200615335	23.455927787101434	NA	NA	NA
2018	6B	3	6B3	10.235375416	0.1357653165	75.386	NA	6B3	6	B				NA	vegetative > flowering > dead_nf	vegetative	flowering	dead_nf	FALSE	1	1	Reduction	Reduction	2018-04-29T19:00:00Z	119	2018-04-29T19:00:00Z	119	Normal	119	0	157	222	212	7.3525465864861	16.103381200615335	23.455927787101434	NA	NA	NA
2018	6B	5	6B5	5.104647862	0.0236024684	216.269	NA	6B5	6	B				NA	vegetative > flowering > dead_nf	vegetative	flowering	dead_nf	FALSE	1	1	Reduction	Reduction	2018-04-29T19:00:00Z	119	2018-04-29T19:00:00Z	119	Normal	119	0	157	222	212	7.3525465864861	16.103381200615335	23.455927787101434	NA	NA	NA
2018	6B	22	6B22	10.64572744	0.11441392145	93.613	NA	6B22	6	B				NA	vegetative > vegetative > vegetative	vegetative	vegetative	vegetative	FALSE	0	1	Reduction	Reduction	2018-04-29T19:00:00Z	119	2018-04-29T19:00:00Z	119	Normal	119	0	157	222	212	7.3525465864861	16.103381200615335	23.455927787101434	NA	NA	NA
2018	6B	23	6B23	1.533387517	0.012429473295	128.972	NA	6B23	6	B				NA	vegetative > flowering > dead_nf	vegetative	flowering	dead_nf	FALSE	1	1	Reduction	Reduction	2018-04-29T19:00:00Z	119	2018-04-29T19:00:00Z	119	Normal	119	0	157	222	212	7.3525465864861	16.103381200615335	23.455927787101434	NA	NA	NA
2018	6B	29	6B29	25.3899031	0.1507552855	169.545	NA	6B29	6	B		seeds18		NA	vegetative > flowering > dead_nf	vegetative	flowering	dead_nf	FALSE	1	1	Reduction	Reduction	2018-04-29T19:00:00Z	119	2018-04-29T19:00:00Z	119	Normal	119	0	157	222	212	7.3525465864861	16.103381200615335	23.455927787101434	NA	NA	NA
2018	6C	85	6C85	20.40316187	0.229917209	88.745	NA	6C85	6	C				NA	vegetative > vegetative > dead_nf	vegetative	vegetative	dead_nf	FALSE	0	1	Control	Mock rainout	2018-04-29T19:00:00Z	119	2018-04-29T19:00:00Z	119	Normal	119	0	157	222	212	7.3525465864861	32.20676240123067	39.55930898771677	NA	NA	NA
2018	6C	100	6C100	21.706795525	0.20567975585	105.539	NA	6C100	6	C				NA	vegetative > vegetative > vegetative	vegetative	vegetative	vegetative	FALSE	0	1	Control	Mock rainout	2018-04-29T19:00:00Z	119	2018-04-29T19:00:00Z	119	Normal	119	0	157	222	212	7.3525465864861	32.20676240123067	39.55930898771677	NA	NA	NA
2018	6C	105	6C105	15.10053835	0.069582362325	216.722	NA	6C105	6	C				NA	vegetative > dead_nf > dead_nf	vegetative	dead_nf	dead_nf	FALSE	0	0	Control	Mock rainout	2018-04-29T19:00:00Z	119	2018-04-29T19:00:00Z	119	Normal	119	0	157	222	212	7.3525465864861	32.20676240123067	39.55930898771677	NA	NA	NA
2018	6C	108	6C108	20.0303427	0.1793344501	111.665	NA	6C108	6	C				NA	vegetative > flowering > dead_nf	vegetative	flowering	dead_nf	FALSE	1	1	Control	Mock rainout	2018-04-29T19:00:00Z	119	2018-04-29T19:00:00Z	119	Normal	119	0	157	222	212	7.3525465864861	32.20676240123067	39.55930898771677	NA	NA	NA
2018	6C	112	6C112	10.666365945	0.087006345875	123.228	NA	6C112	6	C				NA	vegetative > dead_nf > dead_nf	vegetative	dead_nf	dead_nf	FALSE	0	0	Control	Mock rainout	2018-04-29T19:00:00Z	119	2018-04-29T19:00:00Z	119	Normal	119	0	157	222	212	7.3525465864861	32.20676240123067	39.55930898771677	NA	NA	NA
2018	6D	39	6D39	11.18062205	0.09073084239	123.065	NA	6D39	6	D				NA	vegetative > flowering > dead_nf	vegetative	flowering	dead_nf	FALSE	1	1	Addition	Addition	2018-04-29T19:00:00Z	119	2018-04-29T19:00:00Z	119	Normal	119	0	157	222	212	7.3525465864861	128.45676240123066	135.80930898771678	NA	NA	NA
2018	6D	50	6D50	16.980102795	0.19050328665	90.805	NA	6D50	6	D				NA	vegetative > flowering > dead_nf	vegetative	flowering	dead_nf	FALSE	1	1	Addition	Addition	2018-04-29T19:00:00Z	119	2018-04-29T19:00:00Z	119	Normal	119	0	157	222	212	7.3525465864861	128.45676240123066	135.80930898771678	NA	NA	NA
2018	6D	56	6D56	35.1771938	0.82217841765	43.2	NA	6D56	6	D				NA	vegetative > vegetative > flowering	vegetative	vegetative	flowering	FALSE	0	1	Addition	Addition	2018-04-29T19:00:00Z	119	2018-04-29T19:00:00Z	119	Normal	119	0	157	222	212	7.3525465864861	128.45676240123066	135.80930898771678	NA	NA	NA
2018	6D	60	6D60	17.301606325	0.42163758145	41.041	NA	6D60	6	D		seeds19		NA	vegetative > dead_nf > dead_nf	vegetative	dead_nf	dead_nf	FALSE	0	0	Addition	Addition	2018-04-29T19:00:00Z	119	2018-04-29T19:00:00Z	119	Normal	119	0	157	222	212	7.3525465864861	128.45676240123066	135.80930898771678	NA	NA	NA
2018	6D	70	6D70	19.269140385	0.4289277469	45.02	NA	6D70	6	D				NA	vegetative > flowering > dead_nf	vegetative	flowering	dead_nf	FALSE	1	1	Addition	Addition	2018-04-29T19:00:00Z	119	2018-04-29T19:00:00Z	119	Normal	119	0	157	222	212	7.3525465864861	128.45676240123066	135.80930898771678	NA	NA	NA
2019	1A	222	1A222	44.5513	0.27205	163.86	NA	1A222	1	A				NA	vegetative > vegetative > dead_nf	vegetative	vegetative	dead_nf	FALSE	0	0	Addition	Addition	2019-06-06T17:00:00Z	157	2019-06-06T15:00:00Z	157	Normal	157.75	-0.75	175	227	219	18.420841963803518	103.20513324528179	121.62597520908531	NA	NA	NA
2019	1A	225	1A225	35.7307	0.21724	164.734	NA	1A225	1	A		pheno18		NA	vegetative > vegetative > vegetative	vegetative	vegetative	vegetative	FALSE	0	1	Addition	Addition	2019-06-06T17:00:00Z	157	2019-06-06T15:00:00Z	157	Normal	157.75	-0.75	175	227	219	18.420841963803518	103.20513324528179	121.62597520908531	NA	NA	NA
2019	1A	230	1A230	8.3685	0.17352	48.225	NA	1A230	1	A				NA	vegetative > vegetative > flowering	vegetative	vegetative	flowering	FALSE	1	1	Addition	Addition	2019-06-06T17:00:00Z	157	2019-06-06T15:00:00Z	157	Normal	157.75	-0.75	175	227	219	18.420841963803518	103.20513324528179	121.62597520908531	NA	NA	NA
2019	1A	243	1A243	16.8678	0.32198	52.387	NA	1A243	1	A				NA	vegetative > vegetative > flowering	vegetative	vegetative	flowering	FALSE	1	1	Addition	Addition	2019-06-06T17:00:00Z	157	2019-06-06T15:00:00Z	157	Normal	157.75	-0.75	175	227	219	18.420841963803518	103.20513324528179	121.62597520908531	NA	NA	NA
2019	1A	249	1A249	4.9446	0.28493	17.483	NA	1A249	1	A				NA	vegetative > vegetative > vegetative	vegetative	vegetative	vegetative	FALSE	0	1	Addition	Addition	2019-06-06T17:00:00Z	157	2019-06-06T15:00:00Z	157	Normal	157.75	-0.75	175	227	219	18.420841963803518	103.20513324528179	121.62597520908531	NA	NA	NA
2019	1B	647	1B647	14.9433	0.28382	54.421	NA	1B647	1	B				NA	vegetative > vegetative > vegetative	vegetative	vegetative	vegetative	FALSE	0	1	Control	Control	2019-06-06T17:00:00Z	157	2019-06-06T15:00:00Z	157	Normal	157.75	-0.75	175	227	219	18.420841963803518	26.20513324528178	44.6259752090853	NA	NA	NA
2019	1B	650	1B650	36.0322	0.74728000000000006	48.226	NA	1B650	1	B				NA	vegetative > vegetative > flowering	vegetative	vegetative	flowering	FALSE	1	1	Control	Control	2019-06-06T17:00:00Z	157	2019-06-06T15:00:00Z	157	Normal	157.75	-0.75	175	227	219	18.420841963803518	26.20513324528178	44.6259752090853	NA	NA	NA
2019	1B	658	1B658	48.3808	0.65578	73.769	NA	1B658	1	B				NA	vegetative > vegetative > flowering	vegetative	vegetative	flowering	FALSE	1	1	Control	Control	2019-06-06T17:00:00Z	157	2019-06-06T15:00:00Z	157	Normal	157.75	-0.75	175	227	219	18.420841963803518	26.20513324528178	44.6259752090853	NA	NA	NA
2019	1B	660	1B660	18.9398	0.60936	31.081	NA	1B660	1	B				NA	vegetative > vegetative > vegetative	vegetative	vegetative	vegetative	FALSE	0	1	Control	Control	2019-06-06T17:00:00Z	157	2019-06-06T15:00:00Z	157	Normal	157.75	-0.75	175	227	219	18.420841963803518	26.20513324528178	44.6259752090853	NA	NA	NA
2019	1B	662	1B662	30.4781	0.38883	78.356	NA	1B662	1	B		pheno18		NA	vegetative > vegetative > vegetative	vegetative	vegetative	vegetative	FALSE	0	1	Control	Control	2019-06-06T17:00:00Z	157	2019-06-06T15:00:00Z	157	Normal	157.75	-0.75	175	227	219	18.420841963803518	26.20513324528178	44.6259752090853	NA	NA	NA
2019	1C	54	1C54	14.7287	0.2364	62.312	NA	1C54	1	C				NA	vegetative > vegetative > flowering	vegetative	vegetative	flowering	FALSE	1	1	Control	Mock rainout	2019-06-06T17:00:00Z	157	2019-06-06T15:00:00Z	157	Normal	157.75	-0.75	175	227	219	18.420841963803518	26.20513324528178	44.6259752090853	NA	NA	NA
2019	1C	55	1C55	27.0056	0.26286	103.027	NA	1C55	1	C				NA	vegetative > vegetative > vegetative	vegetative	vegetative	vegetative	FALSE	0	1	Control	Mock rainout	2019-06-06T17:00:00Z	157	2019-06-06T15:00:00Z	157	Normal	157.75	-0.75	175	227	219	18.420841963803518	26.20513324528178	44.6259752090853	NA	NA	NA
2019	1C	57	1C57	59.2348	0.7668	77.22	NA	1C57	1	C				NA	vegetative > vegetative > vegetative	vegetative	vegetative	vegetative	FALSE	0	1	Control	Mock rainout	2019-06-06T17:00:00Z	157	2019-06-06T15:00:00Z	157	Normal	157.75	-0.75	175	227	219	18.420841963803518	26.20513324528178	44.6259752090853	NA	NA	NA
2019	1C	60	1C60	16.8459	0.42242	39.951	NA	1C60	1	C				NA	vegetative > vegetative > flowering	vegetative	vegetative	flowering	FALSE	1	1	Control	Mock rainout	2019-06-06T17:00:00Z	157	2019-06-06T15:00:00Z	157	Normal	157.75	-0.75	175	227	219	18.420841963803518	26.20513324528178	44.6259752090853	NA	NA	NA
2019	1C	75	1C75	81.2902	NA	72.114	NA	1C75	1	C				NA	vegetative > vegetative > dead_nf	vegetative	vegetative	dead_nf	FALSE	0	0	Control	Mock rainout	2019-06-06T17:00:00Z	157	2019-06-06T15:00:00Z	157	Normal	157.75	-0.75	175	227	219	18.420841963803518	26.20513324528178	44.6259752090853	NA	NA	NA
2019	1D	9	1D9	11.9578	0.26125	45.785	NA	1D9	1	D				NA	vegetative > vegetative > flowering	vegetative	vegetative	flowering	FALSE	1	1	Reduction	Reduction	2019-06-06T17:00:00Z	157	2019-06-06T15:00:00Z	157	Normal	157.75	-0.75	175	227	219	18.420841963803518	13.10256662264089	31.523408586444408	NA	NA	NA
2019	1D	16	1D16	13.9285	0.27227	51.174	NA	1D16	1	D				NA	vegetative > vegetative > vegetative	vegetative	vegetative	vegetative	FALSE	0	1	Reduction	Reduction	2019-06-06T17:00:00Z	157	2019-06-06T15:00:00Z	157	Normal	157.75	-0.75	175	227	219	18.420841963803518	13.10256662264089	31.523408586444408	NA	NA	NA
2019	1D	20	1D20	10.7936	0.26545	40.668	NA	1D20	1	D				NA	vegetative > vegetative > flowering	vegetative	vegetative	flowering	FALSE	1	1	Reduction	Reduction	2019-06-06T17:00:00Z	157	2019-06-06T15:00:00Z	157	Normal	157.75	-0.75	175	227	219	18.420841963803518	13.10256662264089	31.523408586444408	NA	NA	NA
2019	1D	25	1D25	40.154	0.63479	63.255	NA	1D25	1	D				NA	vegetative > vegetative > dead_nf	vegetative	vegetative	dead_nf	FALSE	0	0	Reduction	Reduction	2019-06-06T17:00:00Z	157	2019-06-06T15:00:00Z	157	Normal	157.75	-0.75	175	227	219	18.420841963803518	13.10256662264089	31.523408586444408	NA	NA	NA
2019	1D	41	1D41	19.5075	0.24206	80.589	NA	1D41	1	D		pheno20		NA	vegetative > vegetative > vegetative	vegetative	vegetative	vegetative	FALSE	0	1	Reduction	Reduction	2019-06-06T17:00:00Z	157	2019-06-06T15:00:00Z	157	Normal	157.75	-0.75	175	227	219	18.420841963803518	13.10256662264089	31.523408586444408	NA	NA	NA
2019	2A	95	2A95	15.2131	0.62564	24.443	NA	2A95	2	A				NA	no_record > vegetative > vegetative	no_record	vegetative	vegetative	FALSE	0	1	Control	Control	2019-06-09T15:00:00Z	160	2019-06-08T20:00:00Z	159	Normal	157.75	2.25	175	227	219	18.420841963803518	26.20513324528178	44.6259752090853	NA	NA	NA
2019	2A	164	2A164	17.2109	0.34446	49.965	NA	2A164	2	A				NA	no_record > vegetative > dead_nf	no_record	vegetative	dead_nf	FALSE	0	0	Control	Control	2019-06-09T15:00:00Z	160	2019-06-08T20:00:00Z	159	Normal	157.75	2.25	175	227	219	18.420841963803518	26.20513324528178	44.6259752090853	NA	NA	NA
2019	2A	164	2A164	20.0338	0.35423	56.628	duplicate - average across 2A164 before analysis	2A164	2	A				NA	no_record > vegetative > dead_nf	no_record	vegetative	dead_nf	FALSE	0	0	Control	Control	2019-06-09T15:00:00Z	160	2019-06-08T20:00:00Z	159	Normal	157.75	2.25	175	227	219	18.420841963803518	26.20513324528178	44.6259752090853	NA	NA	NA
2019	2A	176	2A176	33.6793	0.8579	39.257	NA	2A176	2	A				NA	vegetative > vegetative > vegetative	vegetative	vegetative	vegetative	FALSE	0	1	Control	Control	2019-06-09T15:00:00Z	160	2019-06-08T20:00:00Z	159	Normal	157.75	2.25	175	227	219	18.420841963803518	26.20513324528178	44.6259752090853	NA	NA	NA
2019	2A	685	2A685	10.8629	0.18545	58.571	NA	2A685	2	A				NA	no_record > vegetative > flowering	no_record	vegetative	flowering	FALSE	1	1	Control	Control	2019-06-09T15:00:00Z	160	2019-06-08T20:00:00Z	159	Normal	157.75	2.25	175	227	219	18.420841963803518	26.20513324528178	44.6259752090853	NA	NA	NA
2019	2B	85	2B85	37.7484	0.45229	83.475	NA	2B85	2	B				NA	vegetative > vegetative > flowering	vegetative	vegetative	flowering	FALSE	1	1	Control	Mock rainout	2019-06-09T15:00:00Z	160	2019-06-08T20:00:00Z	159	Normal	157.75	2.25	175	227	219	18.420841963803518	26.20513324528178	44.6259752090853	NA	NA	NA
2019	2B	86	2B86	16.4671	0.18349	89.721	NA	2B86	2	B				NA	vegetative > vegetative > flowering	vegetative	vegetative	flowering	FALSE	1	1	Control	Mock rainout	2019-06-09T15:00:00Z	160	2019-06-08T20:00:00Z	159	Normal	157.75	2.25	175	227	219	18.420841963803518	26.20513324528178	44.6259752090853	NA	NA	NA
2019	2B	137	2B137	NA	NA	NA	NA	2B137	2	B				NA	vegetative > vegetative > vegetative	vegetative	vegetative	vegetative	FALSE	0	1	Control	Mock rainout	2019-06-09T15:00:00Z	160	2019-06-08T20:00:00Z	159	Normal	157.75	2.25	175	227	219	18.420841963803518	26.20513324528178	44.6259752090853	NA	NA	NA
2019	2B	137	2B137	12.327	0.08239	149.575	NA	2B137	2	B				NA	vegetative > vegetative > vegetative	vegetative	vegetative	vegetative	FALSE	0	1	Control	Mock rainout	2019-06-09T15:00:00Z	160	2019-06-08T20:00:00Z	159	Normal	157.75	2.25	175	227	219	18.420841963803518	26.20513324528178	44.6259752090853	NA	NA	NA
2019	2B	138	2B138	30.7336	0.50872	60.403	NA	2B138	2	B				NA	vegetative > vegetative > flowering	vegetative	vegetative	flowering	FALSE	1	1	Control	Mock rainout	2019-06-09T15:00:00Z	160	2019-06-08T20:00:00Z	159	Normal	157.75	2.25	175	227	219	18.420841963803518	26.20513324528178	44.6259752090853	NA	NA	NA
2019	2B	189	2B189	45.8504	0.67457	67.97	NA	2B189	2	B				NA	vegetative > vegetative > flowering	vegetative	vegetative	flowering	FALSE	1	1	Control	Mock rainout	2019-06-09T15:00:00Z	160	2019-06-08T20:00:00Z	159	Normal	157.75	2.25	175	227	219	18.420841963803518	26.20513324528178	44.6259752090853	NA	NA	NA
2019	2C	271	2C271	27.2569	NA	21.813	NA	2C271	2	C				NA	vegetative > vegetative > flowering	vegetative	vegetative	flowering	FALSE	1	1	Reduction	Reduction	2019-06-09T15:00:00Z	160	2019-06-08T20:00:00Z	159	Normal	157.75	2.25	175	227	219	18.420841963803518	13.10256662264089	31.523408586444408	NA	NA	NA
2019	2C	293	2C293	11.1737	0.120675	103.212	JP: two measurements of this plant in WUE_19, but neither of them match this WUE value. Not the mean WUE or WUE calculated from the means either.	2C293	2	C				NA	vegetative > vegetative > flowering	vegetative	vegetative	flowering	FALSE	1	1	Reduction	Reduction	2019-06-09T15:00:00Z	160	2019-06-08T20:00:00Z	159	Normal	157.75	2.25	175	227	219	18.420841963803518	13.10256662264089	31.523408586444408	NA	NA	NA
2019	2C	296	2C296	20.8571	0.40073	52.711	NA	2C296	2	C				NA	vegetative > vegetative > vegetative	vegetative	vegetative	vegetative	FALSE	0	1	Reduction	Reduction	2019-06-09T15:00:00Z	160	2019-06-08T20:00:00Z	159	Normal	157.75	2.25	175	227	219	18.420841963803518	13.10256662264089	31.523408586444408	NA	NA	NA
2019	2C	299	2C299	NA	NA	NA	NA	2C299	2	C		pheno18		NA	vegetative > vegetative > dead_nf	vegetative	vegetative	dead_nf	FALSE	0	0	Reduction	Reduction	2019-06-09T15:00:00Z	160	2019-06-08T20:00:00Z	159	Normal	157.75	2.25	175	227	219	18.420841963803518	13.10256662264089	31.523408586444408	NA	NA	NA
2019	2C	299	2C299	3.9556	0.02029	194.765	NA	2C299	2	C		pheno18		NA	vegetative > vegetative > dead_nf	vegetative	vegetative	dead_nf	FALSE	0	0	Reduction	Reduction	2019-06-09T15:00:00Z	160	2019-06-08T20:00:00Z	159	Normal	157.75	2.25	175	227	219	18.420841963803518	13.10256662264089	31.523408586444408	NA	NA	NA
2019	2D	184	2D184	14.5762	0.17366	84.017	NA	2D184	2	D				NA	vegetative > vegetative > vegetative	vegetative	vegetative	vegetative	FALSE	0	1	Addition	Addition	2019-06-09T15:00:00Z	160	2019-06-08T20:00:00Z	159	Normal	157.75	2.25	175	227	219	18.420841963803518	103.20513324528179	121.62597520908531	NA	NA	NA
2019	2D	194	2D194	24.097	0.42756	56.35	NA	2D194	2	D				NA	vegetative > vegetative > flowering	vegetative	vegetative	flowering	FALSE	1	1	Addition	Addition	2019-06-09T15:00:00Z	160	2019-06-08T20:00:00Z	159	Normal	157.75	2.25	175	227	219	18.420841963803518	103.20513324528179	121.62597520908531	NA	NA	NA
2019	2D	210	2D210	61.2652	0.98886	59.878	NA	2D210	2	D				NA	vegetative > vegetative > flowering	vegetative	vegetative	flowering	FALSE	1	1	Addition	Addition	2019-06-09T15:00:00Z	160	2019-06-08T20:00:00Z	159	Normal	157.75	2.25	175	227	219	18.420841963803518	103.20513324528179	121.62597520908531	NA	NA	NA
2019	2D	219	2D219	12.2121	0.22567	54.14	NA	2D219	2	D				NA	vegetative > vegetative > flowering	vegetative	vegetative	flowering	FALSE	1	1	Addition	Addition	2019-06-09T15:00:00Z	160	2019-06-08T20:00:00Z	159	Normal	157.75	2.25	175	227	219	18.420841963803518	103.20513324528179	121.62597520908531	NA	NA	NA
2019	2D	220	2D220	17.845	0.56162	31.642	NA	2D220	2	D				NA	vegetative > vegetative > flowering	vegetative	vegetative	flowering	FALSE	1	1	Addition	Addition	2019-06-09T15:00:00Z	160	2019-06-08T20:00:00Z	159	Normal	157.75	2.25	175	227	219	18.420841963803518	103.20513324528179	121.62597520908531	NA	NA	NA
2019	3A	129	3A129	21.3426	0.25688	83.078	NA	3A129	3	A				NA	vegetative > vegetative > vegetative	vegetative	vegetative	vegetative	FALSE	0	1	Reduction	Reduction	2019-06-07T14:00:00Z	158	2019-06-06T19:00:00Z	157	Normal	157.75	0.25	175	227	219	18.420841963803518	13.10256662264089	31.523408586444408	NA	NA	NA
2019	3A	273	3A273	11.0452	0.299	36.881	NA	3A273	3	A				NA	vegetative > vegetative > flowering	vegetative	vegetative	flowering	FALSE	1	1	Reduction	Reduction	2019-06-07T14:00:00Z	158	2019-06-06T19:00:00Z	157	Normal	157.75	0.25	175	227	219	18.420841963803518	13.10256662264089	31.523408586444408	NA	NA	NA
2019	3A	655	3A655	7.3697	0.15971	46.146	NA	3A655	3	A				NA	vegetative > vegetative > dead_nf	vegetative	vegetative	dead_nf	FALSE	0	0	Reduction	Reduction	2019-06-07T14:00:00Z	158	2019-06-06T19:00:00Z	157	Normal	157.75	0.25	175	227	219	18.420841963803518	13.10256662264089	31.523408586444408	NA	NA	NA
2019	3A	657	3A657	29.7081	0.53899	55.109	NA	3A657	3	A		pheno19		NA	vegetative > vegetative > flowering	vegetative	vegetative	flowering	FALSE	1	1	Reduction	Reduction	2019-06-07T14:00:00Z	158	2019-06-06T19:00:00Z	157	Normal	157.75	0.25	175	227	219	18.420841963803518	13.10256662264089	31.523408586444408	NA	NA	NA
2019	3A	658	3A658	NA	NA	NA	NA	3A658	3	A				NA	vegetative > vegetative > vegetative	vegetative	vegetative	vegetative	FALSE	0	1	Reduction	Reduction	2019-06-07T14:00:00Z	158	2019-06-06T19:00:00Z	157	Normal	157.75	0.25	175	227	219	18.420841963803518	13.10256662264089	31.523408586444408	NA	NA	NA
2019	3A	658	3A658	8.6522	0.08932	96.793	NA	3A658	3	A				NA	vegetative > vegetative > vegetative	vegetative	vegetative	vegetative	FALSE	0	1	Reduction	Reduction	2019-06-07T14:00:00Z	158	2019-06-06T19:00:00Z	157	Normal	157.75	0.25	175	227	219	18.420841963803518	13.10256662264089	31.523408586444408	NA	NA	NA
2019	3B	619	3B619	15.5774	0.21201	74.198	NA	3B619	3	B				NA	vegetative > vegetative > dead_nf	vegetative	vegetative	dead_nf	FALSE	0	0	Control	Mock rainout	2019-06-07T14:00:00Z	158	2019-06-06T19:00:00Z	157	Normal	157.75	0.25	175	227	219	18.420841963803518	26.20513324528178	44.6259752090853	NA	NA	NA
2019	3B	621	3B621	51.0227	0.90069	56.707	NA	3B621	3	B				NA	vegetative > vegetative > flowering	vegetative	vegetative	flowering	FALSE	1	1	Control	Mock rainout	2019-06-07T14:00:00Z	158	2019-06-06T19:00:00Z	157	Normal	157.75	0.25	175	227	219	18.420841963803518	26.20513324528178	44.6259752090853	NA	NA	NA
2019	3B	624	3B624	12.4345	0.60421	20.442	NA	3B624	3	B				NA	vegetative > flowering > dead_nf	vegetative	flowering	dead_nf	FALSE	0	0	Control	Mock rainout	2019-06-07T14:00:00Z	158	2019-06-06T19:00:00Z	157	Normal	157.75	0.25	175	227	219	18.420841963803518	26.20513324528178	44.6259752090853	NA	NA	NA
2019	3B	838	3B838	16.4918	0.5599	29.443	NA	3B838	3	B				NA	vegetative > vegetative > flowering	vegetative	vegetative	flowering	FALSE	1	1	Control	Mock rainout	2019-06-07T14:00:00Z	158	2019-06-06T19:00:00Z	157	Normal	157.75	0.25	175	227	219	18.420841963803518	26.20513324528178	44.6259752090853	NA	NA	NA
2019	3B	838	3B838	19.8704	0.47437	41.889	duplicate - average across 3B838 before analysis	3B838	3	B				NA	vegetative > vegetative > flowering	vegetative	vegetative	flowering	FALSE	1	1	Control	Mock rainout	2019-06-07T14:00:00Z	158	2019-06-06T19:00:00Z	157	Normal	157.75	0.25	175	227	219	18.420841963803518	26.20513324528178	44.6259752090853	NA	NA	NA
2019	3C	123	3C123	1.0754	0.19745	5.446	NA	3C123	3	C				NA	vegetative > vegetative > dead_nf	vegetative	vegetative	dead_nf	FALSE	0	0	Addition	Addition	2019-06-07T14:00:00Z	158	2019-06-06T19:00:00Z	157	Normal	157.75	0.25	175	227	219	18.420841963803518	103.20513324528179	121.62597520908531	NA	NA	NA
2019	3C	126	3C126	18.5304	0.54186	34.238	NA	3C126	3	C				NA	vegetative > vegetative > flowering	vegetative	vegetative	flowering	FALSE	1	1	Addition	Addition	2019-06-07T14:00:00Z	158	2019-06-06T19:00:00Z	157	Normal	157.75	0.25	175	227	219	18.420841963803518	103.20513324528179	121.62597520908531	NA	NA	NA
2019	3C	129	3C129	92.9856	NA	52.72	NA	3C129	3	C				NA	vegetative > vegetative > dead_nf	vegetative	vegetative	dead_nf	FALSE	0	0	Addition	Addition	2019-06-07T14:00:00Z	158	2019-06-06T19:00:00Z	157	Normal	157.75	0.25	175	227	219	18.420841963803518	103.20513324528179	121.62597520908531	NA	NA	NA
2019	3C	174	3C174	9.6236	0.50791	19.06	NA	3C174	3	C				NA	vegetative > vegetative > flowering	vegetative	vegetative	flowering	FALSE	1	1	Addition	Addition	2019-06-07T14:00:00Z	158	2019-06-06T19:00:00Z	157	Normal	157.75	0.25	175	227	219	18.420841963803518	103.20513324528179	121.62597520908531	NA	NA	NA
2019	3C	208	3C208	4.8259	0.0368	131.445	NA	3C208	3	C				NA	NA	NA	NA	NA	FALSE	NA	NA	Addition	Addition	2019-06-07T14:00:00Z	158	2019-06-06T19:00:00Z	157	Normal	157.75	0.25	175	227	219	18.420841963803518	103.20513324528179	121.62597520908531	NA	NA	NA
2019	3D	851	3D851	28.1374	0.86604	32.821	NA	3D851	3	D				NA	vegetative > vegetative > flowering	vegetative	vegetative	flowering	FALSE	1	1	Control	Control	2019-06-07T14:00:00Z	158	2019-06-06T19:00:00Z	157	Normal	157.75	0.25	175	227	219	18.420841963803518	26.20513324528178	44.6259752090853	NA	NA	NA
2019	3D	881	3D881	21.7995	0.41562	52.447	NA	3D881	3	D				NA	vegetative > vegetative > flowering	vegetative	vegetative	flowering	FALSE	1	1	Control	Control	2019-06-07T14:00:00Z	158	2019-06-06T19:00:00Z	157	Normal	157.75	0.25	175	227	219	18.420841963803518	26.20513324528178	44.6259752090853	NA	NA	NA
2019	3D	888	3D888	NA	NA	NA	NA	3D888	3	D				NA	vegetative > vegetative > vegetative	vegetative	vegetative	vegetative	FALSE	0	1	Control	Control	2019-06-07T14:00:00Z	158	2019-06-06T19:00:00Z	157	Normal	157.75	0.25	175	227	219	18.420841963803518	26.20513324528178	44.6259752090853	NA	NA	NA
2019	3D	888	3D888	5.7275	0.07486	76.579	NA	3D888	3	D				NA	vegetative > vegetative > vegetative	vegetative	vegetative	vegetative	FALSE	0	1	Control	Control	2019-06-07T14:00:00Z	158	2019-06-06T19:00:00Z	157	Normal	157.75	0.25	175	227	219	18.420841963803518	26.20513324528178	44.6259752090853	NA	NA	NA
2019	3D	891	3D891	39.3031	0.86522	45.47	NA	3D891	3	D				NA	vegetative > vegetative > vegetative	vegetative	vegetative	vegetative	FALSE	0	1	Control	Control	2019-06-07T14:00:00Z	158	2019-06-06T19:00:00Z	157	Normal	157.75	0.25	175	227	219	18.420841963803518	26.20513324528178	44.6259752090853	NA	NA	NA
2019	3D	894	3D894	8.9729	0.37208	24.117	NA	3D894	3	D				NA	vegetative > vegetative > flowering	vegetative	vegetative	flowering	FALSE	1	1	Control	Control	2019-06-07T14:00:00Z	158	2019-06-06T19:00:00Z	157	Normal	157.75	0.25	175	227	219	18.420841963803518	26.20513324528178	44.6259752090853	NA	NA	NA
2019	4A	62	4A62	20.6475	0.15306	134.796	NA	4A62	4	A				NA	vegetative > vegetative > dead_nf	vegetative	vegetative	dead_nf	FALSE	0	0	Addition	Addition	2019-05-27T22:00:00Z	147	2019-05-26T18:00:00Z	146	Early	157.75	-10.75	175	227	219	21.750493375436122	103.20513324528179	124.95562662071791	NA	NA	NA
2019	4A	71	4A71	21.6074	0.37202	58.13	NA	4A71	4	A				NA	vegetative > vegetative > dead_nf	vegetative	vegetative	dead_nf	FALSE	0	0	Addition	Addition	2019-05-27T22:00:00Z	147	2019-05-26T18:00:00Z	146	Early	157.75	-10.75	175	227	219	21.750493375436122	103.20513324528179	124.95562662071791	NA	NA	NA
2019	4A	113	4A113	39.0743	0.37751	103.536	NA	4A113	4	A				NA	vegetative > vegetative > dead_nf	vegetative	vegetative	dead_nf	FALSE	0	0	Addition	Addition	2019-05-27T22:00:00Z	147	2019-05-26T18:00:00Z	146	Early	157.75	-10.75	175	227	219	21.750493375436122	103.20513324528179	124.95562662071791	NA	NA	NA
2019	4A	115	4A115	31.9524	0.76086	41.995	NA	4A115	4	A		pheno19		NA	vegetative > vegetative > flowering	vegetative	vegetative	flowering	FALSE	1	1	Addition	Addition	2019-05-27T22:00:00Z	147	2019-05-26T18:00:00Z	146	Early	157.75	-10.75	175	227	219	21.750493375436122	103.20513324528179	124.95562662071791	NA	NA	NA
2019	4A	116	4A116	1.5873	0.30511	5.192	NA	4A116	4	A				NA	vegetative > vegetative > flowering	vegetative	vegetative	flowering	FALSE	1	1	Addition	Addition	2019-05-27T22:00:00Z	147	2019-05-26T18:00:00Z	146	Early	157.75	-10.75	175	227	219	21.750493375436122	103.20513324528179	124.95562662071791	NA	NA	NA
2019	4B	190	4B190	10.2341	0.40821	25.094	NA	4B190	4	B				NA	vegetative > vegetative > vegetative	vegetative	vegetative	vegetative	FALSE	0	1	Control	Mock rainout	2019-05-27T22:00:00Z	147	2019-05-26T18:00:00Z	146	Early	157.75	-10.75	175	227	219	21.750493375436122	26.20513324528178	47.9556266207179	NA	NA	NA
2019	4B	206	4B206	4.6526	0.10397	44.735	NA	4B206	4	B				NA	vegetative > vegetative > dead_nf	vegetative	vegetative	dead_nf	FALSE	0	0	Control	Mock rainout	2019-05-27T22:00:00Z	147	2019-05-26T18:00:00Z	146	Early	157.75	-10.75	175	227	219	21.750493375436122	26.20513324528178	47.9556266207179	NA	NA	NA
2019	4B	211	4B211	34.11	0.62149	54.91	NA	4B211	4	B				NA	vegetative > vegetative > flowering	vegetative	vegetative	flowering	FALSE	1	1	Control	Mock rainout	2019-05-27T22:00:00Z	147	2019-05-26T18:00:00Z	146	Early	157.75	-10.75	175	227	219	21.750493375436122	26.20513324528178	47.9556266207179	NA	NA	NA
2019	4B	214	4B214	38.7324	0.39714	97.528	NA	4B214	4	B				NA	vegetative > vegetative > vegetative	vegetative	vegetative	vegetative	FALSE	0	1	Control	Mock rainout	2019-05-27T22:00:00Z	147	2019-05-26T18:00:00Z	146	Early	157.75	-10.75	175	227	219	21.750493375436122	26.20513324528178	47.9556266207179	NA	NA	NA
2019	4C	30	4C30	25.8974	0.65609	40.222	NA	4C30	4	C				NA	vegetative > vegetative > dead_nf	vegetative	vegetative	dead_nf	FALSE	0	0	Control	Control	2019-05-27T22:00:00Z	147	2019-05-26T18:00:00Z	146	Early	157.75	-10.75	175	227	219	21.750493375436122	26.20513324528178	47.9556266207179	NA	NA	NA
2019	4C	106	4C106	11.753	0.1081	108.778	NA	4C106	4	C				NA	vegetative > vegetative > vegetative	vegetative	vegetative	vegetative	FALSE	0	1	Control	Control	2019-05-27T22:00:00Z	147	2019-05-26T18:00:00Z	146	Early	157.75	-10.75	175	227	219	21.750493375436122	26.20513324528178	47.9556266207179	NA	NA	NA
2019	4B	163	4C163	39.2123	0.49278	79.578	DRC updated plotid	4B163	4	B				NA	vegetative > vegetative > dead_nf	vegetative	vegetative	dead_nf	FALSE	0	0	Control	Mock rainout	2019-05-27T22:00:00Z	147	2019-05-26T18:00:00Z	146	Early	157.75	-10.75	175	227	219	21.750493375436122	26.20513324528178	47.9556266207179	NA	NA	NA
2019	4C	189	4C189	19.8476	0.50259	39.495	NA	4C189	4	C				NA	vegetative > vegetative > dead_nf	vegetative	vegetative	dead_nf	FALSE	0	0	Control	Control	2019-05-27T22:00:00Z	147	2019-05-26T18:00:00Z	146	Early	157.75	-10.75	175	227	219	21.750493375436122	26.20513324528178	47.9556266207179	NA	NA	NA
2019	4C	195	4C195	7.4437	0.32843	22.684	NA	4C195	4	C				NA	vegetative > vegetative > flowering	vegetative	vegetative	flowering	FALSE	1	1	Control	Control	2019-05-27T22:00:00Z	147	2019-05-26T18:00:00Z	146	Early	157.75	-10.75	175	227	219	21.750493375436122	26.20513324528178	47.9556266207179	NA	NA	NA
2019	4C	630	4C630	11.194	0.14451	77.535	NA	4C630	4	C				NA	vegetative > vegetative > vegetative	vegetative	vegetative	vegetative	FALSE	0	1	Control	Control	2019-05-27T22:00:00Z	147	2019-05-26T18:00:00Z	146	Early	157.75	-10.75	175	227	219	21.750493375436122	26.20513324528178	47.9556266207179	NA	NA	NA
2019	4D	28	4D28	17.9199	0.12555	142.69	NA	4D28	4	D		pheno18		NA	vegetative > vegetative > vegetative	vegetative	vegetative	vegetative	FALSE	0	1	Reduction	Reduction	2019-05-27T22:00:00Z	147	2019-05-26T18:00:00Z	146	Early	157.75	-10.75	175	227	219	21.750493375436122	13.10256662264089	34.853059998077015	NA	NA	NA
2019	4D	37	4D37	16.35955	0.20986	101.697	JP: two measurements of this plant in WUE_19, but neither of them match this WUE value. Not the mean WUE or WUE calculated from the means either.	4D37	4	D				NA	vegetative > vegetative > flowering	vegetative	vegetative	flowering	FALSE	1	1	Reduction	Reduction	2019-05-27T22:00:00Z	147	2019-05-26T18:00:00Z	146	Early	157.75	-10.75	175	227	219	21.750493375436122	13.10256662264089	34.853059998077015	NA	NA	NA
2019	4D	47	4D47	19.8248	0.48102	41.244	NA	4D47	4	D				NA	vegetative > vegetative > flowering	vegetative	vegetative	flowering	FALSE	1	1	Reduction	Reduction	2019-05-27T22:00:00Z	147	2019-05-26T18:00:00Z	146	Early	157.75	-10.75	175	227	219	21.750493375436122	13.10256662264089	34.853059998077015	NA	NA	NA
2019	4D	49	4D49	65.2322	NA	56.499	NA	4D49	4	D				NA	vegetative > vegetative > flowering	vegetative	vegetative	flowering	FALSE	1	1	Reduction	Reduction	2019-05-27T22:00:00Z	147	2019-05-26T18:00:00Z	146	Early	157.75	-10.75	175	227	219	21.750493375436122	13.10256662264089	34.853059998077015	NA	NA	NA
2019	5A	185	5A185	9.83425	0.17281	55.775	two measurements of this plant in WUE_19, but neither of them match this WUE value. Not the mean WUE or WUE calculated from the means either.	5A185	5	A		pheno19		NA	vegetative > vegetative > flowering	vegetative	vegetative	flowering	FALSE	1	1	Addition	Addition	2019-06-04T15:00:00Z	155	2019-06-03T17:00:00Z	154	Early	157.75	-2.75	175	227	219	18.73496002150471	103.20513324528179	121.94009326678649	NA	NA	NA
2019	5A	191	5A191	35.5622	0.83874	42.399	NA	5A191	5	A				NA	vegetative > vegetative > flowering	vegetative	vegetative	flowering	FALSE	1	1	Addition	Addition	2019-06-04T15:00:00Z	155	2019-06-03T17:00:00Z	154	Early	157.75	-2.75	175	227	219	18.73496002150471	103.20513324528179	121.94009326678649	NA	NA	NA
2019	5A	195	5A195	20.3371	0.37879	53.729	NA	5A195	5	A				NA	vegetative > flowering > vegetative	vegetative	flowering	vegetative	FALSE	0	1	Addition	Addition	2019-06-04T15:00:00Z	155	2019-06-03T17:00:00Z	154	Early	157.75	-2.75	175	227	219	18.73496002150471	103.20513324528179	121.94009326678649	NA	NA	NA
2019	5A	196	5A196	4.294	0.04528	94.769	NA	5A196	5	A				NA	vegetative > flowering > flowering	vegetative	flowering	flowering	FALSE	1	1	Addition	Addition	2019-06-04T15:00:00Z	155	2019-06-03T17:00:00Z	154	Early	157.75	-2.75	175	227	219	18.73496002150471	103.20513324528179	121.94009326678649	NA	NA	NA
2019	5A	198	5A198	21.917	0.29101	75.323	NA	5A198	5	A				NA	vegetative > vegetative > tagnf	vegetative	vegetative	tagnf	FALSE	NA	NA	Addition	Addition	2019-06-04T15:00:00Z	155	2019-06-03T17:00:00Z	154	Early	157.75	-2.75	175	227	219	18.73496002150471	103.20513324528179	121.94009326678649	NA	NA	NA
2019	5B	7	5B7	34.2516	0.84024	41.412	NA	5B7	5	B				NA	flowering > vegetative > vegetative	flowering	vegetative	vegetative	FALSE	0	1	Control	Mock rainout	2019-06-04T15:00:00Z	155	2019-06-03T17:00:00Z	154	Early	157.75	-2.75	175	227	219	18.73496002150471	26.20513324528178	44.94009326678649	NA	NA	NA
2019	5B	12	5B12	11.3994	0.29349	38.844	NA	5B12	5	B				NA	vegetative > vegetative > flowering	vegetative	vegetative	flowering	FALSE	1	1	Control	Mock rainout	2019-06-04T15:00:00Z	155	2019-06-03T17:00:00Z	154	Early	157.75	-2.75	175	227	219	18.73496002150471	26.20513324528178	44.94009326678649	NA	NA	NA
2019	5B	287	5B287	16.1869	0.24368	66.426	NA	5B287	5	B				NA	vegetative > vegetative > no_record	vegetative	vegetative	no_record	FALSE	NA	NA	Control	Mock rainout	2019-06-04T15:00:00Z	155	2019-06-03T17:00:00Z	154	Early	157.75	-2.75	175	227	219	18.73496002150471	26.20513324528178	44.94009326678649	NA	NA	NA
2019	5B	289	5B289	20.52	0.21819	94.431	NA	5B289	5	B				NA	vegetative > vegetative > flowering	vegetative	vegetative	flowering	FALSE	1	1	Control	Mock rainout	2019-06-04T15:00:00Z	155	2019-06-03T17:00:00Z	154	Early	157.75	-2.75	175	227	219	18.73496002150471	26.20513324528178	44.94009326678649	NA	NA	NA
2019	5B	296	5B296	11.4643	0.08089	141.748	NA	5B296	5	B				NA	vegetative > vegetative > flowering	vegetative	vegetative	flowering	FALSE	1	1	Control	Mock rainout	2019-06-04T15:00:00Z	155	2019-06-03T17:00:00Z	154	Early	157.75	-2.75	175	227	219	18.73496002150471	26.20513324528178	44.94009326678649	NA	NA	NA
2019	5C	202	5C202	19.8256	0.15034	131.892	NA	5C202	5	C				NA	vegetative > vegetative > flowering	vegetative	vegetative	flowering	FALSE	1	1	Reduction	Reduction	2019-06-04T15:00:00Z	155	2019-06-03T17:00:00Z	154	Early	157.75	-2.75	175	227	219	18.73496002150471	13.10256662264089	31.837526644145598	NA	NA	NA
2019	5C	207	5C207	4.0073	0.119	33.628	NA	5C207	5	C				NA	vegetative > vegetative > flowering	vegetative	vegetative	flowering	FALSE	1	1	Reduction	Reduction	2019-06-04T15:00:00Z	155	2019-06-03T17:00:00Z	154	Early	157.75	-2.75	175	227	219	18.73496002150471	13.10256662264089	31.837526644145598	NA	NA	NA
2019	5C	211	5C211	20.1798	0.1338	150.962	NA	5C211	5	C				NA	vegetative > vegetative > flowering	vegetative	vegetative	flowering	FALSE	1	1	Reduction	Reduction	2019-06-04T15:00:00Z	155	2019-06-03T17:00:00Z	154	Early	157.75	-2.75	175	227	219	18.73496002150471	13.10256662264089	31.837526644145598	NA	NA	NA
2019	5C	218	5C218	11.8051	0.166865	119.972	JP: two measurements of this plant in WUE_19, but neither of them match this WUE value. Not the mean WUE or WUE calculated from the means either.	5C218	5	C		seeds20	pheno19	5C229	vegetative > vegetative > dead_nf	vegetative	vegetative	dead_nf	FALSE	0	0	Reduction	Reduction	2019-06-04T15:00:00Z	155	2019-06-03T17:00:00Z	154	Early	157.75	-2.75	175	227	219	18.73496002150471	13.10256662264089	31.837526644145598	NA	NA	NA
2019	5D	244	5D244	36.451	0.91441	36.816	NA	5D244	5	D				NA	vegetative > vegetative > vegetative	vegetative	vegetative	vegetative	FALSE	0	1	Control	Control	2019-06-04T15:00:00Z	155	2019-06-03T17:00:00Z	154	Early	157.75	-2.75	175	227	219	18.73496002150471	26.20513324528178	44.94009326678649	NA	NA	NA
2019	5D	250	5D250	59.5371	0.91226	65.267	NA	5D250	5	D				NA	vegetative > vegetative > flowering	vegetative	vegetative	flowering	FALSE	1	1	Control	Control	2019-06-04T15:00:00Z	155	2019-06-03T17:00:00Z	154	Early	157.75	-2.75	175	227	219	18.73496002150471	26.20513324528178	44.94009326678649	NA	NA	NA
2019	5D	275	5D275	17.5858	0.2601	69.663	NA	5D275	5	D				NA	vegetative > vegetative > flowering	vegetative	vegetative	flowering	FALSE	1	1	Control	Control	2019-06-04T15:00:00Z	155	2019-06-03T17:00:00Z	154	Early	157.75	-2.75	175	227	219	18.73496002150471	26.20513324528178	44.94009326678649	NA	NA	NA
2019	5D	281	5D281	10.4628	0.17101	61.187	NA	5D281	5	D				NA	vegetative > vegetative > vegetative	vegetative	vegetative	vegetative	FALSE	0	1	Control	Control	2019-06-04T15:00:00Z	155	2019-06-03T17:00:00Z	154	Early	157.75	-2.75	175	227	219	18.73496002150471	26.20513324528178	44.94009326678649	NA	NA	NA
2019	5D	289	5D289	40.2926	0.55413	72.772	NA	5D289	5	D				NA	vegetative > flowering > dead_nf	vegetative	flowering	dead_nf	FALSE	0	0	Control	Control	2019-06-04T15:00:00Z	155	2019-06-03T17:00:00Z	154	Early	157.75	-2.75	175	227	219	18.73496002150471	26.20513324528178	44.94009326678649	NA	NA	NA
2019	6A	150	6A150	20.2505	0.36754	55.095	NA	6A150	6	A				NA	vegetative > vegetative > vegetative	vegetative	vegetative	vegetative	FALSE	0	1	Control	Control	2019-06-05T19:00:00Z	156	2019-06-05T17:00:00Z	156	Normal	157.75	-1.75	175	227	219	18.420841963803518	26.20513324528178	44.6259752090853	NA	NA	NA
2019	6A	153	6A153	18.1302	0.43984	41.358	NA	6A153	6	A				NA	vegetative > vegetative > dead_nf	vegetative	vegetative	dead_nf	FALSE	0	0	Control	Control	2019-06-05T19:00:00Z	156	2019-06-05T17:00:00Z	156	Normal	157.75	-1.75	175	227	219	18.420841963803518	26.20513324528178	44.6259752090853	NA	NA	NA
2019	6A	165	6A165	30.5157	0.42092	72.509	NA	6A165	6	A				NA	vegetative > vegetative > flowering	vegetative	vegetative	flowering	FALSE	1	1	Control	Control	2019-06-05T19:00:00Z	156	2019-06-05T17:00:00Z	156	Normal	157.75	-1.75	175	227	219	18.420841963803518	26.20513324528178	44.6259752090853	NA	NA	NA
2019	6A	168	6A168	2.6887	0.12758	21.074	NA	6A168	6	A				NA	vegetative > vegetative > vegetative	vegetative	vegetative	vegetative	FALSE	0	1	Control	Control	2019-06-05T19:00:00Z	156	2019-06-05T17:00:00Z	156	Normal	157.75	-1.75	175	227	219	18.420841963803518	26.20513324528178	44.6259752090853	NA	NA	NA
2019	6A	169	6A169	46.6028	0.7807	59.697	NA	6A169	6	A				NA	vegetative > vegetative > flowering	vegetative	vegetative	flowering	FALSE	1	1	Control	Control	2019-06-05T19:00:00Z	156	2019-06-05T17:00:00Z	156	Normal	157.75	-1.75	175	227	219	18.420841963803518	26.20513324528178	44.6259752090853	NA	NA	NA
2019	6B	9	6B9	25.4268	0.2981	86.999	NA	6B9	6	B				NA	vegetative > vegetative > vegetative	vegetative	vegetative	vegetative	FALSE	0	1	Reduction	Reduction	2019-06-05T19:00:00Z	156	2019-06-05T17:00:00Z	156	Normal	157.75	-1.75	175	227	219	18.420841963803518	13.10256662264089	31.523408586444408	NA	NA	NA
2019	6B	21	6B21	32.5233	0.27308	120.196	NA	6B21	6	B				NA	vegetative > vegetative > flowering	vegetative	vegetative	flowering	FALSE	1	1	Reduction	Reduction	2019-06-05T19:00:00Z	156	2019-06-05T17:00:00Z	156	Normal	157.75	-1.75	175	227	219	18.420841963803518	13.10256662264089	31.523408586444408	NA	NA	NA
2019	6B	22	6B22	26.9637	0.44213	61.001	NA	6B22	6	B				NA	vegetative > vegetative > vegetative	vegetative	vegetative	vegetative	FALSE	0	1	Reduction	Reduction	2019-06-05T19:00:00Z	156	2019-06-05T17:00:00Z	156	Normal	157.75	-1.75	175	227	219	18.420841963803518	13.10256662264089	31.523408586444408	NA	NA	NA
2019	6B	31	6B31	77.7857	0.66749	116.531	NA	6B31	6	B				NA	vegetative > flowering > dead_nf	vegetative	flowering	dead_nf	FALSE	0	0	Reduction	Reduction	2019-06-05T19:00:00Z	156	2019-06-05T17:00:00Z	156	Normal	157.75	-1.75	175	227	219	18.420841963803518	13.10256662264089	31.523408586444408	NA	NA	NA
2019	6C	81	6C81	24.2359	0.21583	112.3	NA	6C81	6	C		pheno19		NA	vegetative > vegetative > vegetative	vegetative	vegetative	vegetative	FALSE	0	1	Control	Mock rainout	2019-06-05T19:00:00Z	156	2019-06-05T17:00:00Z	156	Normal	157.75	-1.75	175	227	219	18.420841963803518	26.20513324528178	44.6259752090853	NA	NA	NA
2019	6C	86	6C86	2.4546	0.03146	77.793	NA	6C86	6	C				NA	vegetative > vegetative > flowering	vegetative	vegetative	flowering	FALSE	1	1	Control	Mock rainout	2019-06-05T19:00:00Z	156	2019-06-05T17:00:00Z	156	Normal	157.75	-1.75	175	227	219	18.420841963803518	26.20513324528178	44.6259752090853	NA	NA	NA
2019	6C	96	6C96	14.9084	0.5631	26.477	NA	6C96	6	C				NA	vegetative > flowering > flowering	vegetative	flowering	flowering	FALSE	1	1	Control	Mock rainout	2019-06-05T19:00:00Z	156	2019-06-05T17:00:00Z	156	Normal	157.75	-1.75	175	227	219	18.420841963803518	26.20513324528178	44.6259752090853	NA	NA	NA
2019	6C	113	6C113	17.191	0.51644	33.305	NA	6C113	6	C				NA	vegetative > vegetative > flowering	vegetative	vegetative	flowering	FALSE	1	1	Control	Mock rainout	2019-06-05T19:00:00Z	156	2019-06-05T17:00:00Z	156	Normal	157.75	-1.75	175	227	219	18.420841963803518	26.20513324528178	44.6259752090853	NA	NA	NA
2019	6C	116	6C116	24.3967	0.39164	62.306	NA	6C116	6	C				NA	vegetative > vegetative > flowering	vegetative	vegetative	flowering	FALSE	1	1	Control	Mock rainout	2019-06-05T19:00:00Z	156	2019-06-05T17:00:00Z	156	Normal	157.75	-1.75	175	227	219	18.420841963803518	26.20513324528178	44.6259752090853	NA	NA	NA
2019	6D	45	6D45	15.6204	0.61469	25.556	NA	6D45	6	D				NA	flowering > vegetative > flowering	flowering	vegetative	flowering	FALSE	1	1	Addition	Addition	2019-06-05T19:00:00Z	156	2019-06-05T17:00:00Z	156	Normal	157.75	-1.75	175	227	219	18.420841963803518	103.20513324528179	121.62597520908531	NA	NA	NA
2019	6D	56	6D56	28.71875	0.589105	49.015	JP: two measurements of this plant in WUE_19, but neither of them match this WUE value. Not the mean WUE or WUE calculated from the means either.	6D56	6	D				NA	vegetative > vegetative > flowering	vegetative	vegetative	flowering	FALSE	1	1	Addition	Addition	2019-06-05T19:00:00Z	156	2019-06-05T17:00:00Z	156	Normal	157.75	-1.75	175	227	219	18.420841963803518	103.20513324528179	121.62597520908531	NA	NA	NA
2019	6D	57	6D57	16.2571	0.46174	35.211	NA	6D57	6	D				NA	vegetative > vegetative > vegetative	vegetative	vegetative	vegetative	FALSE	0	1	Addition	Addition	2019-06-05T19:00:00Z	156	2019-06-05T17:00:00Z	156	Normal	157.75	-1.75	175	227	219	18.420841963803518	103.20513324528179	121.62597520908531	NA	NA	NA
2019	6D	64	6D64	20.0057	0.66318	30.166	NA	6D64	6	D				NA	vegetative > vegetative > flowering	vegetative	vegetative	flowering	FALSE	1	1	Addition	Addition	2019-06-05T19:00:00Z	156	2019-06-05T17:00:00Z	156	Normal	157.75	-1.75	175	227	219	18.420841963803518	103.20513324528179	121.62597520908531	NA	NA	NA
2020	1A	NULL	NA	NA	NA	NA	no measurement taken?	NA	1	NA	NA	NA	NA	NA	NA	NA	NA	NA	NA	NA	NA	NA	NA	NA	NA	NA	NA	NA	NA	NA	NA	NA	NA	NA	NA	NA	2020-07-22T00:00:00Z	NA	NA
2020	1B	NULL	NA	NA	NA	NA	no measurement taken?	NA	1	NA	NA	NA	NA	NA	NA	NA	NA	NA	NA	NA	NA	NA	NA	NA	NA	NA	NA	NA	NA	NA	NA	NA	NA	NA	NA	NA	2020-07-22T00:00:00Z	NA	NA
2020	1C	NULL	NA	NA	NA	NA	no measurement taken?	NA	1	NA	NA	NA	NA	NA	NA	NA	NA	NA	NA	NA	NA	NA	NA	NA	NA	NA	NA	NA	NA	NA	NA	NA	NA	NA	NA	NA	2020-07-22T00:00:00Z	NA	NA
2020	1D	NULL	NA	NA	NA	NA	no measurement taken?	NA	1	NA	NA	NA	NA	NA	NA	NA	NA	NA	NA	NA	NA	NA	NA	NA	NA	NA	NA	NA	NA	NA	NA	NA	NA	NA	NA	NA	2020-07-22T00:00:00Z	NA	NA
2020	2A	NULL	NA	NA	NA	NA	no measurement taken?	NA	2	NA	NA	NA	NA	NA	NA	NA	NA	NA	NA	NA	NA	NA	NA	NA	NA	NA	NA	NA	NA	NA	NA	NA	NA	NA	NA	NA	2020-07-22T00:00:00Z	NA	NA
2020	2B	NULL	NA	21.215445126320255	0.12207966554614659	174.0235	missing plantid	NA	2	NA	NA	NA	NA	NA	NA	NA	NA	NA	NA	NA	NA	NA	NA	NA	NA	NA	NA	NA	NA	NA	NA	NA	NA	NA	NA	NA	2020-07-22T00:00:00Z	NA	NA
2020	2C	NULL	NA	NA	NA	NA	no measurement taken?	NA	2	NA	NA	NA	NA	NA	NA	NA	NA	NA	NA	NA	NA	NA	NA	NA	NA	NA	NA	NA	NA	NA	NA	NA	NA	NA	NA	NA	2020-07-22T00:00:00Z	NA	NA
2020	2D	NULL	NA	NA	NA	NA	no measurement taken?	NA	2	NA	NA	NA	NA	NA	NA	NA	NA	NA	NA	NA	NA	NA	NA	NA	NA	NA	NA	NA	NA	NA	NA	NA	NA	NA	NA	NA	2020-07-22T00:00:00Z	NA	NA
2020	3A	NULL	NA	13.388227728065896	0.06618141242360741	202.2959	missing plantid	NA	3	NA	NA	NA	NA	NA	NA	NA	NA	NA	NA	NA	NA	NA	NA	NA	NA	NA	NA	NA	NA	NA	NA	NA	NA	NA	NA	NA	2020-07-22T00:00:00Z	NA	NA
2020	3B	NULL	NA	NA	NA	NA	no measurement taken?	NA	3	NA	NA	NA	NA	NA	NA	NA	NA	NA	NA	NA	NA	NA	NA	NA	NA	NA	NA	NA	NA	NA	NA	NA	NA	NA	NA	NA	2020-07-22T00:00:00Z	NA	NA
2020	3C	NULL	NA	NA	NA	NA	no measurement taken?	NA	3	NA	NA	NA	NA	NA	NA	NA	NA	NA	NA	NA	NA	NA	NA	NA	NA	NA	NA	NA	NA	NA	NA	NA	NA	NA	NA	NA	2020-07-22T00:00:00Z	NA	NA
2020	3D	NULL	NA	9.958549812277418	0.08655575075981606	114.9572	missing plantid	NA	3	NA	NA	NA	NA	NA	NA	NA	NA	NA	NA	NA	NA	NA	NA	NA	NA	NA	NA	NA	NA	NA	NA	NA	NA	NA	NA	NA	2020-07-22T00:00:00Z	NA	NA
2020	4A	NULL	NA	20.411913177976373	0.16606667938432346	122.9656	missing plantid	NA	4	NA	NA	NA	NA	NA	NA	NA	NA	NA	NA	NA	NA	NA	NA	NA	NA	NA	NA	NA	NA	NA	NA	NA	NA	NA	NA	NA	2020-07-22T00:00:00Z	NA	NA
2020	4B	NULL	NA	3.139052393542548	0.04512019582392765	69.09228	missing plantid	NA	4	NA	NA	NA	NA	NA	NA	NA	NA	NA	NA	NA	NA	NA	NA	NA	NA	NA	NA	NA	NA	NA	NA	NA	NA	NA	NA	NA	2020-07-22T00:00:00Z	NA	NA
2020	4C	NULL	NA	28.227761565653896	0.13626226676106673	207.1692	missing plantid	NA	4	NA	NA	NA	NA	NA	NA	NA	NA	NA	NA	NA	NA	NA	NA	NA	NA	NA	NA	NA	NA	NA	NA	NA	NA	NA	NA	NA	2020-07-22T00:00:00Z	NA	NA
2020	4D	NULL	NA	NA	NA	NA	no measurement taken?	NA	4	NA	NA	NA	NA	NA	NA	NA	NA	NA	NA	NA	NA	NA	NA	NA	NA	NA	NA	NA	NA	NA	NA	NA	NA	NA	NA	NA	2020-07-22T00:00:00Z	NA	NA
2020	5A	NULL	NA	11.921393920050388	0.09151169579362631	132.2344	missing plantid	NA	5	NA	NA	NA	NA	NA	NA	NA	NA	NA	NA	NA	NA	NA	NA	NA	NA	NA	NA	NA	NA	NA	NA	NA	NA	NA	NA	NA	2020-07-22T00:00:00Z	NA	NA
2020	5B	NULL	NA	1.5730579091368444	0.013162113120607829	120.7607	missing plantid	NA	5	NA	NA	NA	NA	NA	NA	NA	NA	NA	NA	NA	NA	NA	NA	NA	NA	NA	NA	NA	NA	NA	NA	NA	NA	NA	NA	NA	2020-07-22T00:00:00Z	NA	NA
2020	5C	NULL	NA	12.557633123446953	0.05550534274257231	226.2419	missing plantid	NA	5	NA	NA	NA	NA	NA	NA	NA	NA	NA	NA	NA	NA	NA	NA	NA	NA	NA	NA	NA	NA	NA	NA	NA	NA	NA	NA	NA	2020-07-22T00:00:00Z	NA	NA
2020	5D	NULL	NA	9.163414648600405	0.04024586314034557	227.6859	missing plantid	NA	5	NA	NA	NA	NA	NA	NA	NA	NA	NA	NA	NA	NA	NA	NA	NA	NA	NA	NA	NA	NA	NA	NA	NA	NA	NA	NA	NA	2020-07-22T00:00:00Z	NA	NA
2020	6A	NULL	NA	NA	NA	NA	no measurement taken?	NA	6	NA	NA	NA	NA	NA	NA	NA	NA	NA	NA	NA	NA	NA	NA	NA	NA	NA	NA	NA	NA	NA	NA	NA	NA	NA	NA	NA	2020-07-22T00:00:00Z	NA	NA
2020	6B	NULL	NA	28.327149802204058	0.14059016834623672	201.5856	missing plantid	NA	6	NA	NA	NA	NA	NA	NA	NA	NA	NA	NA	NA	NA	NA	NA	NA	NA	NA	NA	NA	NA	NA	NA	NA	NA	NA	NA	NA	2020-07-22T00:00:00Z	NA	NA
2020	6C	NULL	NA	4.427840494514381	0.023756250701909464	186.3863	missing plantid	NA	6	NA	NA	NA	NA	NA	NA	NA	NA	NA	NA	NA	NA	NA	NA	NA	NA	NA	NA	NA	NA	NA	NA	NA	NA	NA	NA	NA	2020-07-22T00:00:00Z	NA	NA
2020	6D	NULL	NA	30.66235689569548	0.23090033737945836	132.7381	missing plantid	NA	6	NA	NA	NA	NA	NA	NA	NA	NA	NA	NA	NA	NA	NA	NA	NA	NA	NA	NA	NA	NA	NA	NA	NA	NA	NA	NA	NA	2020-07-22T00:00:00Z	NA	NA
2020	1A	NULL	NA	17.001065946622692	0.11445272965052901	148.5422	missing plantid	NA	1	NA	NA	NA	NA	NA	NA	NA	NA	NA	NA	NA	NA	NA	NA	NA	NA	NA	NA	NA	NA	NA	NA	NA	NA	NA	NA	NA	2020-07-23T00:00:00Z	NA	NA
2020	1B	NULL	NA	7.200238502553772	0.03425900958864801	210.1707	missing plantid	NA	1	NA	NA	NA	NA	NA	NA	NA	NA	NA	NA	NA	NA	NA	NA	NA	NA	NA	NA	NA	NA	NA	NA	NA	NA	NA	NA	NA	2020-07-23T00:00:00Z	NA	NA
2020	1C	NULL	NA	20.841648806032357	0.10816238666757508	192.76	missing plantid	NA	1	NA	NA	NA	NA	NA	NA	NA	NA	NA	NA	NA	NA	NA	NA	NA	NA	NA	NA	NA	NA	NA	NA	NA	NA	NA	NA	NA	2020-07-23T00:00:00Z	NA	NA
2020	1D	NULL	NA	7.159420919914893	0.03611542626742587	198.2372	missing plantid	NA	1	NA	NA	NA	NA	NA	NA	NA	NA	NA	NA	NA	NA	NA	NA	NA	NA	NA	NA	NA	NA	NA	NA	NA	NA	NA	NA	NA	2020-07-23T00:00:00Z	NA	NA
2020	2A	NULL	NA	22.079406803529434	0.2048941691949542	112.7523	missing plantid	NA	2	NA	NA	NA	NA	NA	NA	NA	NA	NA	NA	NA	NA	NA	NA	NA	NA	NA	NA	NA	NA	NA	NA	NA	NA	NA	NA	NA	2020-07-23T00:00:00Z	NA	NA
2020	2B	NULL	NA	16.049202948822206	0.10125390311074356	159.5301	missing plantid	NA	2	NA	NA	NA	NA	NA	NA	NA	NA	NA	NA	NA	NA	NA	NA	NA	NA	NA	NA	NA	NA	NA	NA	NA	NA	NA	NA	NA	2020-07-23T00:00:00Z	NA	NA
2020	2C	NULL	NA	NA	NA	NA	no measurement taken?	NA	2	NA	NA	NA	NA	NA	NA	NA	NA	NA	NA	NA	NA	NA	NA	NA	NA	NA	NA	NA	NA	NA	NA	NA	NA	NA	NA	NA	2020-07-23T00:00:00Z	NA	NA
2020	2D	NULL	NA	20.551559944711236	0.12450436921199493	165.2723	missing plantid	NA	2	NA	NA	NA	NA	NA	NA	NA	NA	NA	NA	NA	NA	NA	NA	NA	NA	NA	NA	NA	NA	NA	NA	NA	NA	NA	NA	NA	2020-07-23T00:00:00Z	NA	NA
2020	3A	NULL	NA	15.290124627708106	0.06431272824509512	237.7465	missing plantid	NA	3	NA	NA	NA	NA	NA	NA	NA	NA	NA	NA	NA	NA	NA	NA	NA	NA	NA	NA	NA	NA	NA	NA	NA	NA	NA	NA	NA	2020-07-23T00:00:00Z	NA	NA
2020	3B	NULL	NA	7.515677750773939	0.039575430135296276	189.9077	missing plantid	NA	3	NA	NA	NA	NA	NA	NA	NA	NA	NA	NA	NA	NA	NA	NA	NA	NA	NA	NA	NA	NA	NA	NA	NA	NA	NA	NA	NA	2020-07-23T00:00:00Z	NA	NA
2020	3C	NULL	NA	22.354310516803203	0.13242316666473794	178.8608	missing plantid	NA	3	NA	NA	NA	NA	NA	NA	NA	NA	NA	NA	NA	NA	NA	NA	NA	NA	NA	NA	NA	NA	NA	NA	NA	NA	NA	NA	NA	2020-07-23T00:00:00Z	NA	NA
2020	3D	NULL	NA	11.893811424635576	0.0849557428409286	140.1657	missing plantid	NA	3	NA	NA	NA	NA	NA	NA	NA	NA	NA	NA	NA	NA	NA	NA	NA	NA	NA	NA	NA	NA	NA	NA	NA	NA	NA	NA	NA	2020-07-23T00:00:00Z	NA	NA
2020	4A	NULL	NA	12.636703852879984	0.05566499212854947	227.0135	missing plantid	NA	4	NA	NA	NA	NA	NA	NA	NA	NA	NA	NA	NA	NA	NA	NA	NA	NA	NA	NA	NA	NA	NA	NA	NA	NA	NA	NA	NA	2020-07-23T00:00:00Z	NA	NA
2020	4B	NULL	NA	1.8080110280015214	0.009362051092217176	193.1213	missing plantid	NA	4	NA	NA	NA	NA	NA	NA	NA	NA	NA	NA	NA	NA	NA	NA	NA	NA	NA	NA	NA	NA	NA	NA	NA	NA	NA	NA	NA	2020-07-23T00:00:00Z	NA	NA
2020	4C	NULL	NA	36.92273793521598	0.17530620148541876	210.4534	missing plantid	NA	4	NA	NA	NA	NA	NA	NA	NA	NA	NA	NA	NA	NA	NA	NA	NA	NA	NA	NA	NA	NA	NA	NA	NA	NA	NA	NA	NA	2020-07-23T00:00:00Z	NA	NA
2020	4D	NULL	NA	14.936737887832324	0.0809076793609886	184.9863	missing plantid	NA	4	NA	NA	NA	NA	NA	NA	NA	NA	NA	NA	NA	NA	NA	NA	NA	NA	NA	NA	NA	NA	NA	NA	NA	NA	NA	NA	NA	2020-07-23T00:00:00Z	NA	NA
2020	5A	NULL	NA	29.091682681624285	0.1552311438008281	194.7379	missing plantid	NA	5	NA	NA	NA	NA	NA	NA	NA	NA	NA	NA	NA	NA	NA	NA	NA	NA	NA	NA	NA	NA	NA	NA	NA	NA	NA	NA	NA	2020-07-23T00:00:00Z	NA	NA
2020	5B	NULL	NA	NA	NA	NA	no measurement taken?	NA	5	NA	NA	NA	NA	NA	NA	NA	NA	NA	NA	NA	NA	NA	NA	NA	NA	NA	NA	NA	NA	NA	NA	NA	NA	NA	NA	NA	2020-07-23T00:00:00Z	NA	NA
2020	5C	NULL	NA	NA	NA	NA	no measurement taken?	NA	5	NA	NA	NA	NA	NA	NA	NA	NA	NA	NA	NA	NA	NA	NA	NA	NA	NA	NA	NA	NA	NA	NA	NA	NA	NA	NA	NA	2020-07-23T00:00:00Z	NA	NA
2020	5D	NULL	NA	12.71980719359059	0.1363617082089653	93.29248	missing plantid	NA	5	NA	NA	NA	NA	NA	NA	NA	NA	NA	NA	NA	NA	NA	NA	NA	NA	NA	NA	NA	NA	NA	NA	NA	NA	NA	NA	NA	2020-07-23T00:00:00Z	NA	NA
2020	6A	NULL	NA	17.33474104385244	0.10180055253642815	172.0151	missing plantid	NA	6	NA	NA	NA	NA	NA	NA	NA	NA	NA	NA	NA	NA	NA	NA	NA	NA	NA	NA	NA	NA	NA	NA	NA	NA	NA	NA	NA	2020-07-23T00:00:00Z	NA	NA
2020	6B	NULL	NA	5.058163635114547	0.02602744940733212	194.3396	missing plantid	NA	6	NA	NA	NA	NA	NA	NA	NA	NA	NA	NA	NA	NA	NA	NA	NA	NA	NA	NA	NA	NA	NA	NA	NA	NA	NA	NA	NA	2020-07-23T00:00:00Z	NA	NA
2020	6C	NULL	NA	19.290942681702525	0.09209238864225869	212.5157	missing plantid	NA	6	NA	NA	NA	NA	NA	NA	NA	NA	NA	NA	NA	NA	NA	NA	NA	NA	NA	NA	NA	NA	NA	NA	NA	NA	NA	NA	NA	2020-07-23T00:00:00Z	NA	NA
2020	6D	NULL	NA	44.547371525280255	0.31010604631697014	143.647	missing plantid	NA	6	NA	NA	NA	NA	NA	NA	NA	NA	NA	NA	NA	NA	NA	NA	NA	NA	NA	NA	NA	NA	NA	NA	NA	NA	NA	NA	NA	2020-07-23T00:00:00Z	NA	NA
2020	1A	NULL	NA	16.385419538745538	0.23854829134168964	68.65064	missing plantid	NA	1	NA	NA	NA	NA	NA	NA	NA	NA	NA	NA	NA	NA	NA	NA	NA	NA	NA	NA	NA	NA	NA	NA	NA	NA	NA	NA	NA	2020-07-29T00:00:00Z	NA	NA
2020	1B	662	NA	22.351348618458772	0.13352807871789288	167.369	NA	1B662	1	NA	NA	NA	NA	NA	NA	NA	NA	NA	NA	NA	NA	NA	NA	NA	NA	NA	NA	NA	NA	NA	NA	NA	NA	NA	NA	NA	2020-07-29T00:00:00Z	NA	NA
2020	1C	76	NA	19.934493229545886	0.14129312533072463	146.1053	NA	1C76	1	NA	NA	NA	NA	NA	NA	NA	NA	NA	NA	NA	NA	NA	NA	NA	NA	NA	NA	NA	NA	NA	NA	NA	NA	NA	NA	NA	2020-07-29T00:00:00Z	NA	NA
2020	1D	16	NA	16.876812316501113	0.08913640457748052	189.7351	NA	1D16	1	NA	NA	NA	NA	NA	NA	NA	NA	NA	NA	NA	NA	NA	NA	NA	NA	NA	NA	NA	NA	NA	NA	NA	NA	NA	NA	NA	2020-07-29T00:00:00Z	NA	NA
2020	2A	176	NA	42.48161079804585	0.41618905598838113	102.0779	NA	2A176	2	NA	NA	NA	NA	NA	NA	NA	NA	NA	NA	NA	NA	NA	NA	NA	NA	NA	NA	NA	NA	NA	NA	NA	NA	NA	NA	NA	2020-07-29T00:00:00Z	NA	NA
2020	2B	137	NA	19.730151167218523	0.12328374890484067	160.0692	NA	2B137	2	NA	NA	NA	NA	NA	NA	NA	NA	NA	NA	NA	NA	NA	NA	NA	NA	NA	NA	NA	NA	NA	NA	NA	NA	NA	NA	NA	2020-07-29T00:00:00Z	NA	NA
2020	2C	261	NA	16.38409885834018	0.10559449310075213	155.1851	NA	2C261	2	NA	NA	NA	NA	NA	NA	NA	NA	NA	NA	NA	NA	NA	NA	NA	NA	NA	NA	NA	NA	NA	NA	NA	NA	NA	NA	NA	2020-07-29T00:00:00Z	NA	NA
2020	2D	184	NA	37.706164833175436	0.29412052780372067	128.2337	NA	2D184	2	NA	NA	NA	NA	NA	NA	NA	NA	NA	NA	NA	NA	NA	NA	NA	NA	NA	NA	NA	NA	NA	NA	NA	NA	NA	NA	NA	2020-07-29T00:00:00Z	NA	NA
2020	3A	650	NA	12.055475491875313	0.059965571367709795	201.04	NA	3A650	3	NA	NA	NA	NA	NA	NA	NA	NA	NA	NA	NA	NA	NA	NA	NA	NA	NA	NA	NA	NA	NA	NA	NA	NA	NA	NA	NA	2020-07-29T00:00:00Z	NA	NA
2020	3B	610	NA	7.148750352094925	0.03613339054845979	196.9124	NA	3B610	3	NA	NA	NA	NA	NA	NA	NA	NA	NA	NA	NA	NA	NA	NA	NA	NA	NA	NA	NA	NA	NA	NA	NA	NA	NA	NA	NA	2020-07-29T00:00:00Z	NA	NA
2020	3C	162	NA	11.855916315640956	0.1425729768825574	82.4988	NA	3C162	3	NA	NA	NA	NA	NA	NA	NA	NA	NA	NA	NA	NA	NA	NA	NA	NA	NA	NA	NA	NA	NA	NA	NA	NA	NA	NA	NA	2020-07-29T00:00:00Z	NA	NA
2020	3D	888	NA	25.017761812388404	0.6276627784469444	44.3933	NA	3D888	3	NA	NA	NA	NA	NA	NA	NA	NA	NA	NA	NA	NA	NA	NA	NA	NA	NA	NA	NA	NA	NA	NA	NA	NA	NA	NA	NA	2020-07-29T00:00:00Z	NA	NA
2020	4A	60	NA	19.75043317478933	0.1588806398509901	124.4382	NA	4A60	4	NA	NA	NA	NA	NA	NA	NA	NA	NA	NA	NA	NA	NA	NA	NA	NA	NA	NA	NA	NA	NA	NA	NA	NA	NA	NA	NA	2020-07-29T00:00:00Z	NA	NA
2020	4B	214	NA	10.821704694022195	0.10422341429486134	103.8315	NA	4B214	4	NA	NA	NA	NA	NA	NA	NA	NA	NA	NA	NA	NA	NA	NA	NA	NA	NA	NA	NA	NA	NA	NA	NA	NA	NA	NA	NA	2020-07-29T00:00:00Z	NA	NA
2020	4C	106	NA	32.643378136781536	0.2139406476738483	152.7304	NA	4C106	4	NA	NA	NA	NA	NA	NA	NA	NA	NA	NA	NA	NA	NA	NA	NA	NA	NA	NA	NA	NA	NA	NA	NA	NA	NA	NA	NA	2020-07-29T00:00:00Z	NA	NA
2020	4D	35	NA	15.684493796380188	0.10496136393236977	150.3826	NA	4D35	4	NA	NA	NA	NA	NA	NA	NA	NA	NA	NA	NA	NA	NA	NA	NA	NA	NA	NA	NA	NA	NA	NA	NA	NA	NA	NA	NA	2020-07-29T00:00:00Z	NA	NA
2020	5A	auntedge	NA	18.80956051343943	0.13940720740405918	135.175	"JP: what does auntedge mean? maybe handwriting said ""on the edge""?"	5Aauntedge	5	NA	NA	NA	NA	NA	NA	NA	NA	NA	NA	NA	NA	NA	NA	NA	NA	NA	NA	NA	NA	NA	NA	NA	NA	NA	NA	NA	2020-07-29T00:00:00Z	NA	NA
2020	5B	18	NA	22.294441933276666	0.16397004660136882	135.9782	NA	5B18	5	NA	NA	NA	NA	NA	NA	NA	NA	NA	NA	NA	NA	NA	NA	NA	NA	NA	NA	NA	NA	NA	NA	NA	NA	NA	NA	NA	2020-07-29T00:00:00Z	NA	NA
2020	5C	203	NA	13.578311671186007	0.07704037140759484	176.2493	NA	5C203	5	NA	NA	NA	NA	NA	NA	NA	NA	NA	NA	NA	NA	NA	NA	NA	NA	NA	NA	NA	NA	NA	NA	NA	NA	NA	NA	NA	2020-07-29T00:00:00Z	NA	NA
2020	5D	270	NA	4.734996189910271	0.06357191726588893	74.5645	NA	5D270	5	NA	NA	NA	NA	NA	NA	NA	NA	NA	NA	NA	NA	NA	NA	NA	NA	NA	NA	NA	NA	NA	NA	NA	NA	NA	NA	NA	2020-07-29T00:00:00Z	NA	NA
2020	6A	128	NA	23.68153756235844	0.2149748236509979	110.1543	NA	6A128	6	NA	NA	NA	NA	NA	NA	NA	NA	NA	NA	NA	NA	NA	NA	NA	NA	NA	NA	NA	NA	NA	NA	NA	NA	NA	NA	NA	2020-07-29T00:00:00Z	NA	NA
2020	6B	NULL	NA	NA	NA	NA	no measurement taken?	NA	6	NA	NA	NA	NA	NA	NA	NA	NA	NA	NA	NA	NA	NA	NA	NA	NA	NA	NA	NA	NA	NA	NA	NA	NA	NA	NA	NA	2020-07-29T00:00:00Z	NA	NA
2020	6C	81	NA	23.798811972157704	0.2039856335609191	116.2291	NA	6C81	6	NA	NA	NA	NA	NA	NA	NA	NA	NA	NA	NA	NA	NA	NA	NA	NA	NA	NA	NA	NA	NA	NA	NA	NA	NA	NA	NA	2020-07-29T00:00:00Z	NA	NA
2020	6D	untagged	NA	28.101370077683697	0.19685876968804106	142.7489	untagged plant	6Duntagged	6	NA	NA	NA	NA	NA	NA	NA	NA	NA	NA	NA	NA	NA	NA	NA	NA	NA	NA	NA	NA	NA	NA	NA	NA	NA	NA	NA	2020-07-29T00:00:00Z	NA	NA
2020	1A	NULL	NA	8.905929434933068	0.10822993178667051	82.14587	missing plantid	NA	1	NA	NA	NA	NA	NA	NA	NA	NA	NA	NA	NA	NA	NA	NA	NA	NA	NA	NA	NA	NA	NA	NA	NA	NA	NA	NA	NA	2020-07-30T00:00:00Z	NA	NA
2020	1B	NULL	NA	10.007395216699866	0.05113845060719376	195.2922	missing plantid	NA	1	NA	NA	NA	NA	NA	NA	NA	NA	NA	NA	NA	NA	NA	NA	NA	NA	NA	NA	NA	NA	NA	NA	NA	NA	NA	NA	NA	2020-07-30T00:00:00Z	NA	NA
2020	1C	NULL	NA	7.727565974099538	0.03548292029076846	217.6594	missing plantid	NA	1	NA	NA	NA	NA	NA	NA	NA	NA	NA	NA	NA	NA	NA	NA	NA	NA	NA	NA	NA	NA	NA	NA	NA	NA	NA	NA	NA	2020-07-30T00:00:00Z	NA	NA
2020	1D	NULL	NA	2.384645297713502	0.014259788569888023	167.2287	missing plantid	NA	1	NA	NA	NA	NA	NA	NA	NA	NA	NA	NA	NA	NA	NA	NA	NA	NA	NA	NA	NA	NA	NA	NA	NA	NA	NA	NA	NA	2020-07-30T00:00:00Z	NA	NA
2020	2A	NULL	NA	5.854605818494097	0.08551580139052747	70.11512	missing plantid	NA	2	NA	NA	NA	NA	NA	NA	NA	NA	NA	NA	NA	NA	NA	NA	NA	NA	NA	NA	NA	NA	NA	NA	NA	NA	NA	NA	NA	2020-07-30T00:00:00Z	NA	NA
2020	2B	NULL	NA	17.58517415239751	0.07888117824361104	223.1408	missing plantid	NA	2	NA	NA	NA	NA	NA	NA	NA	NA	NA	NA	NA	NA	NA	NA	NA	NA	NA	NA	NA	NA	NA	NA	NA	NA	NA	NA	NA	2020-07-30T00:00:00Z	NA	NA
2020	2C	NULL	NA	15.49252152343527	0.06586508491307408	235.197	missing plantid	NA	2	NA	NA	NA	NA	NA	NA	NA	NA	NA	NA	NA	NA	NA	NA	NA	NA	NA	NA	NA	NA	NA	NA	NA	NA	NA	NA	NA	2020-07-30T00:00:00Z	NA	NA
2020	2D	NULL	NA	25.851104016942298	0.20238794279843705	127.6534	missing plantid	NA	2	NA	NA	NA	NA	NA	NA	NA	NA	NA	NA	NA	NA	NA	NA	NA	NA	NA	NA	NA	NA	NA	NA	NA	NA	NA	NA	NA	2020-07-30T00:00:00Z	NA	NA
2020	3A	NULL	NA	19.206612268078445	0.09562234101176553	199.9755	missing plantid	NA	3	NA	NA	NA	NA	NA	NA	NA	NA	NA	NA	NA	NA	NA	NA	NA	NA	NA	NA	NA	NA	NA	NA	NA	NA	NA	NA	NA	2020-07-30T00:00:00Z	NA	NA
2020	3B	NULL	NA	16.813168136739325	0.0862262713552727	194.9889	missing plantid	NA	3	NA	NA	NA	NA	NA	NA	NA	NA	NA	NA	NA	NA	NA	NA	NA	NA	NA	NA	NA	NA	NA	NA	NA	NA	NA	NA	NA	2020-07-30T00:00:00Z	NA	NA
2020	3C	NULL	NA	7.1978610308167426	0.0505123800096824	143.8246	missing plantid	NA	3	NA	NA	NA	NA	NA	NA	NA	NA	NA	NA	NA	NA	NA	NA	NA	NA	NA	NA	NA	NA	NA	NA	NA	NA	NA	NA	NA	2020-07-30T00:00:00Z	NA	NA
2020	3D	NULL	NA	8.568200154136356	0.09346466367112338	91.70917	missing plantid	NA	3	NA	NA	NA	NA	NA	NA	NA	NA	NA	NA	NA	NA	NA	NA	NA	NA	NA	NA	NA	NA	NA	NA	NA	NA	NA	NA	NA	2020-07-30T00:00:00Z	NA	NA
2020	4A	NULL	NA	8.722849656387549	0.1472408773088304	59.30696	missing plantid	NA	4	NA	NA	NA	NA	NA	NA	NA	NA	NA	NA	NA	NA	NA	NA	NA	NA	NA	NA	NA	NA	NA	NA	NA	NA	NA	NA	NA	2020-07-30T00:00:00Z	NA	NA
2020	4B	NULL	NA	18.80536530343116	0.0886904501811586	212.0235	missing plantid	NA	4	NA	NA	NA	NA	NA	NA	NA	NA	NA	NA	NA	NA	NA	NA	NA	NA	NA	NA	NA	NA	NA	NA	NA	NA	NA	NA	NA	2020-07-30T00:00:00Z	NA	NA
2020	4C	NULL	NA	17.145700470317664	0.1828468725126315	93.78832	missing plantid	NA	4	NA	NA	NA	NA	NA	NA	NA	NA	NA	NA	NA	NA	NA	NA	NA	NA	NA	NA	NA	NA	NA	NA	NA	NA	NA	NA	NA	2020-07-30T00:00:00Z	NA	NA
2020	4D	NULL	NA	23.905066687377477	0.10908876046981525	219.1341	missing plantid	NA	4	NA	NA	NA	NA	NA	NA	NA	NA	NA	NA	NA	NA	NA	NA	NA	NA	NA	NA	NA	NA	NA	NA	NA	NA	NA	NA	NA	2020-07-30T00:00:00Z	NA	NA
2020	5A	NULL	NA	8.643291117814698	0.07886555396010694	109.698	missing plantid	NA	5	NA	NA	NA	NA	NA	NA	NA	NA	NA	NA	NA	NA	NA	NA	NA	NA	NA	NA	NA	NA	NA	NA	NA	NA	NA	NA	NA	2020-07-30T00:00:00Z	NA	NA
2020	5B	NULL	NA	19.81816895353154	0.1282684359779688	154.5034	missing plantid	NA	5	NA	NA	NA	NA	NA	NA	NA	NA	NA	NA	NA	NA	NA	NA	NA	NA	NA	NA	NA	NA	NA	NA	NA	NA	NA	NA	NA	2020-07-30T00:00:00Z	NA	NA
2020	5C	NULL	NA	5.13912984186141	0.03289033987599809	156.2504	missing plantid	NA	5	NA	NA	NA	NA	NA	NA	NA	NA	NA	NA	NA	NA	NA	NA	NA	NA	NA	NA	NA	NA	NA	NA	NA	NA	NA	NA	NA	2020-07-30T00:00:00Z	NA	NA
2020	5D	NULL	NA	12.242150622645946	0.07134725566692873	171.5177	missing plantid	NA	5	NA	NA	NA	NA	NA	NA	NA	NA	NA	NA	NA	NA	NA	NA	NA	NA	NA	NA	NA	NA	NA	NA	NA	NA	NA	NA	NA	2020-07-30T00:00:00Z	NA	NA
2020	6A	NULL	NA	15.625044351360513	0.10629213536297819	145.5444	missing plantid	NA	6	NA	NA	NA	NA	NA	NA	NA	NA	NA	NA	NA	NA	NA	NA	NA	NA	NA	NA	NA	NA	NA	NA	NA	NA	NA	NA	NA	2020-07-30T00:00:00Z	NA	NA
2020	6B	NULL	NA	16.411099349916416	0.08233684184931961	199.1393	missing plantid	NA	6	NA	NA	NA	NA	NA	NA	NA	NA	NA	NA	NA	NA	NA	NA	NA	NA	NA	NA	NA	NA	NA	NA	NA	NA	NA	NA	NA	2020-07-30T00:00:00Z	NA	NA
2020	6C	NULL	NA	11.60951772644001	0.08383004770808172	138.1878	missing plantid	NA	6	NA	NA	NA	NA	NA	NA	NA	NA	NA	NA	NA	NA	NA	NA	NA	NA	NA	NA	NA	NA	NA	NA	NA	NA	NA	NA	NA	2020-07-30T00:00:00Z	NA	NA
2020	6D	NULL	NA	16.455774896720662	0.1530056805775623	107.4957	missing plantid	NA	6	NA	NA	NA	NA	NA	NA	NA	NA	NA	NA	NA	NA	NA	NA	NA	NA	NA	NA	NA	NA	NA	NA	NA	NA	NA	NA	NA	2020-07-30T00:00:00Z	NA	NA
2020	1A	NULL	NA	7.728192431554724	0.07995916294222534	96.65174	missing plantid	NA	1	NA	NA	NA	NA	NA	NA	NA	NA	NA	NA	NA	NA	NA	NA	NA	NA	NA	NA	NA	NA	NA	NA	NA	NA	NA	NA	NA	2020-07-31T00:00:00Z	NA	NA
2020	1B	NULL	NA	8.545520649395101	0.057758676886987825	148.2371	missing plantid	NA	1	NA	NA	NA	NA	NA	NA	NA	NA	NA	NA	NA	NA	NA	NA	NA	NA	NA	NA	NA	NA	NA	NA	NA	NA	NA	NA	NA	2020-07-31T00:00:00Z	NA	NA
2020	1C	NULL	NA	33.27445570685562	0.16564190008885266	200.8636	missing plantid	NA	1	NA	NA	NA	NA	NA	NA	NA	NA	NA	NA	NA	NA	NA	NA	NA	NA	NA	NA	NA	NA	NA	NA	NA	NA	NA	NA	NA	2020-07-31T00:00:00Z	NA	NA
2020	1D	NULL	NA	9.690654400711995	0.04932979245684929	196.0152	missing plantid	NA	1	NA	NA	NA	NA	NA	NA	NA	NA	NA	NA	NA	NA	NA	NA	NA	NA	NA	NA	NA	NA	NA	NA	NA	NA	NA	NA	NA	2020-07-31T00:00:00Z	NA	NA
2020	2A	NULL	NA	18.64873416055762	0.10661434400658291	174.8686	missing plantid	NA	2	NA	NA	NA	NA	NA	NA	NA	NA	NA	NA	NA	NA	NA	NA	NA	NA	NA	NA	NA	NA	NA	NA	NA	NA	NA	NA	NA	2020-07-31T00:00:00Z	NA	NA
2020	2B	NULL	NA	NA	NA	NA	no measurement taken?	NA	2	NA	NA	NA	NA	NA	NA	NA	NA	NA	NA	NA	NA	NA	NA	NA	NA	NA	NA	NA	NA	NA	NA	NA	NA	NA	NA	NA	2020-07-31T00:00:00Z	NA	NA
2020	2C	NULL	NA	7.433893872644254	0.034300984283989075	217.583	missing plantid	NA	2	NA	NA	NA	NA	NA	NA	NA	NA	NA	NA	NA	NA	NA	NA	NA	NA	NA	NA	NA	NA	NA	NA	NA	NA	NA	NA	NA	2020-07-31T00:00:00Z	NA	NA
2020	2D	NULL	NA	NA	NA	NA	no measurement taken?	NA	2	NA	NA	NA	NA	NA	NA	NA	NA	NA	NA	NA	NA	NA	NA	NA	NA	NA	NA	NA	NA	NA	NA	NA	NA	NA	NA	NA	2020-07-31T00:00:00Z	NA	NA
2020	3A	NULL	NA	NA	NA	NA	no measurement taken?	NA	3	NA	NA	NA	NA	NA	NA	NA	NA	NA	NA	NA	NA	NA	NA	NA	NA	NA	NA	NA	NA	NA	NA	NA	NA	NA	NA	NA	2020-07-31T00:00:00Z	NA	NA
2020	3B	NULL	NA	8.545083900248569	0.06842052363984628	127.2831	missing plantid	NA	3	NA	NA	NA	NA	NA	NA	NA	NA	NA	NA	NA	NA	NA	NA	NA	NA	NA	NA	NA	NA	NA	NA	NA	NA	NA	NA	NA	2020-07-31T00:00:00Z	NA	NA
2020	3C	NULL	NA	30.481196721873765	0.17530649151720934	173.2613	missing plantid	NA	3	NA	NA	NA	NA	NA	NA	NA	NA	NA	NA	NA	NA	NA	NA	NA	NA	NA	NA	NA	NA	NA	NA	NA	NA	NA	NA	NA	2020-07-31T00:00:00Z	NA	NA
2020	3D	NULL	NA	NA	NA	NA	no measurement taken?	NA	3	NA	NA	NA	NA	NA	NA	NA	NA	NA	NA	NA	NA	NA	NA	NA	NA	NA	NA	NA	NA	NA	NA	NA	NA	NA	NA	NA	2020-07-31T00:00:00Z	NA	NA
2020	4A	NULL	NA	NA	NA	NA	no measurement taken?	NA	4	NA	NA	NA	NA	NA	NA	NA	NA	NA	NA	NA	NA	NA	NA	NA	NA	NA	NA	NA	NA	NA	NA	NA	NA	NA	NA	NA	2020-07-31T00:00:00Z	NA	NA
2020	4B	NULL	NA	NA	NA	NA	no measurement taken?	NA	4	NA	NA	NA	NA	NA	NA	NA	NA	NA	NA	NA	NA	NA	NA	NA	NA	NA	NA	NA	NA	NA	NA	NA	NA	NA	NA	NA	2020-07-31T00:00:00Z	NA	NA
2020	4C	NULL	NA	NA	NA	NA	no measurement taken?	NA	4	NA	NA	NA	NA	NA	NA	NA	NA	NA	NA	NA	NA	NA	NA	NA	NA	NA	NA	NA	NA	NA	NA	NA	NA	NA	NA	NA	2020-07-31T00:00:00Z	NA	NA
2020	4D	NULL	NA	28.097999048767363	0.1353637692418172	207.6153	missing plantid	NA	4	NA	NA	NA	NA	NA	NA	NA	NA	NA	NA	NA	NA	NA	NA	NA	NA	NA	NA	NA	NA	NA	NA	NA	NA	NA	NA	NA	2020-07-31T00:00:00Z	NA	NA
2020	5A	NULL	NA	NA	NA	NA	no measurement taken?	NA	5	NA	NA	NA	NA	NA	NA	NA	NA	NA	NA	NA	NA	NA	NA	NA	NA	NA	NA	NA	NA	NA	NA	NA	NA	NA	NA	NA	2020-07-31T00:00:00Z	NA	NA
2020	5B	NULL	NA	35.203770022279045	0.15742678496274876	223.6831	missing plantid	NA	5	NA	NA	NA	NA	NA	NA	NA	NA	NA	NA	NA	NA	NA	NA	NA	NA	NA	NA	NA	NA	NA	NA	NA	NA	NA	NA	NA	2020-07-31T00:00:00Z	NA	NA
2020	5C	NULL	NA	15.029168353201392	0.08480036651523704	177.7985	missing plantid	NA	5	NA	NA	NA	NA	NA	NA	NA	NA	NA	NA	NA	NA	NA	NA	NA	NA	NA	NA	NA	NA	NA	NA	NA	NA	NA	NA	NA	2020-07-31T00:00:00Z	NA	NA
2020	5D	NULL	NA	NA	NA	NA	no measurement taken?	NA	5	NA	NA	NA	NA	NA	NA	NA	NA	NA	NA	NA	NA	NA	NA	NA	NA	NA	NA	NA	NA	NA	NA	NA	NA	NA	NA	NA	2020-07-31T00:00:00Z	NA	NA
2020	6A	NULL	NA	17.868927465542974	0.08656275828596721	206.448	missing plantid	NA	6	NA	NA	NA	NA	NA	NA	NA	NA	NA	NA	NA	NA	NA	NA	NA	NA	NA	NA	NA	NA	NA	NA	NA	NA	NA	NA	NA	2020-07-31T00:00:00Z	NA	NA
2020	6B	NULL	NA	NA	NA	NA	no measurement taken?	NA	6	NA	NA	NA	NA	NA	NA	NA	NA	NA	NA	NA	NA	NA	NA	NA	NA	NA	NA	NA	NA	NA	NA	NA	NA	NA	NA	NA	2020-07-31T00:00:00Z	NA	NA
2020	6C	NULL	NA	NA	NA	NA	no measurement taken?	NA	6	NA	NA	NA	NA	NA	NA	NA	NA	NA	NA	NA	NA	NA	NA	NA	NA	NA	NA	NA	NA	NA	NA	NA	NA	NA	NA	NA	2020-07-31T00:00:00Z	NA	NA
2020	6D	NULL	NA	NA	NA	NA	no measurement taken?	NA	6	NA	NA	NA	NA	NA	NA	NA	NA	NA	NA	NA	NA	NA	NA	NA	NA	NA	NA	NA	NA	NA	NA	NA	NA	NA	NA	NA	2020-07-31T00:00:00Z	NA	NA
