"plantID"	"betaOcimene"	"alphapinene"	"DMNT"	"Hexanol"	"Hexenal"	"Hexen1olE"	"Hexen1olacetateE"	"Undecatrien3592one610dimethyl"	"Hexen1olZ"	"Undecadien2one610dimethyl"	"Aceticacidbutylester"	"Aceticacidphenylmethylester"	"Caryophyllene"	"Caryophylleneoxide"	"DLimonene"	"Petasitene"	"cyperene"	"Hexane234trimethyl"	"alphaFarnesene"	"betaMyrcene"	"deltaCadinene"	"betaElemene"	"Benzylalcohol"	"Linalool"	"betaPinene"	"alfaCopaene"	"alphaTerpineol"	"Indole"	"alphaThujene"	"GermacreneD"	"Methylsalicylate"	"Methylbenzoate"	"Hexen1olZ"	"Ylangene"	"Methylpentanoicacid"	"Octadiene"
"1A232_1_Aug2_08022018_1A232_2_Aug2_08022018"	0	3.72296	0	0	0	0	0.49007	0	6.63007	0	0	0	2.23495	0	0	2.86579	0	0	0	0	0	0	0.18995	5.27612	0	0	0	0	0	0	0	0	0	0	0	0.04915
"1A232_2_Aug2_08022018_2D206_2_Aug2_08022018"	0	6.16986	0	0	0	0	0	0	0	0	0	0	0	0	3.05253	2.1374	0	0	0	2.86995	0	0	0	1.0371	0	0	0	0	0	0	0.04483	0	0	0	0	0
"1A236_190724_812019_09"	5.93288	287.87221	2.07284	0	0	11.11453	12.66582	0	0	0	0	0	12.79269	1.74931	66.98791	11.27388	0	0	0	33.94254	0	0	0	6.90939	45.40816	1.76146	0	0	0.81709	0	1.01631	0	0	0	0	0
"1A238_July5_07282018"	0	10.25561	0	0	0	0	0	0	0	0	0.25196	0	0	0	0	0	0	0	0	0	0	0	0	0	3.1627	0	0	0	0	0	0.61702	0	0	0	0	0
"1A239_190724_812019_10"	6.7786	293.02766	0	0	0.4711	34.24788	10.79587	0	0	0	0	0	130.2265	4.45787	33.1896	56.05869	0	0	0	17.77195	0	0	0	0	24.74944	3.91651	0	0	0.99267	0	1.29319	0	0	0	0.04703	0
"1A246_190724_812019_13"	4.09126	307.72512	0	0	0	6.26044	5.73311	0	0	0	0	0	2.04233	0	42.69487	12.27821	0	0	0	19.62738	0	0	0	5.61836	42.24887	0.32474	0	0	0.83254	0	0.8695	0	0	0	0	0
"1A253_July11_07292018"	0	6.58193	0	0	0	0	0.47239	0	0	0	0	0	0	0	0	0.42777	0	0	0	0	0	0	0	0	0	0	0	0	0	0	0.74124	0	0.80606	0	0.25739	0
"1A253July24_07252018"	0	1.83252	1.46607	0	0	0	0	0	0	0	0.25719	0.21461	0	0	7.81604	0	0	0	0	2.08205	0	0	0.36423	0	0	0	0	0	0	0	0	0	0	0	0	0
"1A258_190724_7282019_17"	2.2621	39.46196	0	0	1.69505	25.59591	2.76988	0	0	0.88954	0	0	0	0	4.63199	1.31842	0	0	0	3.18104	0	0	0.21869	14.23576	0	0	0	0	0	0	2.21135	0	0	0	0	0
"1B655_June28_07292018"	0	0	0	0	0	0	0	0	0	0	0	0	0	0	0	0	0	0	0	0	0	0	0	0	0	0	0	0	0	0	0	0	0	0	0	0
"1B655July11_07182018"	0	3.71128	0	0	0.49885	0	1.55332	0	7.89561	0.6672	0	0	1.35551	0	4.1998	0	0	0	0	0	0	0	0.4368	5.21238	3.26954	0	0	0	0	0	3.14025	0	0	0	0	0
"1B657_190726_822019_04_NOT_3C131_190726_822019_03"	0	12.37164	0	0	0	0	0	3.86797	0	0	0.13424	0	4.58788	0	0.86269	0	0	0	0	0	0	0	0	0	0	0	0	0	0	0	0	0	0	0	0	0
"1B664_July5_08032018"	0	6.40443	0	0	0	0	0.75741	0	0	0	0	0	0	0	0	0	0	0	0	0	0	0	0	0	5.5181	0	0	0	0	0	1.17573	0	0	0	0	0
"1B670_190724_812019_12"	0	71.87209	0	0	0	0	0.34623	1.57705	0	0	0	0	4.48556	0	4.31177	1.73986	1.08694	0	0	0	0	0	0.2288	5.32726	0	0	0	0	0	0	2.26851	0	0	0	0.07516	0
"1B678_July5_08032018"	1.65654	7.30726	0	0	0	0	0	0	0	0	0.63546	0	0	0	0	0	0	0	0	0	0	0	0	0	0	0	0	0	0	0	0	0	0	0	0	0
"1B684_190717_7262019_08_NOT_1C47_190717_7262019_07"	2.78025	8.75222	0	0	0	5.1309	0	0	0	0	0	0	1.52947	0	7.0195	0	0	0	0	0	0	0	0	0	0	0	0	0	0	0	2.59574	0	0	0	0.20953	0
"1B99_July5_08032018"	0	14.86218	0	0	0.32193	0	0.87531	0	0	0.2774	0	0	0	0	0	0.72073	0	0.81089	0	0	0	0	0	0	0	0	0	0	0	0	1.22454	0	0	0	0	0
"1C43_190717_7262019_14_NOT_Blank2_7262019_13"	0	15.02541	0	0	0	0	1.84425	0	0	1.61628	2.88402	0	11.22207	0	27.78964	0	0	0	0	0	0	0	0	19.09787	0	0	0	0	0	0	7.89917	0	0	0	0	0
"1C47_190717_7262019_07_NOT_Air_190716_7262019_06"	0	9.97031	0	0	0	0	1.23084	0	0	0	3.31208	0	0	0	46.99631	0	0	0	0	0	0	0	0	29.16331	0	0	0	0	0	0	9.86207	0	0	0	0	0
"1C60_July11_08042018"	0	10.57463	0	0	0.31961	0	0	0	0	0.22177	0	0	0.33091	0	0	0.50432	0	0.78522	0	0	0	0	0	0	3.62799	0	0	0	0	0	0.29737	0	0	0	0	0
"1C62_July5_08032018"	0	1.66164	0	0	0	0	0.20864	0	0	0	0	0	0	0	0	0	0	0	0	0	0	0	0	0	0	0	0	0	0	0	0	0	0.51028	0	0.09598	0
"1D19_190724_7282019_16"	2.2459	3.29346	0	0	0	0	0	0	0	0	0	0	0	0	0	0	0	0	0	0	0	0	0	22.76955	0	0	0	6.21413	0	0	9.67411	0	6.47875	0	0.44965	0
"1D29_July11_08042018"	0	3.14577	0	0	0	0	0.47926	0	0	0	0	0	0	0	0	0.23345	0	0	0	0	0	0	0.35763	0	0	0	0	0	0	0	0	0	0	0	0	0
"1D29_July24_07252018"	0	6.49302	0.05366	0	0.15471	0	0	0	0.85811	0.37997	0	0.15386	0	0	0	0.16652	0	0	0	0	0	0	0	0.41268	0	0	0	0	0	0	0.27208	0	0	0	0	0
"1D29_July5_08032018"	0	2.8008	0	0	0.06573	0	0.59857	0	0	0.34528	0	0	0.2293	0	0	0	0	0	0	0	0	0	0	2.48121	0	0	0	0	0	0	2.75825	0	0	0	0	0.14663
"1D34_190724_812019_08"	5.46866	121.14424	0	1.27326	0.99422	8.32517	1.09242	0	0	0	0	0	11.73248	1.23677	8.22677	0	1.3695	0	0	5.69942	0	0	0	0	0	0	0	0	0	0	0.69398	0	0	0	0.05041	0
"1D5_190724_7282019_14"	9.04895	561.76017	2.19889	0	0	7.59391	0	0	0	1.00821	0	0	6.39426	0	49.53804	14.44771	0	0	0	36.6287	0	0	0	6.49159	61.96422	0	0	0	1.43632	0	2.54566	0	0	0	0.06154	0
"2A158_190722_7272019_14"	8.92535	328.14467	3.266	0	0	60.81815	10.69838	0	0	0	1.74344	0	219.71511	9.13164	140.73381	0	0	0	0	99.29623	0	0	0	47.90963	0	7.84566	0	0	1.90371	0	7.8125	0	0.08239	0	0	0
"2A166_190724_7282019_13"	8.86693	286.3345	1.8312	1.53549	2.02189	28.93309	10.96638	0	0	0	0	0	71.05639	7.19128	39.05131	36.77064	0	0	0	33.09963	0	0	0	34.56173	0	0.9502	0	0	0	0	4.36835	0	0	0	0.12055	0
"2A171_July11_08042018"	0	12.52561	0	0	0	0	0	0	0	0.78559	0.96604	0.54065	0	0	7.65618	2.06056	0	0	0	0	0	0	0	0	4.16676	0	0	0	0	0	3.37112	0	0	0	0	0
"2A171_July9_08052018"	0	4.17947	0	0	0	0	0.56561	0	0	0	0	0	0	0	0	0.27195	0	1.25624	0	0	0	0	0	0	0	0	0	0	0	0	1.86072	0	0	0	0	0
"2A172_Aug2_08022018"	0	1.8618	0	0	0	0	0	0	0	0	0	0	0.11161	0	0	0	0	0	0	0	0	0	0	0	0	0	0	0	0	0	0.60002	0	0	0	0	0
"2A172_July5_07282018"	0	4.5995	0	0	0	0	0.61751	0	0	0.49655	0	0	0	0	0	0	0	0	0	0	0	0	0	0	4.72192	0	0	0	0	0	0	0	0	0	0	0
"2A679_190722_7272019_15"	8.31064	70.77697	0	0	0	0	2.32279	0	0	3.05177	3.04207	0	13.86476	0	40.15281	0	0	0	0	0	0	0	1.80749	43.80722	0	0	0	0	0	0	10.93903	0	0	0	0.20478	0
"2B129_July9_07292018"	0	3.55506	0.28855	0	0	0	0	0	0	0	0.33746	0	1.64643	0	0	1.1989	0	0	0	0	0	0	0	0	4.56296	0	0	0	0	0	0.57709	0	1.41606	0	0	0
"2B177_190729_812019_05"	0	0	0	0	0	0	0	0	0	0	0	0	0	0	0	0	0	0	0	0	0	0	0	0	0	0	0	0	0	0	0	0	0	0	0	0
"2B195_June29_07282018"	0	4.17744	0	0	0.37629	0	0	0	0	0	0.83448	0.60824	0	0	0	0	0	2.80114	0	0	0	0	0	0	0	0	0	0	0	0	5.28904	0	0	0	0	0
"2B199_July9_08012018_2A172_July9_08012018"	0	5.6912	1.5738	0	0	0	0	0	0	0	0	0	0	0	7.20841	0	0	0	0	0	0	0	0	0	0	0	0	0	0	0	3.09723	0	0	0	0	0
"2B201_19072_7272019_09"	2.15975	395.46548	0	1.8241	0	9.10568	3.16422	0	0	0	0	0	0	0	17.37454	5.05286	0	0	0	6.04349	0	0	0.21197	8.89936	54.3983	0.81197	0	0	0	0	1.77338	0	0	0	0.0631	0
"2B87_July5_07292018"	0	3.79955	0	0	0.10911	0	0	0	0	0.27076	0	0	0	0	0	0	0	0	0	0	0	0	0	0	0	0	0	0	0	0	0	0	0	0	0	0.18385
"2B92_190722_7272019_13"	0	118.88933	0	0	0	0	0.2812	0	0	0	3.2078	0	20.70769	0	119.04992	0	0	0	0	0	0	0	0	0	0	0	0	0	0	0	0	0	0	0	0	0
"2B99_190729_812019_07"	0	50.76564	0	0	0	0	0.75557	0	0	0	0	0	22.85126	0	16.4823	12.79869	0	0	0	8.99655	0	0	0	0	0	0	0	0	0	0	1.07492	0	0	0	0	0
"2C100_July9_07302018"	0	10.19901	1.42743	0	0	0	1.95184	0	13.92528	0	0	0	7.06693	0	10.35747	6.09864	1.6483	1.97623	5.09557	0	0	0.73644	0	0	0	0	0	0	0	0	4.69804	0	0	0	0	0
"2C202_190724_7282019_15"	2.04006	4.34882	0	0	0	4.41052	0	0	0	0	0	0	2.19774	0	12.09079	0.40786	0	0	0	0	0	0	0	21.17826	0	0	0	4.67486	0	0	6.12755	0	0	0	0.22728	0
"2C202_190726_822019_07_NOT_2D212B_190726_822019_06"	15.95086	37.88239	0	0	0	37.2673	27.4688	0	0	0.90505	0.11027	0	4.82721	0	44.13382	9.16506	4.45554	0	0	0	0	0	0	0	0	0	0	0	0	0	0	0	0	0	0	0
"2C202_190729_812019_11"	0	2.84045	0	0	0	0	0.71673	0	0	0	0	0	1.0907	0	4.15733	0	0	0	0	0	0	0	0	0	0	0	0	0	0	0	0	0	0	0	0.45994	0
"2C258July24_07252018"	0	3.9453	0	0	0	0	0	0	2.43812	0.33635	0	0.08013	0.60344	0	0	2.25353	0	0	0	0	0	0	0.33574	0.79437	0	0	0	0	0	0	0.81459	0	0	0	0	0
"2C265_July11_08042018"	0	3.69947	0	0	0	0	0	0	0	0	0	0	0	0	0	0	0	0	0	0	0	0	0	0	0	0	0	0	0	0	0.33162	0	0	0	0	0.09859
"2C266_July5_07302018"	4.37169	4.98228	1.67784	0	0	0	0	0	0	0	0	0	0	0	0	0	0	2.27765	0	0	0	0	0	5.15039	0	0	0	0	0	0	1.64762	0	0	0	0	0
"2C268_190722_7272019_10"	0	50.60967	0	6.36514	0	0	1.7093	0	0	0	0	0	5.80003	0	8.13773	1.9763	0	0	0	0	0	0	0	0	0	0	0	0	0	0	1.19266	0	7.68889	0	0.26554	0
"2C268_190729_812019_06"	0	0	0	0	0	0	0	0	0	0	0	0	0	0	0	0	0	0	0	0	0	0	0	0	0	0	0	0	0	0	0	0	0	0	0	0
"2C276_July9_08012018_2B199_July9_08012018"	0	26.13996	0	0	0	0	2.64133	0	35.31819	0.21301	0	0	0.90134	0	4.6853	0.64165	0	0	0	0	0	0	0	0	3.62497	0	0	0	0	0	1.02776	0	0	0	0	0.08324
"2C277_190729_812019_08"	0	267.62211	0	0	0	0	0	0	0	0	0	0	5.16632	0	23.8217	6.96842	0	0	0	0	0	0	0	0	0	0	0	0	0	0	0	0	0	0	0	0
"2C288_190729_812019_16"	2.67011	8.74809	0	0	0	5.81093	0.56853	0	0	1.05443	0	0	0.69213	0	5.70077	0	0	0	0	0	0	0	0	10.11574	0	0	0	0	0	0	2.14125	0	0	0	0.28493	0
"2C298_190729_812019_02"	9.20879	210.30251	8.07035	2.26157	0	19.46397	1.08083	0	0	0	0	0	35.95218	2.83549	69.00554	14.1039	0	0	0	49.79297	0	0	0	15.40861	0	1.89019	0	0	0	0	0	0	0	0	0	0
"2C300_190724_7272019_24"	18.93746	293.20997	0	0	0	71.31139	5.38492	0	0	0	0.39291	0	54.53571	0	120.88468	1.55936	0	0	0	108.94604	3.52343	0	0	15.69252	0	5.51672	0	0	0	0	2.30994	0	0	2.36599	0.05166	0
"2C300_190726_822019_11_NOT_2D256_190726_822019_10"	0	0	0	0	0	0	17.27776	0	0	0	0	0	0	0	0	29.53957	0	0	0	0	0	0	0	0	0	0	0	0	0	0	0	0	0	0	0	0
"2D189_July11_08042018"	0	5.42291	0	0	0	0	0	0	0	0	0.94482	1.13324	0	0	0	0	0	3.66621	0	0	0	0	0.8539	0	0	0	0	0	0	0	9.36712	0	0	0	0	0
"2D189_July17_08042018"	0	3.11583	0	0	0.45397	0	0.73206	0	3.29746	0.37671	0	0	0	0	0	0	0	0.88668	0	0	0	0	0.40618	0	0	0	0	0	0	0	1.032	0	0	0	0	0.10227
"2D200_July24_07262018"	0	3.5131	0	0	0	0	0	0	0	0.35688	0	0.11865	0.73489	0	0	0	0	0	0	0	0	0	0.12679	0	0	0	0	0	0	0	0	0	0	0	0	0.06224
"2D200_June29_07292018"	0	2.17355	0	0	0.10951	0	0	0	0	0.2788	0	0	0	0	0	0	0	0	0	0	0	0	0	0	1.03254	0	0	0	0	0	0.65666	0	0	0	0	0
"2D205_190726_822019_09_NOT_2D212A_190726_822019_08"	2.7998	63.26697	0	0.62299	0	2.52005	0.64487	2.6017	0	0	0	0	0	0	11.45398	9.81683	0	0	0	3.67705	0	0	0	4.01992	0	0	0	0	0	0	1.38718	0	0	0	0.1405	0
"2D206_2_Aug2_08022018_2D206_Aug2_08022018"	0	5.30269	0.3291	0	0.21724	0	1.75528	0	3.02304	0	0	0	4.27187	0	4.76473	2.85258	0	0	0	4.53686	0	0	0	1.73478	0	0	0	0	0	0	0.68025	0	0	0	0	0
"2D206_Aug2_08022018_3C163_Aug2_08022018"	0	7.35736	0	0	0	0	0	0	0	0	0	0	0	0	1.22746	0	0	0	0	0	0	0	0	0	0	0	0	0	0	0	0	0	0.88011	0	0	0
"2D206_July24_07262018"	0	7.12995	0.16635	0	0.24207	0	0	0	2.31218	0.60831	0	0.25036	5.45738	0	4.5121	1.69678	0	0	0	3.62183	0	0	0	0	1.29825	0	0	0	0	0	0	0	0	0	0	0.04026
"2D209_190726_822019_05_NOT_1B657_190726_822019_04"	8.73051	24.37621	0	0	0	19.91482	7.91734	1.61709	0	0	0	0	2.71628	1.49618	24.6373	8.08008	8.50426	0	0	15.3928	0	0	0	5.91003	0	0	0	0	0	0	1.81192	0	0	0	0.41218	0
"2D211_190707_7262019_19_NOT_3C183_190717_7262019_18"	3.27324	74.15259	0	0	0	0	1.13049	0	0	0	2.36368	0	5.49946	0	26.87216	0	0	0	0	20.59307	0	0	0.91817	25.81203	0	0	0	0	0	0	3.9329	0	0	0	0	0
"2D212A_190726_822019_08_NOT_ 2C202_190726_822019_07"	2.63166	27.78932	0	2.53683	0	8.95076	1.36748	1.57927	0	0	0	0	0	0	6.20949	2.87416	0	0	0	0	0	0	0	0	0	0	0	0	0	0	0	0	0	0	0.18978	0
"2D212B_190726_822019_06_NOT_2D209_190726_822019_05"	0	2.18545	0	0	0	0	0.43901	1.68147	0	0	0	0	0	0	2.59912	0	0	0	0	0	0	0	0	0	0	0	0	0	0	0	0	0	0	0	0	0
"2D212July09_07182018"	0	5.61709	0	0	0.39017	0	0	0	3.64848	0	0.72499	0.24468	0	0	14.35004	0.89136	0	0	0	0	0	0	0	0	0	0	0	0	0	0	2.18439	0	0	0	0	0
"2D218_July17_08042018"	15.84363	35.38265	0	0	0	0	0	0	4.21298	12.73709	0	0	0	0	0	14.42715	0	0	0	0	0	0	0	0	0	0	0	0	0	0	0	0	0	0	0	0
"2D218_July5_07292018"	0	37.29424	0	0	0	0	3.87369	0	13.50203	1.17895	0	0	20.01188	3.3423	13.8536	14.60282	2.94022	0	0	11.06287	0	0	0	3.62269	6.16777	0	0	0	0	0	1.54259	0	0	0	0	0
"2D218July11_07182018"	0	3.20432	0	0	0.35882	0	0	0	5.90227	0.5762	0	0	2.9708	0	6.24014	0.86161	0.16681	0.089	0	0	0	0	0	12.45533	0	0	0	0	0	0	4.72601	0	0	0	0	0
"2D221_190724_7272019_16"	2.19342	26.2461	0	0	0	7.42169	0	0	0	0	0	0	5.28559	0	14.14495	0.9864	0	0	0	5.24381	0	0	0.24918	29.2726	0	0	0	2.96803	1.1884	0	9.81493	0	0	0	0.30577	0
"2D222_190724_7282019_05"	0	9.40548	0	0	0	3.52081	0.43938	0	0	0	0	0	1.29137	0	3.36434	1.82393	0	0	0	0	0	0	0.14586	6.58048	0	0	0	0	0	0	4.065	0	0	0	0.1305	0
"2D256_190726_822019_10_NOT_2D205_190726_822019_09"	4.76937	27.6612	0	0	0	0	5.75274	6.59636	0	0	0	0	0	0	2.14348	4.02664	0	3.85736	0	0	0	0	0	0	0	0	0	0	0	0	0	0	0	0	0	0
"2D257_190722_7272019_12"	6.59227	45.24614	5.6157	0	0	31.41013	1.57694	0	0	2.01839	0	0	10.82285	4.35491	28.51635	15.59589	0	0	0	20.17836	0	0	0	11.31065	0	0	0	0	0	0	3.23719	0	0	0	0	0
"2D258_190724_7282019_06"	4.71148	71.2921	0	2.28161	0	8.43146	0.79184	0	0	0	0	0	22.68119	3.48229	9.87715	0	0	0	0	0	0	0	0	0	0	2.58932	0	0	0	0	1.47098	0.8924	0	0	0.16141	0
"2D258_July6_07282018"	0	2.94058	0	0	0.13172	0	0	0	0	0.37442	0.28531	0	0	0	0	0.2995	0	0	0	9.72438	0	0	0	0	0	0	0	0	0	0	1.01984	0	0	0	0	0.07402
"3A120_190722_7282019_10"	1.8591	27.36782	0	0	0	20.81771	0	2.48079	0	2.68097	0	0	4.26707	0	7.89697	3.79697	0	0	0	5.71074	0	0	0	4.89667	0	0	0	0	0	0	0.97671	0	0	0	0.09854	0
"3A127_July5_08022018_5C205_July6_08022018"	0	3.96793	0	0	0	0	0.95038	0	0	0	0	0	0	0	2.30967	0.46695	0	0.27117	0	0	0	0	0	0	1.5235	0	0	0	0	0	0.95844	0	0	0	0	0
"3A127July09_07182018"	0	4.48626	1.22893	0	0.41304	0	0	0	0	0	0	0.8727	0	0	27.09103	0	0	0	0	0	0	0	0	17.37722	0	0	0	0	0	0	27.56049	0	0	0	0	0
"3A128_Aug2_08022018_Air_Aug2_08022018"	0	1.73197	0	0	0	0	0	0	0	0	0	0	0	0	0	0	0	0.94769	0	0	0	0	0	0	0	0	0	0	0	0	0.86597	0	0	0	0	0.00402
"3A128_June29_07292018"	0	5.40365	0	0	0.2471	0	0.40446	0	2.47325	0	0	0	0.12112	0	4.70541	0	0	0	0	2.66683	0	0	0	0	0	0	0	0	0	0	0	0	0	0	0	0
"3A128_v2_Aug2_08032018"	0	14.89379	0.68476	0	0.83591	0	2.10366	0	21.98699	1.03947	0	0	8.57326	0	9.79068	0	0	0	0	6.23385	0	0	0	6.96734	0	0.9673	0	0	0	0	0	0	0	0	0	0.06136
"3A172_190724_7282019_04"	2.14899	7.88309	0	0	0	0	0	0	0	1.12623	0.41622	0	0	0	9.78544	0	0	0	0	0	0	0	0.56616	7.85799	0	0	0	0	0	0	1.83944	0	0	0	0.13372	0
"3A642_190724_7282019_07"	6.28789	25.27703	0	0	0	0	0	1.68509	0	1.56029	0.38225	0	1.88421	0	11.75167	3.70126	0	0	0	7.81338	0	0	0.35531	0	0	0	0	0	0	0	0	0	0	0	0.11409	0
"3A647_July5_08032018"	0	7.33126	0	0	0.23284	0	0	0	4.05688	1.05444	0	0	4.60449	0	3.92002	2.29527	0	0	0	0	0	0	0	0	0	0	0	0	0	0	0.38385	0	0	0	0	0
"3A659_190724_812019_11"	3.5898	421.80194	1.21277	0	0	16.70866	4.56991	0	0	15.67783	0.05021	0	71.71446	4.49747	47.90105	18.0349	0	0	0	28.31667	0	0	0	2.56818	57.9154	2.39363	0	0	0.98883	0	0.87692	0	0	0	0	0
"3B601_July24_07262018"	0	4.17882	0	0	0.20499	0	0	0	0	0.44865	0	0.04216	1.02253	0	0	0	0	0	0	0	0	0	0.24863	1.5485	0	0	0	0	0	0	1.21049	0	0	0	0	0.08186
"3B601July09_07182018"	3.05601	6.45247	0	0	0	0	0	0	0	0	0.7666	0.73552	0	0	35.97812	0	0	3.80435	0	0	0	0	0	0	0	0	0	0	0	0	6.32787	0	0	0	0	0
"3B605_190729_812019_15"	0	21.36249	0	0	0	0	0	0	0	1.39178	0	0	0.91631	0	0	0	0	0	0	0	0	0	0	15.03007	0	0	0	0	0	0	3.82244	0	0	0	0.3734	0
"3B686_190724_822019_17_NOT_5B19_190724_822019_16"	1.7831	0	0	0.95104	0	0	0.36053	3.32225	0	0	0	0	0	0	1.72297	0.32472	0	0	0	0	0	0	0	0	0	0	0	0	0	0	0	0	0	0	0.09976	0
"3B687_190724_812019_14"	2.20766	16.79562	0	0.33558	0	1.33856	0.18337	0	0	0	0	0	1.52245	0	5.94306	2.5164	0	0	0	0	0	0	0	3.20596	0	0.60806	0	0	0	0.25564	1.52859	0	0	0	0	0
"3B823_190729_812019_09"	0	0	0	0	0	0	0	0	0	21.41657	0	0	0	0	0	0	0	0	0	0	0	0	0	0	0	0	0	0	0	0	0	0	0	0	0	0
"3B824_July5_08032018"	0	6.89124	0	0	0.56443	0	4.80588	0	4.49195	0	0.52167	0	0	0	0	0	0	0	0	0	0	0	0	0	6.53658	0	0	0	3.41138	0	0	0	0	0	0	0.03206
"3B833_July24_07262018"	0	0.59145	0	0	0	0	0	0	0	0	0	0	0	0	0	0	0	0	0	0	0	0	0	0	0	0	0	0	0	0	0.82096	0	0	0	0	0
"3B833_June28_07282018"	0	1.09503	0.74453	0	0	0	0.53735	0	0	0.43255	0	0	0	0	0	0	0	0	0	0	0	0	0	1.00264	0	0	0	0	0	0	0.44637	0	0	0	0	0
"3C131_190726_822019_03_NOT_Air_190729_822019_02"	13.69415	11.35704	0	0	0	14.05669	4.09731	2.98332	0	0	0	0	8.5453	0	14.26407	8.96997	0	0	0	17.87102	0	0	0	0	0	0	0	0	0	0	0	0	0	0	0	0
"3C140_190726_822019_10_NOT_5A193_190726_822019_09"	6.67172	5.26638	0	2.62432	0	30.32709	3.55619	0	0	0	0	0	0	0	3.74708	4.71421	0	0	0	0	0	0	0.57517	0	0	0	0	0	0	0	0	0	0	0	0.45094	0
"3C142_190726_822019_13_NOT_3C146_190726_822019_12"	7.13844	0	6.82109	0	0	0	0	0	0	0	0	0	0	0	4.13067	3.37413	0	0	0	0	0	0	0	0	0	0	0	0	0	0	1.65912	0	0	0	0.28975	0
"3C146_190726_822019_12_NOT_2C300_190726_822019_11"	0	3.09887	0	0	0	0	0	3.55446	0	1.43285	0	0	2.10655	0	0	1.19357	0	0	0	0	0	0	0	0	0	0	0	0	0	0	2.31922	0	0	0	0.35859	0
"3C147__1_Aug2_July30_08022018"	0	11.66311	0	0	0	0	5.11698	0	8.32369	0.64374	0	0.20365	4.53019	0	5.04741	4.18815	0	0	0	3.76051	0	0	0.24861	2.55744	0	0	0	0	0	0	0	0	0	0	0	0
"3C147_2_Aug2_08022018_3D858_Aug2_08022018"	0	1.67194	0	0	0	0	0	0	0	0	0	0	0	0	2.32597	0	0	0	0	0	0	0	0.20436	0	0	0	0	0	0	0	0	0	0	0	0	0
"3C147_July5_07292018"	0	2.02975	0.14639	0	0.25898	0	0.43249	0	0	0	0	0	0.74386	0	0	0.56067	0	0	0	0	0	0	0	2.10731	0	0	0	0	0	0	0.88909	0	1.51168	0	0	0
"3C147July24_07252018"	0	3.47404	0	0	0	0	0	0	1.79984	0	0	0.34137	0	0	0	1.02254	0	0	0	0	0	0	0	0.69142	0	0	0	0	0	0	0	0	0	0	0	0
"3C148_190726_812019_05"	0	0	0	0	0.70957	0	0	0	0	0	0	0	0	0	0	0	0	0	0	0	0	0	0	0	0	0	0	0	0	0	0	0	0	0	0	0
"3C149_190724_822019_03"	3.94854	5.44741	0	0.52799	0	1.97219	1.01894	0	0	0.40539	0	0	0	0	3.12992	1.04565	0	0	0	3.06035	0	0	0	1.7319	0	0	0	0	0	0	0.31611	0.33073	0	0	0	0
"3C156_July9_07302018"	0	4.40792	0	0	0.38286	0	0	0	0	0	1.48264	1.0713	2.0255	0	32.715	0	0	3.30475	0	0	0	0	0	0	0	0	0	0	0	0	12.21708	0	0	0	0	0
"3C161__190726_822019_18_NOT_3B686_190724_822019_17"	2.77004	18.51435	0	2.23846	0	0	0.37023	2.78537	0	0	0	0	5.81602	0	5.83719	0	0	0	0	0	0	0	0	0	0	1.54906	0	0	0	0	2.0257	0	0	0	0.31123	0
"3C163_Aug2_08022018_3C147_2_Aug2_08022018"	0	11.98968	0	0	0	0	5.45337	0	10.42849	0	0	0.26893	6.71042	0	7.3126	4.12843	0	0	0	4.09786	0	0	0	2.49478	0	0	0	0	0	0	0	0	0	0	0	0.05167
"3C163_July5_08032018"	0	2.10707	0	0	0.08112	0	0.49695	0	0	0.17116	0	0	0.2011	0	0	0	0	0	0	0	0	0	0	0	0	0	0	0	0	0	0.25386	0	1.31157	0	0	0
"3C167_190722_822019_05"	3.17524	21.10728	1.27395	1.23324	0	9.85132	3.23039	0	0	0	0	0	6.17328	0	18.7182	8.82115	0	0	0	17.60509	0	0	0	5.70351	0	0	0	0	0	0	1.62485	0	0	0	0.07705	0
"3C168_June29_07282018"	0	6.85627	0	0	0.52484	0	5.22915	0	7.23219	0.29043	0	0	1.02965	0	4.09919	0	0.13456	0	0	6.32058	0	0	0.62893	1.45388	0	0	0	0	0	0	1.54167	0	0	0	0	0.10034
"3C171_July5_07302018"	0	5.50894	0.37635	0	0	0	0	0	0	0.41414	0	0	0.34274	0	0	0	0	0	0	0	0	0	0	0	0	0	0	0	0.32548	0	2.18963	0	0	0	0	0
"3C171_July9_07282018"	0	4.7743	0	0	0.27373	0	0	0	0	0	0	0	0.89849	0	0	0	0	0	0	0	0	0	0	0	0	0	0	0	0	0	1.87151	0	0	0	0	0
"3C171_July9_v2_07302018"	0	0.87028	0	0	0	0	0.40385	0	0	0.59019	0	0	0	0	1.03914	0	0	0	0	0	0	0	0	0	0	0	0	0	0	0	0.55213	0	0	0	0	0
"3C179_190729_812019_10"	0	111.84149	0	0	0	0	0	0	0	1.2257	0	0	15.20617	0	12.8757	0	3.87456	0	0	0	0	0	0	0	0	0	0	0	0	0	0	0	0	0	0	0
"3C182_190729_812019_04"	0	12.09015	0	0	0	0	0	0	0	0	0	0	4.18016	0	0	0	0	0	0	0	0	0	0	0	0	0	0	0	0	0	0	0	0	0	0	0
"3C183_190717_7262019_18_NOT_4C109_190716_7262019_17"	2.78221	154.63387	0	0	0	7.5027	1.12832	8.49446	0	0	0	0	11.57361	0	17.96476	0	0	0	0	9.36611	0	0	0	47.98075	0	0	0	9.40763	0	0	15.31873	0	0	0	0.08718	0
"3C183_190722_7272019_19"	0	4.80141	0	0	0	0	0.57131	0	2.73142	0	0	0	0	0	8.81766	0	0	0	0	0	0	0	0	17.72937	0	0	0	6.66127	0	0	4.06063	0	0	0	0.18288	0
"3C184_190722_7272019_20"	3.58901	577.01124	4.50099	0	0	12.41734	0	0	0	0	0.44468	0	100.4335	7.67498	177.76999	22.98223	24.26095	0	0	127.92002	0	0	0	29.69368	86.73317	16.59899	0	9.28823	2.91443	0	4.40952	0	0	0	0	0
"3C184_190726_812019_14"	0	0	0	0	0	0	0	0	0	0	0	0	0	0	0	0	0	0	0	0	0	0	0	0	0	0	0	0	0	0	0	0	0	0	0	0
"3C185_190726_812019_03"	9.69178	10.63578	0	0	0	0	0	0	0	0	0	0	0.98724	0	6.36489	0	0	0	0	0	0	0	0	0	0	0	0	0	0	0	0	0	0	0	0	0
"3C214_190716_7262019_12_NOT_3D282_190716_7262019_11"	0	38.98371	0	0	0	7.44985	0.91979	2.13383	0	0	0.22833	0	2.75258	0	18.92464	2.22874	0	0	0	0	0	0	0	0	0	0	0	0	0	0	2.14128	0	0	0	0.50627	0
"3C94July16_07162018"	0	1.92196	0	0	0	0	0.31791	0	0	0	0	0	0	0	2.81827	0.38191	0	0	0	0	0	0	0	0	0	0	0	0	0	0	1.29988	0	0	0	0	0.09539
"3C98_July5_08042018"	0	6.77489	0.67797	0	0	0	0	0	0	0	0	0	0	0	0	0.31168	0	0	0	0	0	0	0.26194	0	0	0	0	0	0	0	0	0	0	0	0	0.10873
"3C98July24_07252018"	0	9.85989	0	0	0	0	0	0	0.81863	0.27151	0	0	0	0	1.81997	0.22694	0	0	0	0	0	0	0	0	1.3541	0	0	0	0	0	0	0	0	0	0	0
"3D256_190716_7262019_09_NOT_1B684_190717_7262019_08"	4.64541	47.17331	0	0	0	0	1.529	0	0	1.49489	2.7356	0	7.34163	0	67.36075	6.11365	0	0	0	36.12029	0	0	0	0	0	0	0	0	0	0	0	0	0	0	0.24854	0
"3D853_July5_08032018"	0	2.59284	0	0	0	0	0	0	0	0	0	0	0	0	0	0	0	0	0	0	0	0	0	1.12716	0	0	0	0	0	0	0.78944	0	0	0	0	0
"3D858_Aug2_08022018_3A127_July5_08022018"	0	4.07	0	0	0.59675	0	2.21319	0	6.48656	0	0.45667	0	0	0	0	0.80863	0	0	0	0	0	0	0	0	5.04149	0	0	0	0	0	1.02241	0	0	0	0	0.06056
"3D858_July16_07262018"	0	5.25527	0	0	0.34512	0	0	0	0	0.37349	0	0	1.16132	0	3.121	0	0	0	0	0	0	0	0	3.07069	0	0	0	0	0	0	4.69482	0	0	0	0	0
"3D858_July16_07282018"	4.0491	10.8555	0	0	0	0	0	0	1.66522	0.33639	0	0	0	0	0	0.9966	0	1.05238	0	5.04178	0	0	0	0	0	0	0	0	0	0	0.33596	0	0	0	0	0
"3D858_July16v2_07282018"	0	8.44095	0	0	0.4139	0	0	0	5.47812	0	0	0	3.46942	0	0	1.08168	0	0	0	8.48643	0	0	0	0	0	0	0	0	0	0	11.81322	0	0	0	0	0
"3D879_July9_07282018"	0	7.13814	0	0	0	0	1.30539	0	3.78601	0	0	0	12.35924	0	5.55161	0	0	0.4658	0	0	0	0.32806	0.70037	0	0	0.76016	0	0	0	0	0.74989	0	0	0	0	0
"42_60_190722_7282019_03"	0	32.41003	0	0	0	0	0	0	0	28.49772	2.42397	0	0	0	114.21288	0	0	0	0	0	0	0	0	0	0	0	0	0	0	0	0	0	0	0	0	0
"4A117_July11_08042018"	0	56.99611	0.95493	0	0	0	1.0447	0	8.95997	0	0	0.26869	3.75497	0	14.59484	0	0	0	0	16.72746	0	0	0	2.34669	6.26739	0	0	0	0	0	0.66778	0	0	0	0	0.14451
"4A123_190716_7262019_04_NOT_6C108_190707_7262019_03"	0	17.94372	0	0	0	0	1.17836	0	0	0	0.24929	0	0.80271	0	0	0	0	0	0	0	0	0	0	0	0	0	0	0	0	0	2.4219	2.09705	0	0	0.51932	0
"4A63_Aug2_08022018_1A232_1_Aug2_08022018"	0	96.49381	0.34173	0	0	0	1.08495	0	9.67098	0	0	0	9.4695	1.46141	16.97666	23.69201	0	0	0	7.5989	0	0	0	0	9.21437	0.50933	0	0	0	0	0.23664	0	0	0	0	0
"4A68_190717_7272019_26"	0	98.68153	0	0	0	0	4.20576	0	18.18565	12.81907	0	0	30.69035	0	128.19446	0	0	0	0	0	0	0	0	0	0	0	0	0	0	0	0	0	0	0	0	0
"4A69_June28_07292018"	2.33081	6.47016	0.71057	0	0	0	0	0	0	0.58616	0	0	1.61488	0	3.01441	0	0	0	0	0	0	0	0	0	0	0.23867	0	0	0	0	0.34471	0	2.94923	0	0	0
"4A75_July6_07302018"	0	1.95213	0	0	0	0	0	0	0	0	0	0	0	0	0	0.37904	0	0	0	0	0	0	0	0	0	0	0	0	0	0	0.27568	0	1.63406	0	0	0.05769
"4A89_190724_812019_23"	1.65163	68.75852	0	0	0	7.83264	1.03497	0	0	0	0.16235	0	14.57427	0	10.12578	0	0	0	0	4.70422	0	0	0	5.82167	0	0	0	0	0	0	0	0	0	0	0	0
"4A90July11_07182018"	19.39413	4.67606	0	0	0.47245	0	1.1124	0	4.09197	0.40722	0	0	0.59911	0	3.07663	1.05686	0	0	1.87408	5.70521	0	0	0	0	0	0	0	0	0	0	1.3185	0	0	0	0	0.03594
"4A95_July6_07302018"	0	26.08686	0.1325	0	0	0	2.15993	0	3.06275	0	0.20264	0	1.38267	0	0	0	0.41584	0	0	4.76678	0	0.1585	0	0	5.8356	0.18719	0	0	0	0	0.44944	0	0	0	0	0
"4B168_190716_7262019_15_NOT_1C43_190717_7262019_14"	1.62891	6.17411	0	0	0	7.02182	0	0	0	0	0	0	16.05961	0	14.97386	0	0	0	0	0	0	0	0	28.50837	0	0	0	0	0	0	10.26065	0.25641	0	0	0	0
"4B173_190724_812019_20"	4.52914	7.48647	0	0	0	0	0	0	0	1.2876	0.28902	0	3.50452	0	12.03341	2.56571	0	0	0	0	0	0	0	0	0	0	0	0	0	0	0	0	0	0	0.41363	0
"4B175_July11_08032018"	21.88429	35.94743	0	0	0.20891	0	0	0	0	4.6038	0.94675	0	0	0	0	0	0	0	3.17402	10.79045	0	0	0	0	0	0	0	0	31.18817	0	0	0	0	0	0	0
"4B189_June28_07282018"	0	3.97394	0.52308	0	0	0	0.84458	0	0	0.82678	0	0	0	0	5.35798	0	0.35903	0	0	0	0	0	0	1.68766	4.51878	0	0	0	0	0	1.1656	0	0	0	0	0.11155
"4C_118_July6_08022018_Air_July6_08022018"	0	2.94467	0	0	0	0	0	0	0	0	0	0	0	0	0	0	0	0	0	0	0	0	0	0	4.29212	0	0	0	0	0	0.44506	0	0	0	0	0
"4C109_190716_7262019_17_NOT_nolabel_190716_7262019_16"	9.34589	46.4722	0	0	0	20.36605	4.02629	0	0	2.45629	2.82403	0	21.86765	0	54.37459	0	0	0	0	34.35809	0	0	0	116.08245	0	1.32945	0	0	0	0	15.13927	0	0	0	0	0
"4C115_190724_812019_21"	2.88898	3.88578	0	1.43787	0	0	0.59404	0	0	1.07743	0	0	0	0	2.81336	0	0	0	0	0	0	0	0	0	0	0	0	0	0	0	0	0	0	0	0.20794	0
"4C199_190724_7282019_19"	5.29361	13.00778	0	0	0	0	0	0	0	1.51672	0.20202	0	1.39335	0	7.04848	0	0	0	0	3.66118	0	0	0	6.58208	0	0	0	0	0	0	2.49619	0	0	0	0.06852	0
"4C642_190724_7272019_18"	0	3.14729	0	0	0	0	0	0	0	0	0	0	0	0	0	0	0	0	0	0	0	0	0	0	0	0	0	0	0	0	0	0	0	0	0.10934	0
"4C643_190724_812019_24"	4.92426	35.16525	0	1.24933	0	1.17587	0	0	0	0	0	0	3.88522	0	3.91173	0.92966	0	0	0	0	0	0	0	0	0	0	0	0	0	0	0	0	0	0	0	0
"4D199_190717_7262019_20_NOT_2D211_190707_7262019_19"	2.5977	29.31721	0	2.35295	0	2.37581	0	0	0	0	0	0	0.73747	0	9.28302	0	0	0	0	0	0	0	0	0	0	0	0	0	0	0	1.47193	0	0	0	0.17554	0
"4D26_July6_07302018"	0	5.17188	0	0	0.41302	0	0.58628	0	3.20654	0	0.2537	0	0	0	5.93363	21.42367	0	0	0	0	0	0	0	1.86445	0	0.43351	0	0	1.50776	0	0.8151	0	0	0	0	0.06167
"4D35_July6_07302018"	0	2.2805	0	0	0.38862	0	0.69575	0	5.21547	0	0.38948	0	0.33004	0	0	0	0	0.64236	0	0	0	0	0	0	3.39305	0	0	0	0	0	1.00916	0	0	0	0	0
"4D357_190722_7262019_NOT_22_Air_190717_7262019_21"	7.50573	102.40878	0	0	0	12.62058	1.14515	0	0	0	0	0	10.9336	2.02214	19.97658	0	0	0	0	19.25465	0	0	0	93.75602	0	0	0	18.70346	0	0	14.38413	0	0	0	0.51498	0
"4D43_190724_7272019_27"	4.92526	5.36143	0	2.44771	0	0	0	0	0	3.19831	0	0	1.94542	0	2.30574	1.17099	0	0	0	0	0	0	0	0	0	0	0	0	0	0	0	0	0	0	0.28964	0
"4D45_July11_08032018"	0	2.52533	0	0	0	0	0	0	0	0	0	0	0	0	0	0	0	0	0	0	0	0	0	0	0	0	0	0	0	0	0.29817	0	0	0	0	0
"4D45_July17_08042018"	0	11.08602	0	0	0	0	0	0	0.96579	0.25005	0	0	0.43985	0	1.40077	0	0	0	0	0	0	0	0	0	0	0	0	0	0	0	0.80099	0	0	0	0	0
"4D45_June28_07302018"	3.29566	8.54248	0	0	0.68152	0	0	0	0	0	0.942	0.96927	0	0	0	0	0	4.07512	0	0	0	0	0	0	0	0	0	0	0	0	6.79105	0	0	0	0	0
"4D58_190724_812019_16"	1.7564	4.50892	0	0	0	1.93755	0	0	0	0	0	0	0	0	2.38018	0.42765	0	0	0	0	0	0	0	8.17825	0	0	0	0	0	0	1.45202	0	0	0	0.27841	0
"4D61_190716_7262019_10"	2.44134	36.85672	0	0	0	0	0.77077	0	0	0.94299	1.45761	0	3.06274	0	18.25831	0	0	0	0	0	0	0	0	11.10343	0	0	0	0	0	0	0	0	0	0	0.13348	0
"4D61_190716_7262019_10_NOT_3D256_190716_7262019_09"	4.5736	183.62889	0	0	0	6.27974	1.27063	0	0	1.39683	0.06252	0	18.59481	3.24103	39.27161	0	0	0	0	28.51891	0	0	0	9.20677	35.27835	0	0	0	0	0	0	0	0	0	0	0
"4D62_190724_7282019_20"	2.77491	8.99843	0	0.49428	0	0	0	0	2.91477	0.66032	0	0	1.11531	0	6.37995	1.31305	0	0	0	3.04305	0	0	0	10.88431	0	0	0	3.66394	0	0	2.92138	0	0	0	0	0
"4D641_190724_7282019_21"	4.63053	4.97617	0	0	0	0	0	0	0	0.6341	0.17169	0	0	0	5.67101	0	0	0	0	0	0	0	0.37126	4.3191	0	0	0	0	0	0	0	0	0	0	0.09379	0
"5A173_2_July30_08012018"	0	22.98307	0.56602	0	0	0	0.7498	0	33.1362	0.44501	0	0	6.87867	1.72535	11.19346	0	0	0	0	6.55048	0	0	0	3.65013	0	2.08132	0	0	0	0	0.45529	0	0	0	0	0
"5A173_July16_08042018"	0	23.59667	0	0	0	0	0	0	0	0	0.41277	0	2.03513	0	0	0	0	2.27191	0	4.99555	0	0	0.56827	0	3.39176	0	1.14943	0	0	0	0.70174	0	0	0	0	0
"5A173_July30_08012018_6B25_July30_08012018"	0	15.04552	0.27914	0	0.16196	0	0.31133	0	2.20703	0.38063	0	0	2.47149	0	5.12064	2.54306	0	0	0	5.01843	0	0	0	1.48475	0	0	0	0	0	0	2.07134	0	0	0	0	0
"5A174_190724_822019_11_NOT_3C140_190726_822019_10"	0	10.92051	0	0	0	0	0	0	0	0	0.37225	0	1.13856	0	8.87985	0.81539	0	0	0	0	0	0	0	0	0	0	0	0	0	0	0	0	0	0	0.2527	0
"5A175_July3_07282018"	0	5.50811	0	0	0.17768	0	0	0	0	1.36706	0	0	0	0	0	0.71733	0	1.47146	0	0	0	0	0	0	0	0	0	0	0	0	1.22993	0	0	0	0	0
"5A175_July30_08012018_6D45_08012018"	0	5.87669	0	0	0	0	0	0	0	0.45458	0.13188	0	0.32773	0	3.34255	0	0	0	0	0	0	0	0	0	0	0	0	0	0	0	0	0	0	0	0	0
"5A175_v2_July30_08022018"	0	0	0	0	0	0	0	0	0	0	0	0	0	0	0	0	0	0	0	0	0	0	0	0	0	0	0	0	0	0	0	0	0	0	0	0
"5A175_v3_July30_08032018"	0	12.8975	0	0	0	0	0.5633	0	2.32215	0.4385	0	0	0.4566	0	3.34657	1.42741	0	0	0	3.64716	0	0	0	1.27783	0	0	0	0	0	0	2.32998	0	0	0	0	0
"5A176_July9_07292018"	0	5.96806	0	0	0	0	0	0	0	2.56387	0.69674	0.59485	0	0	14.73007	0	0	3.15157	0	0	0	0	0	0	8.6775	0	0	0	0	0	5.89418	0	0	0	0	0
"5A179_190724_822019_12_NOT_5A174_190724_822019_11"	2.23404	165.6923	2.14231	0	0	0	1.35936	12.84069	0	0	0.3204	0	17.42178	6.95892	26.05112	0	0	0	0	12.49375	0	0	0	5.20187	0	0	0	0	0	0	1.95933	0	0	0	0.06592	0
"5A180July09_07182018"	0	4.21514	0.62722	0	0.28018	0	0	0	0	0	0.49269	0	0	0	3.12168	0.48932	0	1.59661	0	0	0	0	0	0	3.45299	0	0	0	0	0	3.32212	0	0	0	0	0
"5A181_July30_08012018_6C102_1_July30_08012018"	1.39433	7.61603	1.86748	0	0.42839	0	0.51012	0	4.23741	0	0.2912	0	0.99401	0	7.75793	0	0	0	0	5.67278	0	0	0	0	0	0	0	0	0	0	0	0	0	0	0	0.04807
"5A181_June25v2_07282018"	0	0	0.53704	0	0	0	0	0	0	0.50281	0	0	0.64048	0	0	0	0	0	0	0	0	0	0	0	0	0	0	0	0	0	0	0	0	0	0	0.09259
"5A183_190724_7282019_18"	0	18.25988	0	0	0	0	0	0	0	0.9791	0.32827	0	0.6625	0	0	1.74885	0	0	0	0	0	0	0.62778	0	0	0	0	0	0	0	0	0	0	0	0.1728	0
"5A189_July6_07302018"	0	2.71454	0	0	0.16422	0	0.55878	0	2.66901	0	0	0	0.5098	0	0	0.68894	0	0	1.3592	0	0	0	0	1.60123	0	0	0	0	0	0	0	0	0	0	0	0
"5A194_July6_07302018"	0	3.71295	0	0	0.28579	0	0.96182	0	0	0	0.61223	0	0	0	0	0	0	0	0	0	0	0	0	0	6.39253	0	0	0	0	0	0	0	0	0	0	0.08713
"5A195_190726_812019_02"	9.13681	40.35175	0	2.34832	0	7.45381	3.1826	0	0	0	0	0	4.13788	0	13.94708	14.73203	0	0	0	10.19406	0	0	0	9.71652	0	1.03518	0	0	0	0	1.5048	0	0	0	0.32999	0
"5A196_190726_812019_19"	21.40703	74.34166	0	0	1.13903	47.58601	0	0	0	0	0	0	57.26234	13.67366	47.06192	0	0	0	0	0	0	0	0	0	0	0	0	0	0	0	6.02872	0	0	0	0	0
"5A201_190726_812019_04"	0	0	0	0	0	0	0	0	0	0	0	0	0	0	0	0	0	0	0	0	0	0	0	0	0	0	0	0	0	0	0	0	0	0	0	0
"5A203_190726_812019_07"	0	12.88492	0	0	0	0	0	0	0	0	0	0	2.06551	0	0.86035	0	0	2.41243	0	0	0	0	0	0	0	0	0	0	0	0	0	0	0	0	0.641	0
"5B1_190717_7272019_08"	0	17.78533	0	0	0	0	1.41848	0	0	2.97126	3.34064	0	0	0	0	0	0	0	0	0	0	0	0	2.84843	0	0	0	0	0	0	0	0	0	0	0.35529	0
"5B15_July6_08032018"	0	3.69708	0	0	0.3823	0	1.62389	0	7.16405	0.26294	0	0	0.27932	0	2.13577	0.4711	0.26817	0	0	0	0	0	0	0	0	0	0	0	0	0	0.87408	0	0	0	0	0.08593
"5B15_July9_08052018"	0	6.60238	1.31733	0	0	0	0	0	0	0	0	0	0	0	0	0	0	1.90063	0	0	0	0	0	0	0	0	0	0	0	0	0.6859	0	0	0	0	0
"5B17_190726_822019_07"	0	0	0	0	0	0	0	0	0	0	0	0	0	0	0	0	0	0	0	0	0	0	0	0	0	0	0	0	0	0	0	0	0	0	0	0
"5B19_190724_822019_16_NOT_5B3_190724_822019_15"	0	39.61415	0	0	0	1.8063	0.18893	3.94397	0	0	0.06997	0	0.57723	0	3.91077	0.35917	0	0	0	0	0	0	0	6.55414	0	0	0	0	0	0	1.05145	0	0	0	0	0
"5B22_July9_08042018"	0	8.06987	1.19628	0	0	0	1.20591	0	0	0	0	0	0	0	5.41782	2.43933	0	1.76403	0	0	0	0	0.83472	0	0	0	0	0	0	0	1.50942	0	5.12171	0	0	0
"5B292_July9_07292018"	0	5.07051	0	0	0.29555	0	0	0	0	0.5501	0	0	3.98348	0	0	0.65863	0	0.8633	0	0	0	0	0	0	0	0	0	0	0	0	1.42341	0	0	0	0	0
"5B3_190724_822019_15_NOT_6C122_190724_822019_14"	0	25.52613	1.23517	0	0	0	0	10.68241	0	0	0	0	0	0	0	0	0	0	0	0	0	0	0	7.92253	0	0	0	0	0	0	2.08716	0	0	0	0	0
"5B7_July3_07292018"	0	2.29432	0	0	0.28692	0	1.88552	0	6.91462	0	0	0	0.95822	0	3.25488	0.35337	0	0	0	0	0	0	0	0	0	0	0	0	0	0	0.5186	0	0	0	0	0
"5C103_July3_07282018"	0	2.94555	0	0	0.27298	0	1.53025	0	2.88121	0	0	0	0	0	6.34825	0	0	0	0	0	0	0	0	0	0	0	0	0	0	0	1.0148	0	0	0	0	0
"5C151_190724_822019_02"	2.59609	9.39623	0	0	0	0	0.40745	0	0	0	0.38366	0	0.93738	0	9.36134	1.07453	0	0	0	0	0	0	0	0	0	0	0	0	0	0	0	0	0	0	0	0
"5C201_190724_7282019_08"	0	1.51232	0	0	0	0	0	0	0	0	0	0	0.4073	0	0	0	0	0	0	0	0	0	0	6.72395	0	0	0	0	0	0	1.12762	0	0	0	0.07892	0
"5C205_July6_08022018_4C_118_July6_08022018"	0	7.06867	0	0	0.04403	0	0	0	0	0	0.65399	0	0	0	0	0	0	0	0	0	0	0	0	0	5.91431	0	0	0	0	0	0	0	0	0	0	0
"5C206_July5_08032018"	0	6.66118	0	0	0.04722	0	0	0	0	0	0.5747	0	0	0	0	0	0	0	0	0	0	0	0	0	5.5369	0	0	0	4.30871	0	0	0	0	0	0	0
"5C209_190726_812019_18"	0	0	0	0	0	0	0	0	0	0	0	0	0	0	0	0	0	0	0	0	0	0	0	0	0	0	0	0	0	0	0	0	0	0	0	0
"5C214_190717_7272019_06"	0	0	0	0	0	0	0.42957	0	0	1.05672	0	0	0	0	0	0	0	0	0	0	0	0	0	4.70657	0	0	0	0	0	0	2.53984	0	0	0	0.33089	0
"5C214_190722_7272019_23"	4.76659	148.42783	0	0	0	38.50474	6.44611	0	0	0	0	0	12.83627	0	54.09619	9.47011	0	0	0	0	0	0	0	0	0	0	0	0	0	0	0	0	0	0	0	0
"5C216_July30_08012018_Air_July30_08012018"	0	0	0.21331	0	0	0	0	0	0	0.44359	0	0	0	0	0	0	0	0	0	0	0	0	0	0	0	0	0	0	0	0	0	0	0	0	0.1391	0
"5C216July24_07252018"	0	1.94845	0.20622	0	0	0	0	0	3.31347	0.35068	0	0.0385	0.57943	0	0	0.48128	0	0	0	0	0	0	0	3.0688	0	0	0	0	0	0	4.87952	0	0	0	0	0
"5C217_190726_812019_20"	7.53428	150.75514	0	0	0	0	0	1.4213	0	0.97385	0	0	1.76553	0	7.22488	2.05781	0	0	0	0	0	0	0	0	0	0	0	0	0	0	0	0	0	0	0	0
"5C220_July3_07292018"	0	6.32978	0	0	0.25404	0	0.75584	0	6.00575	0	0	0	1.91583	0	4.68432	2.21533	0	0	0	3.82526	0.44731	0	0	3.86398	0	0	0	0	0	0	2.13497	0	0	0.10011	0	0
"5C221_July30_08012018_6C82_July30_08012018"	0	25.38419	0.97457	0	0	0	0	0	0	0	0.29063	0	1.37617	0	4.71983	0	0	0	0	4.38281	0	0	0	0	0	0	0	0	0	0	0	0	0	0	0	0
"5C228_190722_7272019_21"	0	48.8427	0	0	0	4.30895	0	0	0	0	0	0	6.80457	0	3.15523	2.527	1.53526	0	0	0	0	0	0	0	0	0	0	0	0	0	0	0	0	0	0	0
"5C229_190724_7282019_09"	0	17.86607	0	0	0	0	0	0	0	0	0	0	0.91377	0	0	0	0	0	0	0	0	0	0	5.46289	0	0	0	0	0	0	1.79283	0	0	0	0.21687	0
"5D228July06_07182018"	0	16.91286	0.13192	0	0.32642	0	0.97396	0	6.74601	0	0	0	0	0	7.83543	0	0	0	0	7.27868	1.8175	0	0	0.91584	2.86827	1.30872	0	0	0	0	0.53606	0	0	1.3681	0	0
"5D232_July5_08032018"	3.04095	5.17666	0	0	0.31372	0	0.2456	0	0	0.41581	0	0	0	0	0	0	0	0	0	0	0	0	0	0	0	0	0	0	0	0	0.43156	0	1.25794	0	0	0.05505
"5D232_July6_07292018"	5.34423	2.51041	0	0	0	0	0.45712	0	0	0	0.28335	0	0	0	0	0	0	0	1.53584	0	0	0	0	0	2.19447	0	0	0	0	0	0	0	0	0	0	0
"5D234_190726_812019_17"	0	7.0902	0	0	0	0	0	0	0	0	0	0	0.43986	0	0.4429	1.17234	0	0	0	0	0	0	0	0	0	0	0	0	0	0	0	0	0	0	0.29616	0
"5D234_190726_812019_19"	3.9793	145.03077	0	0	0	0	0.44076	0	0	0	0	0	2.07083	0	7.65489	3.88033	0	0	0	0	0	0	0	0	0	0	0	0	0	0	3.26559	0	0	0	0.35972	0
"5D240_190729_812019_12"	0	0	0	0	0	0	0	0	0	18.89046	0	0	0	0	0	0	0	0	0	0	0	0	0	0	0	0	0	0	0	0	0	0	0	0	0	0
"5D245_July6_08032018"	0	6.8216	0.42887	0	0	0	0.34725	0	0	0	0	0	0	0	0	0	0	0	0	0	0	0	0	0	2.10501	0	0	0	0	0	0.41152	0	0	0	0	0
"5D246_190724_822019_06"	2.42336	4.38058	0	0	0	0	0.67116	0	0	0	0.4738	0	0	0	11.05483	1.17806	0	0	0	0	0	0	0.52577	0	0	0	0	0	0	0	0	0	0	0	0.13023	0
"5D251_July5_08022018_5A182_July9_08_02_2018"	0	3.3525	0	0	0.14136	0	0	0	0	0.49893	0	0	0	0	0	0	0	1.28561	0	0	0	0	0	0	0	0	0	0	0	0	1.08893	0	0	0	0	0
"5D257_190722_7282019_02"	5.76852	58.16798	0	0	0	0	2.93459	0	16.86876	6.07967	2.79428	0	23.22576	0	0	10.04946	0	0	0	0	0	0	0	0	0	0	0	0	0	0	0	0	0.01573	0	0.14788	0
"5D264_190717_7272019_07"	0.56362	6.5012	0	0.55512	0	1.38343	0.14808	0	0	0	0	0	0	0	0	0	0	0	0	0	0	0	0	0	0	0	0	0	0	0	0.8936	0	0	0	0	0
"5D266_190729_812019_03"	0	0	0	0	0	0	0	0	0	0	0	0	0	0	0	0	0	0	0	0	0	0	0	0	0	0	0	0	0	0	0	0	0	0	0	0
"6A125_July9_08042018"	0	12.00339	0	0	0.19187	0	0	0	0	0.70232	0	0	0	0	0	0	0	0.76517	0	0	0	0	0	0	2.58284	0	0	0	0	0	0.5249	0	0	0	0	0
"6A143_July9_07282018"	0	5.29673	0	0	0	0	0	0	0	0.3107	0	0	0	0	0	0.46738	0	0.53359	0	0	0	0	0.20216	0	2.96458	0	0	0	0	0	0	0	0	0	0	0
"6A156_190717_7272019_04"	0	4.72686	0	0	0	3.18445	0.70164	0	0	0	0	0	0	0	0	0.60699	0	0	0	0	0	0	0	8.66646	0	0	0	0	0	0	2.31043	1.10629	0	0	0.39244	0
"6A160_July30_08012018"	0	123.86541	1.02581	0	0	0	0	0	0	0.67065	0	0	0.91063	0	5.37665	0	0	0	0	5.81625	0	0	0	0	10.0255	0	0	0	0	0	0	0	0	0	0	0
"6A166_July3_07292018"	0	1.60843	0.14786	0	0.16887	0	0.19666	0	2.94517	0	0	0	0.58447	0	0	0.43459	0	0	0	0	0	0.04018	0	0	0	0	0	0	0	0	0.22465	0	0	0	0	0
"6A167_July9_08052018"	0	5.16162	0	0	0	0	0	0	0	0	0.48618	0	0	0	0	0	0	0	0	0	0	0	0	0	5.19944	0	0	0	2.51474	0	0	0	0	0	0	0
"6B20_July6_07302018"	0	7.24584	0	0	0	0	0	0	0	0	0.18563	0	0	0	0	0.20597	0	0.58435	0	0	0	0	0	0	2.26449	0	0	0	0	0	0.74501	0	0	0	0	0
"6B23_190724_822019_04"	1.55622	18.92905	0	0	0	0	0	0	0	0	0.33514	0	0	0	8.46945	0	0	0	0	0	0	0	0	0	0	0	0	0	0	0	0	0	0	0	0.1271	0
"6B25_July30_08012018_5A181_July30_08012018"	0	5.60274	0	0	0	0	0.31103	0	1.72207	0	0	0	0.88074	0	1.12973	0	0	0	0	0	0	0	0	0	0	0.24168	0	0	0	0	0	0	0	0	0	0
"6B26_June25_07292018"	0	3.75872	0	0	0	0	1.11474	0	0	0	0.57962	0	0	0	0	2.16521	0	0	0	0	0	0	0	2.73502	4.90935	0	0	0	3.39845	0	2.91216	0	0	0	0	0
"6B28_July16_08042018"	0	9.32215	0	0	0	0	0	0	0	0.44874	0	0.59612	0.73678	0	7.25259	0	0	0	0	0	0	0	1.21565	0	0	0	0	0	0	0	1.52661	0	0	0	0	0
"6B28_July3_07282018"	0	6.08568	0	0	0.51547	0	0	0	0	0	0.90502	0.9799	0	0	0	0	0	3.3078	0	0	0	0	0	0	0	0	0	0	0	0	33.67081	0	0	0	0	0
"6B29_190717_7272019_05"	2.69225	26.03805	0	1.50904	0	6.06338	0.72605	0	0	0	0	0	1.34562	0	8.2644	0.71899	0	0	0	0	0	0	0	9.94162	0	0	0	0	0	0	5.58171	0.51835	0	0	0.12745	0
"6B34_July30_08012018_6C102_July30_08012018"	0	21.21468	0.18669	0	1.18507	0	1.26563	0	14.30826	0	0	0	3.49074	0	5.02057	0	0.3401	0	0	3.71071	0	0.19091	0	0	2.9946	0	0	0	0	0	0.62561	0	0	0	0	0.04293
"6B34_July6_07302018"	0	10.68714	0	0	0.31846	0	1.88861	0	2.7667	0	0	0	0	0	6.12455	1.266	0	0	0	5.91144	0	0	0	2.56605	3.77369	0	0	0	0	0	1.51994	0	0	0	0	0.07762
"6B35_190724_7272019_17"	1.43169	45.42969	0	0.93829	1.28006	11.85389	1.82925	0	0	0	0	0	5.21915	0	9.71976	0	0	0	0	0	0.66446	0	0	17.38042	0	0	0	0	0	1.17068	3.1257	0	0	0	0.05377	0
"6B632_July6_07302018"	0	2.23135	0	0	0	0	0.83393	0	0	0.33131	0	0	0	0	0	1.18108	0	0	3.40176	0	0	0	0	0	0	0	0	0	0	0	1.61246	0	0	0	0	0
"6C102_1_July30_08012018_5C221_July30_08012018"	0	111.7145	0.36507	0	0.13821	0	0	0	0	0	0.19489	0	0	0	8.32017	0.48121	0	0	0	6.78965	0	0	0.3365	0	8.5573	0	0	0	0.7834	0	0	0	0	0	0	0.05607
"6C102_July30_08012018_6D38_July30_08012018"	0	5.21506	0.15502	0	0	0	0.18557	0	0.96752	0	0	0	0.1492	0	0.93523	0	0	0	0	0	0	0	0	0	0	0	0	0	0	0	0	0	0	0	0	0
"6C106_July16_08042018"	0.9532	45.32671	0	0	0.12445	0	3.14358	0	8.28121	0	0	0.62205	6.71887	0	12.64458	5.65815	0	0	0	9.51578	0	0	0	2.50253	4.64964	0.71138	0	0	0	0	0.94869	0	0	0	0	0
"6C109_July6_07302018"	0	5.15709	0	0	0.17351	0	1.57005	0	2.30615	0	0	0	0.19263	0	1.28018	0	0	0	0	0	0	0	0	1.27671	0	0	0	0	0	0	1.04572	0	0	0	0	0
"6C122_190724_822019_14_NOT_6D39_190724_822019_13"	4.6641	7.02103	0	1.83216	0	10.06373	1.18627	7.85462	0	2.02089	0	0	1.65486	0	7.58575	4.30497	0	0	0	0	0	0	0	6.67795	0	0	0	0	0	0	2.31321	0	0	0	0.09209	0
"6C271_July16_08042018"	5.18487	17.47301	0.20963	0	0.32509	0	0	0	0	2.34479	0	0.56284	3.51414	0	9.23113	3.63791	0	0	0	6.56335	0	0	0	0	0	0	0	0	0	0	3.62211	0	0	0	0	0
"6C78_June27_07282018"	0	5.53536	0.4055	0	0	0	0	0	0	0	0.51186	0	0	0	0	0	0	0	0	0	0	0	0	0	5.47319	0	0	0	0	0	1.05351	0	0	0	0	0
"6C82_July16_08042018"	0	10.2778	0	0	0.27545	0	1.86067	0	0	0	0	0.40359	2.79164	0	3.29295	0	0	0	0	0	0	0	0	0	0	0.51994	0	0	0	0	1.26158	0	0	0	0	0
"6C82_July30_08012018_5C216_July30_08012018"	0	31.2571	0.58003	0	0	0	0	0	6.15622	0.33926	0	0.30286	3.40763	0	11.39946	9.16863	0	0	0	6.46092	0	0	0	4.38879	0	0.51822	0	0	0	0	0	0	0	0	0	0
"6C83_190717_7262019_23_NOT_4D357_190722_7262019_22"	2.24497	10.73354	0	0	0	0	1.43517	0	0	1.00862	3.17595	0	0	0	0	0	0	0	0	0	0	0	0	0	0	0	0	0	0	0	0	0	0	0	0.3437	0
"6C87_July30_08012018_6B34_July30_08012018"	4.01448	40.49234	0.38617	0	0.65893	0	14.64952	0	15.75098	0.58903	0.21293	0	3.46596	0	9.30747	1.78372	0	0	0	6.37024	0	0	0	2.39107	5.2989	0	0	0	0	0	0	0	0	0	0	0
"6D167_July9_08042018"	0	7.46191	0	0	0	0	0	0	0	1.12344	0.88855	0.5789	0	0	16.04644	2.44711	0	0	0	0	0	0	1.04169	0	0	0	0	0	0	0	6.17505	0	0	0	0	0
"6D258_2_July3_07292018"	0	0	0	0	0	0	0	0	0	0	0	0	0	0	0	0	0	0	0	0	0	0	0	0	0	0	0	0	0	0	0	0	0	0	0	0
"6D258_3_July3_07302018"	0	3.14731	0	0	0	0	0	0	0	0	0	0	0	0	0	0	0	0	0	0	0	0	0	0	1.95824	0	0	0	0	0	1.68895	0	0	0	0	0
"6D258_July3_07282018"	0	0	0	0	0	0	0	0	0	0	0	0	0	0	0	0	0	0	0	0	0	0	0	0	0	0	0	0	0	0	0	0	0	0	0	0
"6D38_July30_08012018_2C276_July9_08012018"	0	5.26332	1.04495	0	0	0	0	0	0	0	0	0.51129	0	0	12.56424	0	0	2.94791	0	0	0	0	0	0	0	0	0	0	0	0	6.41431	0	0	0	0	0
"6D39_190724_822019_13_NOT_5A179_190724_822019_12"	0	31.62177	0	0	0	0	0	0	0	17.47346	2.13625	0	0	0	79.93154	0	0	0	0	0	0	0	0	0	0	0	0	0	0	0	0	0	0	0	0	0
"6D40_190717_7272019_03"	1.50698	7.40281	0	0	0	4.72547	1.63975	0	0	0.60934	0	0	0.42353	0	0	2.44865	0	0	0	0	0	0	0	0	0	0	0	0	0	0	0.79587	0	0	0	0.11414	0
"6D45_July30_08012018_5A173_July30_08012018"	0	3.53558	0	0	0	0	0.49072	0	4.84589	1.4732	0.20593	0	0.52823	0	0	0	0	0	0	0	0	0	0	1.27454	0	0	0	0	0	0	0	0	0	0	0	0
"6D50_190726_812019_13"	0	0	0	0	0	0	0	0	0	0	0	0	0	0	0	0	0	0	0	0	0	0	0	0	0	0	0	0	0	0	0	0	0	0	0	0
"6D51_July9_08042018"	0	13.90674	0.77498	0	0.62606	0	1.21527	0	4.6477	0	0	0	13.12786	0	10.29075	20.59024	3.20518	1.7112	0	20.31583	0	0	0	14.15648	0	0	0	0	0	0	2.25408	0	0	0	0	0.18819
"6D55_July16_07262018"	0	207.74116	0	0	0.36112	0	0	0	0	6.54767	0	0	0	0	0	0	0	4.81205	0	0	0	0	0	0	0	0	0	0	0	0	0	0	0	0	0	0
"6D66_July5_07302018"	0	6.91838	0.55659	0	0.06838	0	0	0	0	0.58742	0	0	0.35256	0	0	0	0	0	0	0	0	0	0	0	2.96318	0	0	0	0	0	0.79356	0	0	0	0	0.06862
"6D80_190726_812019_17"	0	137.39592	0	0	0	4.03012	0.52289	0	0	0	0	0	1.61999	0	4.43612	2.86314	0	0	0	5.1694	0	0	0	0	0	0	0	0	0	0	0	0	0	0	0.11348	0
"6D81_190726_812019_06"	3.67591	58.59376	0	3.25364	0	19.93299	0	0	0	6.60573	0	0	32.75562	8.55819	25.97607	0	0	0	0	0	0	0	0	0	0	0	0	0	0	0	1.81161	0	0	0	0.34465	0
