index	batch	Desorb.Start.Time	verdict	sample	file1	file2	file3	file4	file5	file6	file7	file8	file9	type	plantid	sampledate	rundate	other	vial
2	heather_maxfield190806.txt	2018-07-16T23:08:36Z		3C94July16_07162018	3C94July16	07162018								floral	3C94	July16	07162018		
4	heather_maxfield190806.txt	2018-07-18T22:27:56Z		AirJuly11_07182018	AirJuly11	07182018								ambient	Air	July11	07182018		
5	heather_maxfield190806.txt	2018-07-18T23:00:57Z		4a90July11_07182018	4a90July11	07182018								floral	4A90	July11	07182018		
6	heather_maxfield190806.txt	2018-07-18T23:34:44Z		1B655July11_07182018	1B655July11	07182018								floral	1B655	July11	07182018		
7	heather_maxfield190806.txt	2018-07-19T00:08:43Z		2D212July09_07182018	2D212July09	07182018								floral	2D212	July09	07182018		
8	heather_maxfield190806.txt	2018-07-19T00:43:09Z		3B601July09_07182018	3B601July09	07182018								floral	3B601	July09	07182018		
9	heather_maxfield190806.txt	2018-07-19T01:17:20Z		3A127July09_07182018	3A127July09	07182018								floral	3A127	July09	07182018		
10	heather_maxfield190806.txt	2018-07-19T01:51:35Z		5A180July09_07182018	5A180July09	07182018								floral	5A180	July09	07182018		
11	heather_maxfield190806.txt	2018-07-19T02:25:22Z		2D218July11_07182018	2D218July11	07182018								floral	2D218	July11	07182018		
12	heather_maxfield190806.txt	2018-07-19T02:58:47Z		5D228July06_07182018	5D228July06	07182018								floral	5D228	July06	07182018		
14	heather_maxfield190806.txt	2018-07-25T17:07:09Z		AirJuly24_07252018	AirJuly24	07252018								ambient	Air	July24	07252018		
15	heather_maxfield190806.txt	2018-07-25T17:38:59Z		1D29_July24_07252018	1D29	July24	07252018							floral	1D29	July24	07252018		
16	heather_maxfield190806.txt	2018-07-25T18:11:19Z		1A253July24_07252018	1A253July24	07252018								floral	1A253	July24	07252018		
17	heather_maxfield190806.txt	2018-07-25T18:43:55Z		2C258July24_07252018	2C258July24	07252018								floral	2C258	July24	07252018		
18	heather_maxfield190806.txt	2018-07-25T19:16:05Z		3C147July24_07252018	3C147July24	07252018								floral	3C147	July24	07252018		
19	heather_maxfield190806.txt	2018-07-25T19:48:42Z		5C216July24_07252018	5C216July24	07252018								floral	5C216	July24	07252018		
20	heather_maxfield190806.txt	2018-07-25T20:21:19Z		3C98July24_07252018	3C98July24	07252018								floral	3C98	July24	07252018		
22	heather_maxfield190806.txt	2018-07-26T17:53:56Z		AirJuly16_07262018	AirJuly16	07262018								ambient	Air	July16	07262018		
23	heather_maxfield190806.txt	2018-07-26T18:26:07Z		2D206_July24_07262018	2D206	July24	07262018							floral	2D206	July24	07262018		
24	heather_maxfield190806.txt	2018-07-26T18:59:02Z		3B601_July24_07262018	3B601	July24	07262018							floral	3B601	July24	07262018		
25	heather_maxfield190806.txt	2018-07-26T19:31:20Z		3B833_July24_07262018	3B833	July24	07262018							floral	3B833	July24	07262018		
26	heather_maxfield190806.txt	2018-07-26T20:04:05Z		2D200_July24_07262018	2D200	July24	07262018							floral	2D200	July24	07262018		
27	heather_maxfield190806.txt	2018-07-26T20:36:50Z		3D858_July16_07262018	3D858	July16	07262018							floral	3D858	July16	07262018		
28	heather_maxfield190806.txt	2018-07-26T21:10:01Z		6D55_July16_07262018	6D55	July16	07262018							floral	6D55	July16	07262018		
29	heather_maxfield190806_loose.txt	2018-07-26T21:43:26Z		3B601_July16_07262018	3B601	July16	07262018							floral	3B601	July16	07262018		
30	heather_maxfield190806_loose.txt	2018-07-26T22:16:48Z		5C216_July16_07262018	5C216	July16	07262018							floral	5C216	July16	07262018		
31	heather_maxfield190806.txt	2018-07-26T22:51:33Z		Air_July16_07262018	Air	July16	07262018							ambient	Air	July16	07262018	_	
32	heather_maxfield190806_loose.txt	2018-07-26T23:24:44Z		5D283_July16_07262018	5D283	July16	07262018							floral	5D283	July16	07262018		
33	heather_maxfield190806_loose.txt	2018-07-26T23:59:12Z		6D54_July16_07262018	6D54	July16	07262018							floral	6D54	July16	07262018		
34	heather_maxfield190806_loose.txt	2018-07-27T00:33:33Z		3D874_July16_07262018	3D874	July16	07262018							floral	3D874	July16	07262018		
35	heather_maxfield190806_loose.txt	2018-07-27T01:08:10Z		2D212_July17_07262018	2D212	July17	07262018							floral	2D212	July17	07262018		
36	heather_maxfield190806_loose.txt	2018-07-27T01:42:36Z		5C221_July16_07262018	5C221	July16	07262018							floral	5C221	July16	07262018		
37	heather_maxfield190806_loose.txt	2018-07-27T02:16:43Z		4A76_July17_07262018	4A76	July17	07262018							floral	4A76	July17	07262018		
38	heather_maxfield190806_loose.txt	2018-07-27T02:50:23Z		5B284_July16_07262018	5B284	July16	07262018							floral	5B284	July16	07262018		
39	heather_maxfield190806_loose.txt	2018-07-27T03:23:35Z		3C147_July16_07262018	3C147	July16	07262018							floral	3C147	July16	07262018		
40	heather_maxfield190806_loose.txt	2018-07-27T03:56:08Z		2C100_July17_07262018	2C100	July17	07262018							floral	2C100	July17	07262018		
42	heather_maxfield190806_loose.txt	2018-07-27T05:29:00Z		Air_June22_072620181_A232_June28	Air	June22	072620181	A232	June28					ambient	Air	June22	07262018	A232	
43	heather_maxfield190806_loose.txt	2018-07-27T06:00:58Z		2D218_July9_07262018	2D218	July9	07262018							floral	2D218	July9	07262018		
44	heather_maxfield190806_loose.txt	2018-07-27T06:33:02Z		3D877_July19_07262018	3D877	July19	07262018							floral	3D877	July19	07262018		
45	heather_maxfield190806_loose.txt	2018-07-27T07:04:56Z		5D245_July27_07262018	5D245	July27	07262018							floral	5D245	July27	07262018		
46	heather_maxfield190806_loose.txt	2018-07-27T07:36:36Z		3A128_June22_07262018	3A128	June22	07262018							floral	3A128	June22	07262018		
47	heather_maxfield190806_loose.txt	2018-07-27T08:08:25Z		2C291_June22_07262018	2C291	June22	07262018							floral	2C291	June22	07262018		
48	heather_maxfield190806_loose.txt	2018-07-27T08:40:07Z		6D47_June25_07262018	6D47	June25	07262018							floral	6D47	June25	07262018		
49			skip-notrun																
50	heather_maxfield190806_loose.txt	2018-07-27T09:11:55Z	skip-rename	2D200_June22_07262018	2D200	June22	07262018							floral	2D200	June22	07262018		
51	heather_maxfield190806_loose.txt	2018-07-27T09:44:12Z	skip-renamed	3C156_June22_07262018_3D884_June22	3C156	June22	07262018	3D884	June22					floral	3C156	June22	07262018		
52	heather_maxfield190806_loose.txt	2018-07-27T10:14:43Z	skip-renamed	3D844_June22_07262018_5D231_June27	3D844	June22	07262018	5D231	June27					floral	3D844	June22	07262018		
53	heather_maxfield190806_loose.txt	2018-07-27T10:46:16Z	skip-renamed	5D231_June27_07262018_2B87_June22	5D231	June27	07262018	2B87	June22					floral	5D231	June27	07262018		
54	heather_maxfield190806_loose.txt	2018-07-27T11:17:42Z	skip-renamed	2B87_June22_07262018_5C205_June27	2B87	June22	07262018	5C205	June27					floral	2B87	June22	07262018		
55	heather_maxfield190806_loose.txt	2018-07-27T11:49:13Z	skip-renamed	5C205_June27_07262018_5A181_June25	5C205	June27	07262018	5A181	June25					floral	5C205	June27	07262018		
56	heather_maxfield190806_loose.txt	2018-07-27T12:20:45Z	skip-renamed	5A181_June25_07262018_Air_June27	5A181	June25	07262018	Air	June27					floral	5A181	June25	07262018		
57	heather_maxfield190806_loose.txt	2018-07-27T12:51:47Z	skip-renamed	Air_June27_07262018_Air_June25	Air	June27	07262018	Air	June25					ambient	Air	June27	07262018		
58	heather_maxfield190806_loose.txt	2018-07-27T13:23:23Z	skip-renamed	Air_June25_07262018_1A232_June28	Air	June25	07262018	1A232	June28					ambient	Air	June25	07262018		
59	heather_maxfield190806_loose.txt	2018-07-27T13:54:58Z	skip-renamed	1A232_June28_07262018_2C265_June19	1A232	June28	07262018	2C265	June19					floral	1A232	June28	07262018		
61	heather_maxfield190806.txt	2018-07-29T02:16:54Z		AirJune29_07282018	AirJune29	07282018								ambient	Air	June29	07282018		
62	heather_maxfield190806.txt	2018-07-29T02:48:34Z		6C78_June27_07282018	6C78	June27	07282018							floral	6C78	June27	07282018		
63	heather_maxfield190806.txt	2018-07-29T03:20:11Z		4B189_June28_07282018	4B189	June28	07282018							floral	4B189	June28	07282018		
64	heather_maxfield190806.txt	2018-07-29T03:51:50Z		3B833_June28_07282018	3B833	June28	07282018							floral	3B833	June28	07282018		
65	heather_maxfield190806.txt	2018-07-29T04:23:23Z		3D858_July16_07282018	3D858	July16	07282018							floral	3D858	July16	07282018		
66	heather_maxfield190806.txt	2018-07-29T04:54:58Z		6B28_July3_07282018	6B28	July3	07282018							floral	6B28	July3	07282018		
67	heather_maxfield190806.txt	2018-07-29T05:26:20Z		3C171_July9_07282018	3C171	July9	07282018							floral	3C171	July9	07282018		
68	heather_maxfield190806.txt	2018-07-29T05:57:50Z		3D858_July16v2_07282018	3D858	July16v2	07282018							floral	3D858	July16	07282018	v2	
69	heather_maxfield190806.txt	2018-07-29T06:29:17Z		2B195_June29_07282018	2B195	June29	07282018							floral	2B195	June29	07282018		
70	heather_maxfield190806.txt	2018-07-29T07:01:31Z		5C103_July3_07282018	5C103	July3	07282018							floral	5C103	July3	07282018		
71	heather_maxfield190806.txt	2018-07-29T07:32:06Z		3D879_July9_07282018	3D879	July9	07282018							floral	3D879	July9	07282018		
72	heather_maxfield190806.txt	2018-07-29T08:03:25Z		3C168_June29_07282018	3C168	June29	07282018							floral	3C168	June29	07282018		
73	heather_maxfield190806.txt	2018-07-29T08:34:47Z		5A175_July3_07282018	5A175	July3	07282018							floral	5A175	July3	07282018		
74	heather_maxfield190806.txt	2018-07-29T09:06:13Z		5A181_June25v2_07282018	5A181	June25v2	07282018							floral	5A181	June25	07282018	v2	
75	heather_maxfield190806.txt	2018-07-29T09:37:37Z		2A172_July5_07282018	2A172	July5	07282018							floral	2A172	July5	07282018		
76	heather_maxfield190806.txt	2018-07-29T10:08:59Z		6A143_July9_07282018	6A143	July9	07282018							floral	6A143	July9	07282018		
77	heather_maxfield190806.txt	2018-07-29T10:40:26Z		1A238_July5_07282018	1A238	July5	07282018							floral	1A238	July5	07282018		
78	heather_maxfield190806.txt	2018-07-29T11:11:51Z		2D258_July6_07282018	2D258	July6	07282018							floral	2D258	July6	07282018		
79		2018-07-29T17:46:21Z	leak-blank																
81	heather_maxfield190806.txt	2018-07-30T00:51:20Z		5D232_July6_07292018	5D232	July6	07292018							floral	5D232	July6	07292018		
82	heather_maxfield190806.txt	2018-07-30T01:23:42Z		6A166_July3_07292018	6A166	July3	07292018							floral	6A166	July3	07292018		
83	heather_maxfield190806.txt	2018-07-30T01:56:30Z		1A253_July11_07292018	1A253	July11	07292018							floral	1A253	July11	07292018		
84	heather_maxfield190806.txt	2018-07-30T02:29:09Z		4A69_June28_07292018	4A69	June28	07292018							floral	4A69	June28	07292018		
85	heather_maxfield190806.txt	2018-07-30T03:01:51Z		2B129_July9_07292018	2B129	July9	07292018							floral	2B129	July9	07292018		
86	heather_maxfield190806.txt	2018-07-30T03:34:16Z		5C220_July3_07292018	5C220	July3	07292018							floral	5C220	July3	07292018		
87	heather_maxfield190806.txt	2018-07-30T04:05:49Z	leak-blank	1B655_June28_07292018	1B655	June28	07292018												
88	heather_maxfield190806.txt	2018-07-30T04:37:22Z		3C147_July5_07292018	3C147	July5	07292018							floral	3C147	July5	07292018		
89	heather_maxfield190806_loose.txt	2018-07-30T05:08:25Z		4C119_June28_07292018	4C119	June28	07292018							floral	4C119	June28	07292018		
90	heather_maxfield190806.txt	2018-07-30T05:40:44Z		3A128_June29_07292018	3A128	June29	07292018							floral	3A128	June29	07292018		
91	heather_maxfield190806.txt	2018-07-30T06:11:15Z		Air_June28_07292018	Air	June28	07292018							ambient	Air	June28	07292018		
92	heather_maxfield190806.txt	2018-07-30T06:42:42Z		5A176_July9_07292018	5A176	July9	07292018							floral	5A176	July9	07292018		
93	heather_maxfield190806.txt	2018-07-30T07:13:56Z		5B7_July3_07292018	5B7	July3	07292018							floral	5B7	July3	07292018		
94	heather_maxfield190806.txt	2018-07-30T07:45:18Z		2B87_July5_07292018	2B87	July5	07292018							floral	2B87	July5	07292018		
95	heather_maxfield190806.txt	2018-07-30T08:16:41Z		5B292_July9_07292018	5B292	July9	07292018							floral	5B292	July9	07292018		
96	heather_maxfield190806.txt	2018-07-30T08:48:06Z		2D200_June29_07292018	2D200	June29	07292018							floral	2D200	June29	07292018		
97	heather_maxfield190806.txt	2018-07-30T09:19:28Z		2D218_July5_07292018	2D218	July5	07292018							floral	2D218	July5	07292018		
98	heather_maxfield190806.txt	2018-07-30T09:50:50Z		6B26_June25_07292018	6B26	June25	07292018							floral	6B26	June25	07292018		
99		2018-07-30T13:25:52Z	leak-blank																
101	heather_maxfield190806.txt	2018-07-30T17:31:21Z		4A95_July6_07302018	4A95	July6	07302018							floral	4A95	July6	07302018		
102	heather_maxfield190806.txt	2018-07-30T18:02:55Z		2C100_July9_07302018	2C100	July9	07302018							floral	2C100	July9	07302018		
103	heather_maxfield190806.txt	2018-07-30T18:34:57Z		3C171_July5_07302018	3C171	July5	07302018							floral	3C171	July5	07302018		
104	heather_maxfield190806.txt	2018-07-30T19:07:07Z		5A194_July6_07302018	5A194	July6	07302018							floral	5A194	July6	07302018		
105	heather_maxfield190806.txt	2018-07-30T19:39:42Z		4D45_June28_07302018	4D45	June28	07302018							floral	4D45	June28	07302018		
106	heather_maxfield190806.txt	2018-07-30T20:12:19Z		6B34_July6_07302018	6B34	July6	07302018							floral	6B34	July6	07302018		
107	heather_maxfield190806.txt	2018-07-30T20:45:19Z		6B632_July6_07302018	6B632	July6	07302018							floral	6B632	July6	07302018		
108	heather_maxfield190806.txt	2018-07-30T21:17:28Z		3C156_July9_07302018	3C156	July9	07302018							floral	3C156	July9	07302018		
109	heather_maxfield190806.txt	2018-07-30T21:49:59Z		Air_July3_07302018	Air	July3	07302018							ambient	Air	July3	07302018		
110	heather_maxfield190806.txt	2018-07-30T22:23:32Z		3C171_July9_v2_07302018	3C171	July9	v2	07302018						floral	3C171	July9	07302018	v2	
111	heather_maxfield190806.txt	2018-07-30T22:55:36Z		4A75_July6_07302018	4A75	July6	07302018							floral	4A75	July6	07302018		
112	heather_maxfield190806.txt	2018-07-30T23:28:44Z		6C109_July6_07302018	6C109	July6	07302018							floral	6C109	July6	07302018		
113	heather_maxfield190806.txt	2018-07-31T00:02:16Z		6D66_July5_07302018	6D66	July5	07302018							floral	6D66	July5	07302018		
114	heather_maxfield190806.txt	2018-07-31T00:35:44Z		2C266_July5_07302018	2C266	July5	07302018							floral	2C266	July5	07302018		
115	heather_maxfield190806.txt	2018-07-31T01:09:16Z		4D35_July6_07302018	4D35	July6	07302018							floral	4D35	July6	07302018		
116	heather_maxfield190806.txt	2018-07-31T01:42:48Z		5A189_July6_07302018	5A189	July6	07302018							floral	5A189	July6	07302018		
117	heather_maxfield190806.txt	2018-07-31T02:16:00Z		6B20_July6_07302018	6B20	July6	07302018							floral	6B20	July6	07302018		
118	heather_maxfield190806.txt	2018-07-31T02:48:45Z		4D26_July6_07302018	4D26	July6	07302018							floral	4D26	July6	07302018		
119	heather_maxfield190806.txt	2018-07-31T03:21:16Z		6D258_3_July3_07302018	6D258	3	July3	07302018						floral	6D258	July3	07302018	3	
121	heather_maxfield190806.txt	2018-08-01T20:28:33Z		6A160_July30_08012018	6A160	July30	08012018							floral	6A160	July30	08012018		
122	heather_maxfield190806.txt	2018-08-01T21:01:10Z		5A173_2_July30_08012018	5A173	2	July30	08012018						floral	5A173	July30	08012018	2	
123			skip-notrun																
124	heather_maxfield190806.txt	2018-08-01T21:34:01Z	skip-renamed	5A175_July30_08012018_6D45_08012018	5A175	July30	08012018	6D45	08012018					floral	6D45	July30	08012018		
125	heather_maxfield190806.txt	2018-08-01T22:06:46Z	skip-renamed	6D45_July30_08012018_5A173_July30_08012018	6D45	July30	08012018	5A173	July30	08012018				floral	5A173	July30	08012018		
126	heather_maxfield190806.txt	2018-08-01T22:39:19Z	skip-renamed	5A173_July30_08012018_6B25_July30_08012018	5A173	July30	08012018	6B25	July30	08012018				floral	6B25	July30	08012018		
127	heather_maxfield190806.txt	2018-08-01T23:12:06Z	skip-renamed	6B25_July30_08012018_5A181_July30_08012018	6B25	July30	08012018	5A181	July30	08012018				floral	5A181	July30	08012018		
128	heather_maxfield190806.txt	2018-08-01T23:44:59Z	skip-renamed	5A181_July30_08012018_6C102_1_July30_08012018	5A181	July30	08012018	6C102	1	July30	08012018			floral	6C102	July30	08012018	1	
129	heather_maxfield190806.txt	2018-08-02T00:17:58Z	skip-renamed	6C102_1_July30_08012018_5C221_July30_08012018	6C102	1	July30	08012018	5C221	July30	08012018			floral	5C221	July30	08012018	1	
130	heather_maxfield190806.txt	2018-08-02T00:51:46Z	skip-renamed	5C221_July30_08012018_6C82_July30_08012018	5C221	July30	08012018	6C82	July30	08012018				floral	6C82	July30	08012018		
131	heather_maxfield190806.txt	2018-08-02T01:23:43Z	skip-renamed	6C82_July30_08012018_5C216_July30_08012018	6C82	July30	08012018	5C216	July30	08012018				floral	5C216	July30	08012018		
132	heather_maxfield190806.txt	2018-08-02T01:56:13Z	skip-renamed	5C216_July30_08012018_Air_July30_08012018	5C216	July30	08012018	Air	July30	08012018				ambient	Air	July30	08012018		
133	heather_maxfield190806.txt	2018-08-02T02:28:33Z	skip-renamed	Air_July30_08012018_6C87_July30_08012018	Air	July30	08012018	6C87	July30	08012018				floral	6C87	July30	08012018		
134	heather_maxfield190806.txt	2018-08-02T03:00:44Z	skip-renamed	6C87_July30_08012018_6B34_July30_08012018	6C87	July30	08012018	6B34	July30	08012018				floral	6B34	July30	08012018		
135	heather_maxfield190806.txt	2018-08-02T03:32:55Z	skip-renamed	6B34_July30_08012018_6C102_July30_08012018	6B34	July30	08012018	6C102	July30	08012018				floral	6C102	July30	08012018		
136	heather_maxfield190806.txt	2018-08-02T04:05:36Z	skip-renamed	6C102_July30_08012018_6D38_July30_08012018	6C102	July30	08012018	6D38	July30	08012018				floral	6D38	July30	08012018		
137	heather_maxfield190806.txt	2018-08-02T04:38:05Z	skip-renamed	6D38_July30_08012018_2C276_July9_08012018	6D38	July30	08012018	2C276	July9	08012018				floral	2C276	July9	08012018		
138	heather_maxfield190806.txt	2018-08-02T05:10:10Z	skip-renamed	2C276_July9_08012018_2B199_July9_08012018	2C276	July9	08012018	2B199	July9	08012018				floral	2B199	July9	08012018		
139	heather_maxfield190806.txt	2018-08-02T05:42:18Z	skip-renamed	2B199_July9_08012018_2A172_July9_08012018	2B199	July9	08012018	2A172	July9	08012018				floral	2A172	July9	08012018		
141	heather_maxfield190806.txt	2018-08-02T21:46:29Z		3C147__1_Aug2_July30_08022018	3C147	1	Aug2	July30	08022018					floral	3C147	Aug2	08022018	1, July30	
142	heather_maxfield190806.txt	2018-08-02T22:19:04Z		2A172_Aug2_08022018	2A172	Aug2	08022018							floral	2A172	Aug2	08022018		
143			leak-blank																
144			skip-notrun																
145	heather_maxfield190806.txt	2018-08-02T23:26:11Z	skip-renamed	3A128_Aug2_08022018_Air_Aug2_08022018	3A128	Aug2	08022018	Air	Aug2	08022018				ambient	Air	Aug2	08022018		
146	heather_maxfield190806.txt	2018-08-02T23:59:28Z	skip-renamed	Air_Aug2_08022018_4A63_Aug2_08022018	Air	Aug2	08022018	4A63	Aug2	08022018				floral	4A63	Aug2	08022018		
147	heather_maxfield190806.txt	2018-08-03T00:33:35Z	skip-renamed	4A63_Aug2_08022018_1A232_1_Aug2_08022018	4A63	Aug2	08022018	1A232	1	Aug2	08022018			floral	1A232	Aug2	08022018	1	
148	heather_maxfield190806.txt	2018-08-03T01:07:47Z	skip-renamed	1A232_1_Aug2_08022018_1A232_2_Aug2_08022018	1A232	1	Aug2	08022018	1A232	2	Aug2	08022018		floral	1A232	Aug2	08022018	2	
149	heather_maxfield190806.txt	2018-08-03T01:41:52Z	skip-renamed	1A232_2_Aug2_08022018_2D206_2_Aug2_08022018	1A232	2	Aug2	08022018	2D206	2	Aug2	08022018		floral	2D206	Aug2	08022018	2	
150	heather_maxfield190806.txt	2018-08-03T02:16:23Z	skip-renamed	2D206_2_Aug2_08022018_2D206_Aug2_08022018	2D206	2	Aug2	08022018	2D206	Aug2	08022018			floral	2D206	Aug2	08022018		
151	heather_maxfield190806.txt	2018-08-03T02:48:23Z	skip-renamed	2D206_Aug2_08022018_3C163_Aug2_08022018	2D206	Aug2	08022018	3C163	Aug2	08022018				floral	3C163	Aug2	08022018		
152	heather_maxfield190806.txt	2018-08-03T03:21:04Z	skip-renamed	3C163_Aug2_08022018_3C147_2_Aug2_08022018	3C163	Aug2	08022018	3C147	2	Aug2	08022018			floral	3C147	Aug2	08022018	2	
153	heather_maxfield190806.txt	2018-08-03T03:53:18Z	skip-renamed	3C147_2_Aug2_08022018_3D858_Aug2_08022018	3C147	2	Aug2	08022018	3D858	Aug2	08022018			floral	3D858	Aug2	08022018		
154	heather_maxfield190806.txt	2018-08-03T04:26:19Z	skip-renamed	3D858_Aug2_08022018_3A127_July5_08022018	3D858	Aug2	08022018	3A127	July5	08022018				floral	3A127	July5	08022018		
155	heather_maxfield190806.txt	2018-08-03T04:58:58Z	skip-renamed	3A127_July5_08022018_5C205_July6_08022018	3A127	July5	08022018	5C205	July6	08022018				floral	5C205	July6	08022018		
156	heather_maxfield190806.txt	2018-08-03T05:31:30Z	skip-renamed	5C205_July6_08022018_4C_118_July6_08022018	5C205	July6	08022018	4C	118	July6	08022018			floral	4C118	July6	08022018		
157	heather_maxfield190806.txt	2018-08-03T06:03:53Z	skip-renamed	4C_118_July6_08022018_Air_July6_08022018	4C	118	July6	08022018	Air	July6	08022018			ambient	Air	July6	08022018		
158	heather_maxfield190806.txt	2018-08-03T06:35:58Z	skip-renamed	Air_July6_08022018_5D251_July5_08022018	Air	July6	08022018	5D251	July5	08022018				floral	5D251	July5	08022018		
159	heather_maxfield190806.txt	2018-08-03T07:08:08Z	skip-renamed	5D251_July5_08022018_5A182_July9_08_02_2018	5D251	July5	08022018	5A182	July9	08	02	2018		floral	5A182	July9	08022018		
161	heather_maxfield190806.txt	2018-08-03T19:56:25Z		1C62_July5_08032018	1C62	July5	08032018							floral	1C62	July5	08032018		
162	heather_maxfield190806.txt	2018-08-03T20:27:52Z		1B664_July5_08032018	1B664	July5	08032018							floral	1B664	July5	08032018		
163	heather_maxfield190806.txt	2018-08-03T20:59:12Z		5A175_v3_July30_08032018	5A175	v3	July30	08032018						floral	5A175	July30	08032018	v3	
164	heather_maxfield190806.txt	2018-08-03T21:30:41Z		3A128_v2_Aug2_08032018	3A128	v2	Aug2	08032018						floral	3A128	Aug2	08032018	v2	
165	heather_maxfield190806.txt	2018-08-03T22:02:11Z		5B15_July6_08032018	5B15	July6	08032018							floral	5B15	July6	08032018		
166	heather_maxfield190806.txt	2018-08-03T22:33:45Z		1D29_July5_08032018	1D29	July5	08032018							floral	1D29	July5	08032018		
167	heather_maxfield190806.txt	2018-08-03T23:05:30Z		5C206_July5_08032018	5C206	July5	08032018							floral	5C206	July5	08032018		
168	heather_maxfield190806.txt	2018-08-03T23:37:29Z		3D853_July5_08032018	3D853	July5	08032018							floral	3D853	July5	08032018		
169	heather_maxfield190806.txt	2018-08-04T00:09:34Z		1B678_July5_08032018	1B678	July5	08032018							floral	1B678	July5	08032018		
170	heather_maxfield190806.txt	2018-08-04T00:42:45Z		5D232_July5_08032018	5D232	July5	08032018							floral	5D232	July5	08032018		
171	heather_maxfield190806.txt	2018-08-04T01:14:00Z		3B824_July5_08032018	3B824	July5	08032018							floral	3B824	July5	08032018		
172	heather_maxfield190806.txt	2018-08-04T01:46:16Z		4B175_July11_08032018	4B175	July11	08032018							floral	4B175	July11	08032018		
173	heather_maxfield190806.txt	2018-08-04T02:18:25Z		4D45_July11_08032018	4D45	July11	08032018							floral	4D45	July11	08032018		
174	heather_maxfield190806.txt	2018-08-04T02:50:26Z		1B99_July5_08032018	1B99	July5	08032018							floral	1B99	July5	08032018		
175	heather_maxfield190806.txt	2018-08-04T03:22:13Z		5D245_July6_08032018	5D245	July6	08032018							floral	5D245	July6	08032018		
176	heather_maxfield190806.txt	2018-08-04T03:53:54Z		3A647_July5_08032018	3A647	July5	08032018							floral	3A647	July5	08032018		
177	heather_maxfield190806.txt	2018-08-04T04:25:15Z		3C163_July5_08032018	3C163	July5	08032018							floral	3C163	July5	08032018		
178	heather_maxfield190806.txt	2018-08-04T04:56:46Z		Air_July5_08032018	Air	July5	08032018							ambient	Air	July5	08032018		
179	heather_maxfield190806.txt	2018-08-04T05:28:06Z		Air_July9_08032018	Air	July9	08032018							ambient	Air	July9	08032018		
181	heather_maxfield190806.txt	2018-08-04T17:51:37Z		6D51_July9_08042018	6D51	July9	08042018							floral	6D51	July9	08042018		
182	heather_maxfield190806.txt	2018-08-04T18:23:21Z		6D167_July9_08042018	6D167	July9	08042018							floral	6D167	July9	08042018		
183	heather_maxfield190806.txt	2018-08-04T18:55:33Z		4D45_July17_08042018	4D45	July17	08042018							floral	4D45	July17	08042018		
184	heather_maxfield190806.txt	2018-08-04T19:28:04Z		2D189_July17_08042018	2D189	July17	08042018							floral	2D189	July17	08042018		
185	heather_maxfield190806.txt	2018-08-04T20:00:56Z		2D218_July17_08042018	2D218	July17	08042018							floral	2D218	July17	08042018		
186	heather_maxfield190806.txt	2018-08-04T20:17:05Z	mismatch	2D218_July17_08042018	2D218	July17	08042018												
187	heather_maxfield190806.txt	2018-08-04T21:05:13Z		6B28_July16_08042018	6B28	July16	08042018							floral	6B28	July16	08042018		
188	heather_maxfield190806.txt	2018-08-04T21:37:52Z		6C82_July16_08042018	6C82	July16	08042018							floral	6C82	July16	08042018		
189	heather_maxfield190806.txt	2018-08-04T22:10:48Z		6C106_July16_08042018	6C106	July16	08042018							floral	6C106	July16	08042018		
190	heather_maxfield190806.txt	2018-08-04T22:45:03Z		5A173_July16_08042018	5A173	July16	08042018							floral	5A173	July16	08042018		
191	heather_maxfield190806.txt	2018-08-04T23:17:39Z		1D29_July11_08042018	1D29	July11	08042018							floral	1D29	July11	08042018		
192	heather_maxfield190806.txt	2018-08-04T23:51:04Z		2D189_July11_08042018	2D189	July11	08042018							floral	2D189	July11	08042018		
193	heather_maxfield190806.txt	2018-08-05T00:24:24Z		2C265_July11_08042018	2C265	July11	08042018							floral	2C265	July11	08042018		
194	heather_maxfield190806.txt	2018-08-05T00:57:43Z		6A125_July9_08042018	6A125	July9	08042018							floral	6A125	July9	08042018		
195	heather_maxfield190806.txt	2018-08-05T01:30:37Z		3C98_July5_08042018	3C98	July5	08042018							floral	3C98	July5	08042018		
196	heather_maxfield190806.txt	2018-08-05T02:03:21Z		4A117_July11_08042018	4A117	July11	08042018							floral	4A117	July11	08042018		
197	heather_maxfield190806.txt	2018-08-05T02:35:25Z		1C60_July11_08042018	1C60	July11	08042018							floral	1C60	July11	08042018		
198	heather_maxfield190806.txt	2018-08-05T03:08:00Z		2A171_July11_08042018	2A171	July11	08042018							floral	2A171	July11	08042018		
199	heather_maxfield190806.txt	2018-08-05T03:40:03Z		5B22_July9_08042018	5B22	July9	08042018							floral	5B22	July9	08042018		
201	heather_maxfield190806.txt	2018-08-05T20:05:12Z		6A167_July9_08052018	6A167	July9	08052018							floral	6A167	July9	08052018		
202	heather_maxfield190806.txt	2018-08-05T20:37:08Z		5B15_July9_08052018	5B15	July9	08052018							floral	5B15	July9	08052018		
203	heather_maxfield190806.txt	2018-08-05T21:09:37Z		2A171_July9_08052018	2A171	July9	08052018							floral	2A171	July9	08052018		
244		2019-07-27T00:43:39Z	skip-rename	6C108_190707_7262019_03	6C108	190707	7262019	03							6C108	190707	7262019		
245	heather_maxfield190806.txt	2019-07-27T01:14:48Z	skip-rename	4A123_190716_7262019_04	4A123	190716	7262019	04						floral	4A123	190716	7262019		
246	heather_maxfield190806.txt	2019-07-27T01:46:44Z	skip-rename	Air_190716_7262019_05	Air	190716	7262019	05						ambient	Air	190716	7262019	5	
247	heather_maxfield190806.txt	2019-07-27T02:18:39Z	skip-rename	Air_190716_7262019_06	Air	190716	7262019	06						ambient	Air	190716	7262019	6	
248	heather_maxfield190806.txt	2019-07-27T02:50:35Z	skip-rename	1C47_190717_7262019_07	1C47	190717	7262019	07						floral	1C47	190717	7262019		
249	heather_maxfield190806.txt	2019-07-27T03:22:17Z	skip-rename	1B684_190717_7262019_08	1B684	190717	7262019	08						floral	1B684	190717	7262019		
250	heather_maxfield190806.txt	2019-07-27T03:53:36Z	skip-rename	3D256_190716_7262019_09	3D256	190716	7262019	09						floral	3D256	190716	7262019		
251	heather_maxfield190806.txt	2019-07-27T04:24:57Z	skip-rename	4D61_190716_7262019_10	4D61	190716	7262019	10						floral	4D61	190716	7262019		
252	heather_maxfield190806.txt	2019-07-27T04:56:13Z	skip-rename	3D282_190716_7262019_11	3D282	190716	7262019	11						floral	3D282	190716	7262019		
253	heather_maxfield190806.txt	2019-07-27T05:27:32Z	skip-rename	3C214_190716_7262019_12	3C214	190716	7262019	12						floral	3C214	190716	7262019		
254	heather_maxfield190806.txt	2019-07-27T05:59:47Z	skip-blank	Blank2_7262019_13	Blank2	7262019	13												
255	heather_maxfield190806.txt	2019-07-27T06:31:00Z	skip-rename	1C43_190717_7262019_14	1C43	190717	7262019	14						floral	1C43	190717	7262019		
256	heather_maxfield190806.txt	2019-07-27T07:01:27Z	skip-rename	4B168_190716_7262019_15	4B168	190716	7262019	15						floral	4B168	190716	7262019		
257	heather_maxfield190806.txt	2019-07-27T07:32:22Z	skip-rename	nolabel_190716_7262019_16	nolabel	190716	7262019	16											
258	heather_maxfield190806.txt	2019-07-27T08:03:26Z	skip-rename	4C109_190716_7262019_17	4C109	190716	7262019	17						floral	4C109	190716	7262019		
259	heather_maxfield190806.txt	2019-07-27T08:34:17Z	skip-rename	3C183_190717_7262019_18	3C183	190717	7262019	18						floral	3C183	190717	7262019		
260	heather_maxfield190806.txt	2019-07-27T09:05:18Z	skip-rename	2D211_190707_7262019_19	2D211	190707	7262019	19						floral	2D211	190707	7262019		
261	heather_maxfield190806.txt	2019-07-27T09:36:23Z	skip-rename	4D199_190717_7262019_20	4D199	190717	7262019	20						floral	4D199	190717	7262019		
262	heather_maxfield190806.txt	2019-07-27T10:07:26Z	skip-rename	Air_190717_7262019_21	Air	190717	7262019	21						ambient	Air	190717	7262019		
263	heather_maxfield190806.txt	2019-07-27T10:38:21Z	skip-rename	4D357_190722_7262019_22	4D357	190722	7262019	22						floral	4D357	190722	7262019		
264	heather_maxfield190806.txt	2019-07-27T11:09:17Z	skip-rename	6C83_190717_7262019_23	6C83	190717	7262019	23						floral	6C83	190717	7262019		
265	heather_maxfield190806.txt	2019-07-27T11:41:18Z	skip-blank	Blank4_7262019_24	Blank4	7262019	24												
269	heather_maxfield190806.txt	2019-07-28T05:08:06Z		Air_6C_190717_7272019_02	Air	6C	190717	7272019	02					ambient	Air6C	190717	7272019		
270	heather_maxfield190806.txt	2019-07-28T05:38:52Z		6D40_190717_7272019_03	6D40	190717	7272019	03						floral	6D40	190717	7272019		
271	heather_maxfield190806.txt	2019-07-28T06:09:55Z		6A156_190717_7272019_04	6A156	190717	7272019	04						floral	6A156	190717	7272019		
272	heather_maxfield190806.txt	2019-07-28T06:40:52Z		6B29_190717_7272019_05	6B29	190717	7272019	05						floral	6B29	190717	7272019		
273	heather_maxfield190806.txt	2019-07-28T07:11:53Z		5C214_190717_7272019_06	5C214	190717	7272019	06						floral	5C214	190717	7272019		
274	heather_maxfield190806.txt	2019-07-28T07:42:57Z		5D264_190717_7272019_07	5D264	190717	7272019	07						floral	5D264	190717	7272019		
275	heather_maxfield190806.txt	2019-07-28T08:13:58Z		5B1_190717_7272019_08	5B1	190717	7272019	08						floral	5B1	190717	7272019		
276	heather_maxfield190806.txt	2019-07-28T08:29:13Z		2B201_19072_7272019_09	2B201	19072	7272019	09						floral	2B201	19072	7272019		
277	heather_maxfield190806.txt	2019-07-28T09:16:01Z		2C268_190722_7272019_10	2C268	190722	7272019	10						floral	2C268	190722	7272019		
279	heather_maxfield190806.txt	2019-07-28T10:18:39Z	good	2D257_190722_7272019_12	2D257	190722	7272019	12						floral	2D257	190722	7272019		
280	heather_maxfield190806.txt	2019-07-28T10:49:07Z	good	2B92_190722_7272019_13	2B92	190722	7272019	13						floral	2B92	190722	7272019		
281	heather_maxfield190806.txt	2019-07-28T11:20:03Z	good	2A158_190722_7272019_14	2A158	190722	7272019	14						floral	2A158	190722	7272019		
282	heather_maxfield190806.txt	2019-07-28T11:51:04Z	good	2A679_190722_7272019_15	2A679	190722	7272019	15						floral	2A679	190722	7272019		
283	heather_maxfield190806.txt	2019-07-28T12:22:06Z	good	2D221_190724_7272019_16	2D221	190724	7272019	16						floral	2D221	190724	7272019		
284	heather_maxfield190806.txt	2019-07-28T12:53:06Z	good	6B35_190724_7272019_17	6B35	190724	7272019	17						floral	6B35	190724	7272019		
285	heather_maxfield190806.txt	2019-07-28T13:24:05Z	good	4C642_190724_7272019_18	4C642	190724	7272019	18						floral	4C642	190724	7272019		
286	heather_maxfield190806.txt	2019-07-28T13:55:02Z	good	3C183_190722_7272019_19	3C183	190722	7272019	19						floral	3C183	190722	7272019		
287	heather_maxfield190806.txt	2019-07-28T14:25:52Z	good	3C184_190722_7272019_20	3C184	190722	7272019	20						floral	3C184	190722	7272019		
288	heather_maxfield190806.txt	2019-07-28T14:56:53Z	good	5C228_190722_7272019_21	5C228	190722	7272019	21						floral	5C228	190722	7272019		
290	heather_maxfield190806.txt	2019-07-28T15:59:56Z	good	5C214_190722_7272019_23	5C214	190722	7272019	23						floral	5C214	190722	7272019		
291	heather_maxfield190806.txt	2019-07-28T16:30:24Z	good	2C300_190724_7272019_24	2C300	190724	7272019	24						floral	2C300	190724	7272019		
292	heather_maxfield190806.txt	2019-07-28T17:01:23Z	good	Air_HB_190724_7272019_25	Air	HB	190724	7272019	25					ambient	AirHB	190724	7272019		
293	heather_maxfield190806.txt	2019-07-28T17:32:22Z	good	4A68_190717_7272019_26	4A68	190717	7272019	26						floral	4A68	190717	7272019		
294	heather_maxfield190806.txt	2019-07-28T18:03:43Z	good	4D43_190724_7272019_27	4D43	190724	7272019	27						floral	4D43	190724	7272019		
297	heather_maxfield190806.txt	2019-07-29T06:56:52Z		5D257_190722_7282019_02	5D257	190722	7282019	02						floral	5D257	190722	7282019		
298	heather_maxfield190806.txt	2019-07-29T07:27:35Z		42_60_190722_7282019_03	42	60	190722	7282019	03										
299	heather_maxfield190806.txt	2019-07-29T07:58:38Z		3A172_190724_7282019_04	3A172	190724	7282019	04						floral	3A172	190724	7282019		
300	heather_maxfield190806.txt	2019-07-29T08:29:49Z		2D222_190724_7282019_05	2D222	190724	7282019	05						floral	2D222	190724	7282019		
301	heather_maxfield190806.txt	2019-07-29T09:00:50Z		2D258_190724_7282019_06	2D258	190724	7282019	06						floral	2D258	190724	7282019		
302	heather_maxfield190806.txt	2019-07-29T09:32:02Z		3A642_190724_7282019_07	3A642	190724	7282019	07						floral	3A642	190724	7282019		
303	heather_maxfield190806.txt	2019-07-29T10:03:06Z		5C201_190724_7282019_08	5C201	190724	7282019	08						floral	5C201	190724	7282019		
304	heather_maxfield190806.txt	2019-07-29T10:34:20Z		5C229_190724_7282019_09	5C229	190724	7282019	09						floral	5C229	190724	7282019		
305	heather_maxfield190806.txt	2019-07-29T11:05:12Z		3A120_190722_7282019_10	3A120	190722	7282019	10						floral	3A120	190722	7282019		
307	heather_maxfield190806.txt	2019-07-29T12:08:12Z		Air_190722_7282019_12	Air	190722	7282019	12						ambient	Air	190722	7282019		
308	heather_maxfield190806.txt	2019-07-29T12:38:36Z		2A166_190724_7282019_13	2A166	190724	7282019	13						floral	2A166	190724	7282019		
309	heather_maxfield190806.txt	2019-07-29T13:09:41Z		1D5_190724_7282019_14	1D5	190724	7282019	14						floral	1D5	190724	7282019		
310	heather_maxfield190806.txt	2019-07-29T13:40:50Z		2C202_190724_7282019_15	2C202	190724	7282019	15						floral	2C202	190724	7282019		
311	heather_maxfield190806.txt	2019-07-29T14:11:55Z		1D19_190724_7282019_16	1D19	190724	7282019	16						floral	1D19	190724	7282019		
312	heather_maxfield190806.txt	2019-07-29T14:42:46Z		1A258_190724_7282019_17	1A258	190724	7282019	17						floral	1A258	190724	7282019		
313	heather_maxfield190806.txt	2019-07-29T15:13:55Z		5A183_190724_7282019_18	5A183	190724	7282019	18						floral	5A183	190724	7282019		
314	heather_maxfield190806.txt	2019-07-29T15:44:58Z		4C199_190724_7282019_19	4C199	190724	7282019	19						floral	4C199	190724	7282019		
315	heather_maxfield190806.txt	2019-07-29T16:16:03Z		4D62_190724_7282019_20	4D62	190724	7282019	20						floral	4D62	190724	7282019		
316	heather_maxfield190806.txt	2019-07-29T16:47:22Z		4D641_190724_7282019_21	4D641	190724	7282019	21						floral	4D641	190724	7282019		
319	heather_maxfield190806.txt	2019-08-01T17:30:42Z		2C298_190729_812019_02	2C298	190729	812019	02						floral	2C298	190729	812019		
320	heather_maxfield190806.txt	2019-08-01T18:01:35Z		5D266_190729_812019_03	5D266	190729	812019	03						floral	5D266	190729	812019		
321	heather_maxfield190806.txt	2019-08-01T18:32:39Z		3C182_190729_812019_04	3C182	190729	812019	04						floral	3C182	190729	812019		
322	heather_maxfield190806.txt	2019-08-01T19:03:42Z		2B177_190729_812019_05	2B177	190729	812019	05						floral	2B177	190729	812019		
323	heather_maxfield190806.txt	2019-08-01T19:34:55Z		2C268_190729_812019_06	2C268	190729	812019	06						floral	2C268	190729	812019		
324	heather_maxfield190806.txt	2019-08-01T20:06:26Z		2B99_190729_812019_07	2B99	190729	812019	07						floral	2B99	190729	812019		
325	heather_maxfield190806.txt	2019-08-01T20:38:09Z		2C277_190729_812019_08	2C277	190729	812019	08						floral	2C277	190729	812019		
326	heather_maxfield190806.txt	2019-08-01T21:10:08Z		3B823_190729_812019_09	3B823	190729	812019	09						floral	3B823	190729	812019		
327	heather_maxfield190806.txt	2019-08-01T21:42:19Z		3C179_190729_812019_10	3C179	190729	812019	10						floral	3C179	190729	812019		
328	heather_maxfield190806.txt	2019-08-01T22:15:33Z		2C202_190729_812019_11	2C202	190729	812019	11						floral	2C202	190729	812019		
329	heather_maxfield190806.txt	2019-08-01T22:47:15Z		5D240_190729_812019_12	5D240	190729	812019	12						floral	5D240	190729	812019		
330	heather_maxfield190806.txt	2019-08-01T23:19:53Z		6D50_190726_812019_13	6D50	190726	812019	13						floral	6D50	190726	812019		
331	heather_maxfield190806.txt	2019-08-01T23:52:32Z		3C184_190726_812019_14	3C184	190726	812019	14						floral	3C184	190726	812019		
332	heather_maxfield190806.txt	2019-08-02T00:25:03Z		3B605_190729_812019_15	3B605	190729	812019	15						floral	3B605	190729	812019		
333	heather_maxfield190806.txt	2019-08-02T00:57:16Z		2C288_190729_812019_16	2C288	190729	812019	16						floral	2C288	190729	812019		
334	heather_maxfield190806.txt	2019-08-02T01:29:10Z		6D80_190726_812019_17	6D80	190726	812019	17						floral	6D80	190726	812019		
335	heather_maxfield190806.txt	2019-08-02T02:01:01Z		5C209_190726_812019_18	5C209	190726	812019	18						floral	5C209	190726	812019		
336	heather_maxfield190806.txt	2019-08-02T02:32:16Z		5D234_190726_812019_19	5D234	190726	812019	19						floral	5D234	190726	812019	19	
337	heather_maxfield190806.txt	2019-08-02T03:03:42Z		5C217_190726_812019_20	5C217	190726	812019	20						floral	5C217	190726	812019		
339	heather_maxfield190806.txt	2019-08-02T04:37:50Z		5A195_190726_812019_02	5A195	190726	812019	02						floral	5A195	190726	812019		
340	heather_maxfield190806.txt	2019-08-02T05:08:55Z		3C185_190726_812019_03	3C185	190726	812019	03						floral	3C185	190726	812019		
341	heather_maxfield190806.txt	2019-08-02T05:40:03Z		5A201_190726_812019_04	5A201	190726	812019	04						floral	5A201	190726	812019		
342	heather_maxfield190806.txt	2019-08-02T06:11:06Z		3C148_190726_812019_05	3C148	190726	812019	05						floral	3C148	190726	812019		
343	heather_maxfield190806.txt	2019-08-02T06:42:00Z		6D81_190726_812019_06	6D81	190726	812019	06						floral	6D81	190726	812019		
344	heather_maxfield190806.txt	2019-08-02T07:13:05Z		5A203_190726_812019_07	5A203	190726	812019	07						floral	5A203	190726	812019		
345	heather_maxfield190806.txt	2019-08-02T07:44:03Z		1D34_190724_812019_08	1D34	190724	812019	08						floral	1D34	190724	812019		
346	heather_maxfield190806.txt	2019-08-02T08:15:06Z		1A236_190724_812019_09	1A236	190724	812019	09						floral	1A236	190724	812019		
347	heather_maxfield190806.txt	2019-08-02T08:46:04Z		1A239_190724_812019_10	1A239	190724	812019	10						floral	1A239	190724	812019		
348	heather_maxfield190806.txt	2019-08-02T09:18:03Z		3A659_190724_812019_11	3A659	190724	812019	11						floral	3A659	190724	812019		
349	heather_maxfield190806.txt	2019-08-02T09:48:28Z		1B670_190724_812019_12	1B670	190724	812019	12						floral	1B670	190724	812019		
350	heather_maxfield190806.txt	2019-08-02T10:19:41Z		1A246_190724_812019_13	1A246	190724	812019	13						floral	1A246	190724	812019		
351	heather_maxfield190806.txt	2019-08-02T10:50:49Z		3B687_190724_812019_14	3B687	190724	812019	14						floral	3B687	190724	812019		
352	heather_maxfield190806.txt	2019-08-02T11:21:50Z		Air_2_LS_190724_812019_15	Air	2	LS	190724	812019	15				ambient	Air2LS	190724	812019		
353	heather_maxfield190806.txt	2019-08-02T11:52:59Z		4D58_190724_812019_16	4D58	190724	812019	16						floral	4D58	190724	812019		
354	heather_maxfield190806.txt	2019-08-02T12:24:08Z		5D234_190726_812019_17	5D234	190726	812019	17						floral	5D234	190726	812019	17	
355	heather_maxfield190806.txt	2019-08-02T12:55:19Z		Air_2__190729_812019_18	Air	2	190729	812019	18					ambient	Air2	190729	812019		
356	heather_maxfield190806.txt	2019-08-02T13:26:23Z		5A196_190726_812019_19	5A196	190726	812019	19						floral	5A196	190726	812019		
357	heather_maxfield190806.txt	2019-08-02T13:57:32Z		4B173_190724_812019_20	4B173	190724	812019	20						floral	4B173	190724	812019		
358	heather_maxfield190806.txt	2019-08-02T14:29:18Z		4C115_190724_812019_21	4C115	190724	812019	21						floral	4C115	190724	812019		
359	heather_maxfield190806.txt	2019-08-02T14:59:42Z		Air_LS_190724_812019_22	Air	LS	190724	812019	22					ambient	AirLS	190724	812019		
360	heather_maxfield190806.txt	2019-08-02T15:30:32Z		4A89_190724_812019_23	4A89	190724	812019	23						floral	4A89	190724	812019		
361	heather_maxfield190806.txt	2019-08-02T16:01:32Z		4C643_190724_812019_24	4C643	190724	812019	24						floral	4C643	190724	812019		
363	heather_maxfield190806.txt	2019-08-02T18:20:52Z		5C151_190724_822019_02	5C151	190724	822019	02						floral	5C151	190724	822019		
364	heather_maxfield190806.txt	2019-08-02T18:52:25Z		3C149_190724_822019_03	3C149	190724	822019	03						floral	3C149	190724	822019		
365	heather_maxfield190806.txt	2019-08-02T19:24:18Z		6B23_190724_822019_04	6B23	190724	822019	04						floral	6B23	190724	822019		
366	heather_maxfield190806.txt	2019-08-02T19:56:31Z		3C167_190722_822019_05	3C167	190722	822019	05						floral	3C167	190722	822019		
367	heather_maxfield190806.txt	2019-08-02T20:29:06Z		5D246_190724_822019_06	5D246	190724	822019	06						floral	5D246	190724	822019		
368	heather_maxfield190806.txt	2019-08-02T21:01:50Z		5B17_190726_822019_07	5B17	190726	822019	07						floral	5B17	190726	822019		
369	heather_maxfield190806.txt	2019-08-02T21:34:46Z		AIR_190729_822019_08	AIR	190729	822019	08						ambient	AIR	190729	822019		
370			skip-notrun	5A193_190726_822019_09	5A193	190726	822019	09											
371	heather_maxfield190806.txt	2019-08-02T22:07:10Z	skip-rename	3C140_190726_822019_10	3C140	190726	822019	10						floral	3C140	190726	822019		
372	heather_maxfield190806.txt	2019-08-02T22:40:32Z	skip-rename	5A174_190724_822019_11	5A174	190724	822019	11						floral	5A174	190724	822019		
373	heather_maxfield190806.txt	2019-08-02T23:12:32Z	skip-rename	5A179_190724_822019_12	5A179	190724	822019	12						floral	5A179	190724	822019		
374	heather_maxfield190806.txt	2019-08-02T23:45:36Z	skip-rename	6D39_190724_822019_13	6D39	190724	822019	13						floral	6D39	190724	822019		
375	heather_maxfield190806.txt	2019-08-03T00:19:03Z	skip-rename	6C122_190724_822019_14	6C122	190724	822019	14						floral	6C122	190724	822019		
376	heather_maxfield190806.txt	2019-08-03T00:52:33Z	skip-rename	5B3_190724_822019_15	5B3	190724	822019	15						floral	5B3	190724	822019		
377	heather_maxfield190806.txt	2019-08-03T01:25:38Z	skip-rename	5B19_190724_822019_16	5B19	190724	822019	16						floral	5B19	190724	822019		
378	heather_maxfield190806.txt	2019-08-03T01:58:29Z	skip-rename	3B686_190724_822019_17	3B686	190724	822019	17						floral	3B686	190724	822019		
379	heather_maxfield190806.txt	2019-08-03T02:30:45Z	skip-rename	3C161__190726_822019_18	3C161	190726	822019	18						floral	3C161	190726	822019		
380	heather_maxfield190806.txt	2019-08-03T03:02:54Z	skip-rename	Air1_190726_822019_19	Air1	190726	822019	19						ambient	Air1	190726	822019		
381	heather_maxfield190806.txt	2019-08-03T03:35:39Z	skip-unknown	Air1_190726_822019_19	Air1	190726	822019	19											
383			skip-notrun	Air_190729_822019_02	Air	190729	822019	02											
384	heather_maxfield190806.txt	2019-08-03T04:52:10Z	skip-rename	3C131_190726_822019_03	3C131	190726	822019	03						floral	3C131	190726	822019		
385	heather_maxfield190806.txt	2019-08-03T05:23:44Z	skip-rename	1B657_190726_822019_04	1B657	190726	822019	04						floral	1B657	190726	822019		
386	heather_maxfield190806.txt	2019-08-03T05:55:02Z	skip-rename	2D209_190726_822019_05	2D209	190726	822019	05						floral	2D209	190726	822019		
387	heather_maxfield190806.txt	2019-08-03T06:26:30Z	skip-rename	2D212B_190726_822019_06	2D212B	190726	822019	06						floral	2D212B	190726	822019		
388	heather_maxfield190806.txt	2019-08-03T06:57:57Z	skip-rename	2C202_190726_822019_07	2C202	190726	822019	07						floral	2C202	190726	822019		
389	heather_maxfield190806.txt	2019-08-03T07:29:16Z	skip-rename	2D212A_190726_822019_08	2D212A	190726	822019	08						floral	2D212A	190726	822019		
390	heather_maxfield190806.txt	2019-08-03T08:00:21Z	skip-rename	2D205_190726_822019_09	2D205	190726	822019	09						floral	2D205	190726	822019		
391	heather_maxfield190806.txt	2019-08-03T08:31:38Z	skip-rename	2D256_190726_822019_10	2D256	190726	822019	10						floral	2D256	190726	822019		
392	heather_maxfield190806.txt	2019-08-03T09:03:27Z	skip-rename	2C300_190726_822019_11	2C300	190726	822019	11						floral	2C300	190726	822019		
393	heather_maxfield190806.txt	2019-08-03T09:33:53Z	skip-rename	3C146_190726_822019_12	3C146	190726	822019	12						floral	3C146	190726	822019		
394	heather_maxfield190806.txt	2019-08-03T10:05:02Z	skip-rename	3C142_190726_822019_13	3C142	190726	822019	13						floral	3C142	190726	822019		
401		2019-08-05T18:28:35Z	good	Air_190729_Maxfield_852019_07	Air	190729	Maxfield	852019	07						Air	190729	852019		
403	heather_maxfield190813_new001.txt	2019-08-12T05:46:39Z		4D46_190805_8112019_02	4D46	190805	8112019	02						floral	4D46	190805	8112019		
404	heather_maxfield190813_new001.txt	2019-08-12T06:17:37Z		4A168_190805_8112019_03	4A168	190805	8112019	03						floral	4A168	190805	8112019		
405	heather_maxfield190813_new001.txt	2019-08-12T06:48:37Z		6B36_190805_8112019_04	6B36	190805	8112019	04						floral	6B36	190805	8112019		
406	heather_maxfield190813_new001.txt	2019-08-12T07:19:37Z		6B2_190805_8112019_05	6B2	190805	8112019	05						floral	6B2	190805	8112019		
407	heather_maxfield190813_new001.txt	2019-08-12T07:50:36Z		6B7_190805_8112019_06	6B7	190805	8112019	06						floral	6B7	190805	8112019		
408	heather_maxfield190813_new001.txt	2019-08-12T08:21:46Z		6D79_190805_8112019_07	6D79	190805	8112019	07						floral	6D79	190805	8112019		
409	heather_maxfield190813_new001.txt	2019-08-12T08:52:45Z		4A124_190805_8112019_08	4A124	190805	8112019	08						floral	4A124	190805	8112019		
410	heather_maxfield190813_new001.txt	2019-08-12T09:23:49Z		5A202_190805_8112019_09	5A202	190805	8112019	09						floral	5A202	190805	8112019		
411	heather_maxfield190813_new.txt	2019-08-12T09:55:06Z		2D256_190805_8112019_10	2D256	190805	8112019	10						floral	2D256	190805	8112019		
411	heather_maxfield190813_new001.txt	2019-08-12T09:55:06Z		2D256_190805_8112019_10	2D256	190805	8112019	10						floral	2D256	190805	8112019		
412	heather_maxfield190813_new.txt	2019-08-12T10:27:11Z		2B130_190805_8112019_11	2B130	190805	8112019	11						floral	2B130	190805	8112019		
412	heather_maxfield190813_new001.txt	2019-08-12T10:27:11Z		2B130_190805_8112019_11	2B130	190805	8112019	11						floral	2B130	190805	8112019		
413	heather_maxfield190813_new001.txt	2019-08-12T10:57:38Z		1C72_190805_8112019_12	1C72	190805	8112019	12						floral	1C72	190805	8112019		
414	heather_maxfield190813_new001.txt	2019-08-12T11:28:47Z		1B684_190805_8112019_13	1B684	190805	8112019	13						floral	1B684	190805	8112019		
415	heather_maxfield190813_new001.txt	2019-08-12T12:00:06Z		1A259_190805_8112019_14	1A259	190805	8112019	14						floral	1A259	190805	8112019		
416	heather_maxfield190813_new.txt	2019-08-12T12:31:13Z		2C300_190805_8112019_15	2C300	190805	8112019	15						floral	2C300	190805	8112019		
416	heather_maxfield190813_new001.txt	2019-08-12T12:31:13Z		2C300_190805_8112019_15	2C300	190805	8112019	15						floral	2C300	190805	8112019		
417	heather_maxfield190813_new.txt	2019-08-12T13:02:15Z		2C298_190805_8112019_16	2C298	190805	8112019	16						floral	2C298	190805	8112019		
417	heather_maxfield190813_new001.txt	2019-08-12T13:02:15Z		2C298_190805_8112019_16	2C298	190805	8112019	16						floral	2C298	190805	8112019		
419	heather_maxfield190813_new.txt	2019-08-12T14:04:32Z		2C277_190805_8112019_18	2C277	190805	8112019	18						floral	2C277	190805	8112019		
419	heather_maxfield190813_new001.txt	2019-08-12T14:04:32Z		2C277_190805_8112019_18	2C277	190805	8112019	18						floral	2C277	190805	8112019		
420	heather_maxfield190813_new.txt	2019-08-12T14:35:38Z		2D225_190805_8112019_19	2D225	190805	8112019	19						floral	2D225	190805	8112019		
420	heather_maxfield190813_new001.txt	2019-08-12T14:35:38Z		2D225_190805_8112019_19	2D225	190805	8112019	19						floral	2D225	190805	8112019		
421	heather_maxfield190813_new001.txt	2019-08-12T15:06:58Z		5A200_190805_8112019_20	5A200	190805	8112019	20						floral	5A200	190805	8112019		
422	heather_maxfield190813_new001.txt	2019-08-12T15:39:22Z		4D54_190805_8112019_21	4D54	190805	8112019	21						floral	4D54	190805	8112019		
423	heather_maxfield190813_new001.txt	2019-08-12T16:09:50Z		5B30_190805_8112019_22	5B30	190805	8112019	22						floral	5B30	190805	8112019		
424	heather_maxfield190813_new001.txt	2019-08-12T16:41:09Z		5B6_190805_8112019_23	5B6	190805	8112019	23						floral	5B6	190805	8112019		
428	heather_maxfield190813_new001.txt	2019-08-13T07:55:25Z		5D288_190805_8132019_02	5D288	190805	8132019	02						floral	5D288	190805	8132019		
429	heather_maxfield190813_new001.txt	2019-08-13T08:26:28Z		Air_190805_8132019_03	Air	190805	8132019	03						ambient	Air	190805	8132019		
430	heather_maxfield190813_new001.txt	2019-08-13T08:57:36Z		5D272_190805_8132019_04	5D272	190805	8132019	04						floral	5D272	190805	8132019		
431	heather_maxfield190813_new001.txt	2019-08-13T09:28:38Z		2D288_190805_8132019_05	2D288	190805	8132019	05						floral	2D288	190805	8132019		
432	heather_maxfield190813_new001.txt	2019-08-13T09:59:51Z		5D286_190805_8132019_06	5D286	190805	8132019	06						floral	5D286	190805	8132019		
433	heather_maxfield190813_new001.txt	2019-08-13T10:31:03Z		5D282_190805_8132019_07	5D282	190805	8132019	07						floral	5D282	190805	8132019		
455	maxfield210705.txt	2021-07-05T17:21:54Z		3B838_200729_752021_02	3B838	200729	752021	02						floral	3B838	200729	752021		
456	maxfield210705.txt	2021-07-05T17:53:34Z		3A641_200729_752021_03	3A641	200729	752021	03						floral	3A641	200729	752021		
457	maxfield210705.txt	2021-07-05T18:25:49Z		3B618_200729_752021_04	3B618	200729	752021	04						floral	3B618	200729	752021		
458	maxfield210705.txt	2021-07-05T18:58:47Z		3B828_200729_752021_05	3B828	200729	752021	05						floral	3B828	200729	752021		
459	maxfield210705.txt	2021-07-05T19:31:41Z		3D881_200729_752021_06	3D881	200729	752021	06						floral	3D881	200729	752021		
460	maxfield210705.txt	2021-07-05T20:04:21Z		3D895_200729_752021_07	3D895	200729	752021	07						floral	3D895	200729	752021		
461	maxfield210705.txt	2021-07-05T20:36:25Z		5A180_200729_752021_08	5A180	200729	752021	08						floral	5A180	200729	752021		
462	maxfield210705.txt	2021-07-05T21:08:31Z		6A145_200729_752021_09	6A145	200729	752021	09						floral	6A145	200729	752021	9	
464	maxfield210705b.txt	2021-07-05T22:39:27Z		1A231_200701_752021_02	1A231	200701	752021	02						floral	1A231	200701	752021		
465	maxfield210705b.txt	2021-07-05T23:12:05Z		1A244_200701_752021_03	1A244	200701	752021	03						floral	1A244	200701	752021		
466	maxfield210705b.txt	2021-07-05T23:44:56Z		1A250_200701_752021_04	1A250	200701	752021	04						floral	1A250	200701	752021		
467	maxfield210705b.txt	2021-07-06T00:17:35Z		1C64_200701_752021_05	1C64	200701	752021	05						floral	1C64	200701	752021		
468	maxfield210705b.txt	2021-07-06T00:50:18Z		1D24_200701_752021_06	1D24	200701	752021	06						floral	1D24	200701	752021		
469	maxfield210705b.txt	2021-07-06T01:23:00Z		3C174_200701_752021_07	3C174	200701	752021	07						floral	3C174	200701	752021		
470	maxfield210705b.txt	2021-07-06T01:55:28Z		3D886_200701_752021_08	3D886	200701	752021	08						floral	3D886	200701	752021		
471	maxfield210705b.txt	2021-07-06T02:27:47Z		4A114_200701_752021_09	4A114	200701	752021	09						floral	4A114	200701	752021		
472	maxfield210705b.txt	2021-07-06T02:59:40Z		4B576_200701_752021_10	4B576	200701	752021	10						floral	4B576	200701	752021		
498	maxfield210706b.txt	2021-07-07T02:31:30Z		4D47_200701_762021_02	4D47	200701	762021	02						floral	4D47	200701	762021		
499	maxfield210706b.txt	2021-07-07T03:03:28Z		6C93_200701_762021_03	6C93	200701	762021	03						floral	6C93	200701	762021		
500	maxfield210706b.txt	2021-07-07T03:36:21Z		1C60_200715_762021_04	1C60	200715	762021	04						floral	1C60	200715	762021		
501	maxfield210706b.txt	2021-07-07T04:08:56Z		1C46_200715_762021_05	1C46	200715	762021	05						floral	1C46	200715	762021		
502	maxfield210706b.txt	2021-07-07T04:41:12Z		1D37_200715_762021_06	1D37	200715	762021	06						floral	1D37	200715	762021		
503	maxfield210706b.txt	2021-07-07T05:13:21Z		1D33_200715_762021_07	1D33	200715	762021	07						floral	1D33	200715	762021		
505	maxfield210706b.txt	2021-07-07T06:16:56Z		1D9_200715_762021_09	1D9	200715	762021	09						floral	1D9	200715	762021		
506	maxfield210706b.txt	2021-07-07T06:48:19Z		1D17_200715_762021_10	1D17	200715	762021	10						floral	1D17	200715	762021		
507	maxfield210706b.txt	2021-07-07T07:20:41Z		1D12_200715_762021_11	1D12	200715	762021	11						floral	1D12	200715	762021		
508	maxfield210706b.txt	2021-07-07T07:51:07Z		1D24_200715_762021_12	1D24	200715	762021	12						floral	1D24	200715	762021		
509	maxfield210706b.txt	2021-07-07T08:22:08Z		4A68_200715_762021_13	4A68	200715	762021	13						floral	4A68	200715	762021		
510	maxfield210706b.txt	2021-07-07T08:52:56Z		4A109_200715_762021_14	4A109	200715	762021	14						floral	4A109	200715	762021		
511	maxfield210706b.txt	2021-07-07T09:23:49Z		4A110_200715_762021_15	4A110	200715	762021	15						floral	4A110	200715	762021		
512	maxfield210706b.txt	2021-07-07T09:54:38Z		4A121_200715_762021_16	4A121	200715	762021	16						floral	4A121	200715	762021		
513	maxfield210706b.txt	2021-07-07T10:25:24Z		4A115_200715_762021_17	4A115	200715	762021	17						floral	4A115	200715	762021		
514	maxfield210706b.txt	2021-07-07T10:55:57Z		4A91_200715_762021_18	4A91	200715	762021	18						floral	4A91	200715	762021		
515	maxfield210706b.txt	2021-07-07T11:26:32Z		6D46_200708_762021_19	6D46	200708	762021	19						floral	6D46	200708	762021		
516	maxfield210706b.txt	2021-07-07T11:57:07Z		6D68_200708_762021_20	6D68	200708	762021	20						floral	6D68	200708	762021		
517	maxfield210706b.txt	2021-07-07T12:28:27Z		6D71_200708_762021_21	6D71	200708	762021	21						floral	6D71	200708	762021		
518	maxfield210706b.txt	2021-07-07T12:58:53Z		3A638_200708_762021_22	3A638	200708	762021	22						floral	3A638	200708	762021		
519	maxfield210706b.txt	2021-07-07T13:29:24Z		3D892_200708_762021_23	3D892	200708	762021	23						floral	3D892	200708	762021		
520	maxfield210706b.txt	2021-07-07T13:59:50Z		3B851_200708_762021_24	3B851	200708	762021	24						floral	3B851	200708	762021		
521	maxfield210706b.txt	2021-07-07T14:30:27Z		3D875_200708_762021_25	3D875	200708	762021	25						floral	3D875	200708	762021		
533	maxfield210707.txt	2021-07-08T01:43:00Z		5A196_200708_772021_02	5A196	200708	772021	02						floral	5A196	200708	772021		
534	maxfield210707.txt	2021-07-08T02:15:59Z		5A185_200708_772021_03	5A185	200708	772021	03						floral	5A185	200708	772021		
535	maxfield210707.txt	2021-07-08T02:48:52Z		5D274_200708_772021_04	5D274	200708	772021	04						floral	5D274	200708	772021		
536	maxfield210707.txt	2021-07-08T03:21:32Z		6C99_200715_772021_05	6C99	200715	772021	05						floral	6C99	200715	772021		
537	maxfield210707.txt	2021-07-08T03:54:43Z		6C96_200715_772021_06	6C96	200715	772021	06						floral	6C96	200715	772021		
538	maxfield210707.txt	2021-07-08T04:27:22Z		6A169_200715_772021_07	6A169	200715	772021	07						floral	6A169	200715	772021		
539	maxfield210707.txt	2021-07-08T04:59:35Z		6B243_200715_772021_08	6B243	200715	772021	08						floral	6B243	200715	772021		
540	maxfield210707.txt	2021-07-08T05:31:30Z		6B21_200715_772021_09	6B21	200715	772021	09						floral	6B21	200715	772021		
541	maxfield210707.txt	2021-07-08T06:03:12Z		6B120_200715_772021_10	6B120	200715	772021	10						floral	6B120	200715	772021		
542	maxfield210707.txt	2021-07-08T06:35:35Z		6A136_200715_772021_11	6A136	200715	772021	11						floral	6A136	200715	772021		
543	maxfield210707.txt	2021-07-08T07:06:03Z		6A685_200715_772021_12	6A685	200715	772021	12						floral	6A685	200715	772021		
544	maxfield210707.txt	2021-07-08T07:37:10Z		6A165_200715_772021_13	6A165	200715	772021	13						floral	6A165	200715	772021		
545	maxfield210707.txt	2021-07-08T08:08:10Z		6Bair_200715_772021_14	6Bair	200715	772021	14						ambient	6Bair	200715	772021		
546	maxfield210707.txt	2021-07-08T08:39:19Z		2B81_200708_772021_15	2B81	200708	772021	15						floral	2B81	200708	772021		
547	maxfield210707.txt	2021-07-08T09:10:15Z		2A674_200608_772021_16	2A674	200608	772021	16						floral	2A674	200608	772021		
548	maxfield210707.txt	2021-07-08T09:41:07Z		2D214_200608_772021_17	2D214	200608	772021	17						floral	2D214	200608	772021		
549	maxfield210707.txt	2021-07-08T10:11:51Z		2B145_200608_772021_18	2B145	200608	772021	18						floral	2B145	200608	772021		
550	maxfield210707.txt	2021-07-08T10:42:36Z		2D204_200608_772021_19	2D204	200608	772021	19						floral	2D204	200608	772021		
551	maxfield210707.txt	2021-07-08T11:13:15Z		2D187_200608_772021_20	2D187	200608	772021	20						floral	2D187	200608	772021		
553	maxfield210707.txt	2021-07-08T12:16:00Z		2C270_200608_772021_22	2C270	200608	772021	22						floral	2C270	200608	772021		
554	maxfield210707.txt	2021-07-08T12:46:25Z		2C277_200608_772021_23	2C277	200608	772021	23						floral	2C277	200608	772021		
555	maxfield210707.txt	2021-07-08T13:16:59Z		2A94_200608_772021_24	2A94	200608	772021	24						floral	2A94	200608	772021		
556	maxfield210707.txt	2021-07-08T13:47:40Z		2Aair_200608_772021_25	2Aair	200608	772021	25						ambient	2Aair	200608	772021		
557	maxfield210707.txt	2021-07-08T14:18:12Z		5A180_200715_772021_26	5A180	200715	772021	26						floral	5A180	200715	772021		
558	maxfield210707.txt	2021-07-08T14:48:47Z		5B20_200715_772021_27	5B20	200715	772021	27						floral	5B20	200715	772021		
559	maxfield210707.txt	2021-07-08T15:19:39Z		5B288_200715_772021_28	5B288	200715	772021	28						floral	5B288	200715	772021		
560	maxfield210707.txt	2021-07-08T15:50:40Z		5B5_200715_772021_29	5B5	200715	772021	29						floral	5B5	200715	772021		
561	maxfield210707.txt	2021-07-08T16:21:55Z		5C225_200715_772021_30	5C225	200715	772021	30						floral	5C225	200715	772021		
562	maxfield210707.txt	2021-07-08T16:53:16Z		5C202_200715_772021_31	5C202	200715	772021	31						floral	5C202	200715	772021		
563	maxfield210707.txt	2021-07-08T17:25:41Z		5D269_200715_772021_32	5D269	200715	772021	32						floral	5D269	200715	772021		
564	maxfield210707.txt	2021-07-08T17:56:40Z		5D242_200715_772021_33	5D242	200715	772021	33						floral	5D242	200715	772021		
565	maxfield210707.txt	2021-07-08T18:29:05Z		5air_200715_772021_34	5air	200715	772021	34						ambient	5air	200715	772021		
566	maxfield210707.txt	2021-07-08T19:01:02Z		1A257_200701_772021_35	1A257	200701	772021	35						floral	1A257	200701	772021		
567	maxfield210707.txt	2021-07-08T19:34:14Z		2A589_200701_772021_36	2A589	200701	772021	36						floral	2A589	200701	772021		
569	maxfield210708.txt	2021-07-08T22:30:13Z		1C949_210708_782021_02	1C949	210708	782021	02						floral	1C949	210708	782021		
570	maxfield210708.txt	2021-07-08T23:03:35Z		1C901_210708_782021_03	1C901	210708	782021	03						floral	1C901	210708	782021		
571	maxfield210708.txt	2021-07-08T23:37:08Z		1C948_210708_782021_04	1C948	210708	782021	04						floral	1C948	210708	782021		
572	maxfield210708.txt	2021-07-09T00:11:01Z		1C57_210708_782021_05	1C57	210708	782021	05						floral	1C57	210708	782021		
573	maxfield210708.txt	2021-07-09T00:44:54Z		1B677_210708_782021_06	1B677	210708	782021	06						floral	1B677	210708	782021		
574	maxfield210708.txt	2021-07-09T01:19:11Z		1C951_210708_782021_07	1C951	210708	782021	07						floral	1C951	210708	782021		
575	maxfield210708.txt	2021-07-09T01:53:21Z		1B666_210708_782021_08	1B666	210708	782021	08						floral	1B666	210708	782021		
576	maxfield210708.txt	2021-07-09T02:26:42Z		2A903_210708_782021_09	2A903	210708	782021	09						floral	2A903	210708	782021		
577	maxfield210708.txt	2021-07-09T03:00:01Z		2B905_210708_782021_10	2B905	210708	782021	10						floral	2B905	210708	782021	10	
578	maxfield210708.txt	2021-07-09T03:33:21Z		3B623_210708_782021_11	3B623	210708	782021	11						floral	3B623	210708	782021		
579	maxfield210708.txt	2021-07-09T04:04:40Z		3B952_210708_782021_12	3B952	210708	782021	12						floral	3B952	210708	782021		
580	maxfield210708.txt	2021-07-09T04:37:13Z		3B624_210708_782021_13	3B624	210708	782021	13						floral	3B624	210708	782021		
581	maxfield210708.txt	2021-07-09T05:09:29Z		air_210708_782021_14	air	210708	782021	14						ambient	air	210708	782021		
582	maxfield210708.txt	2021-07-09T05:41:31Z		3D858_210708_782021_15	3D858	210708	782021	15						floral	3D858	210708	782021		
583	maxfield210708.txt	2021-07-09T06:13:22Z		3D255_210708_782021_16	3D255	210708	782021	16						floral	3D255	210708	782021		
584	maxfield210708.txt	2021-07-09T06:45:05Z		3D906_210708_782021_17	3D906	210708	782021	17						floral	3D906	210708	782021		
585	maxfield210708.txt	2021-07-09T07:16:26Z		2B93_210708_782021_18	2B93	210708	782021	18						floral	2B93	210708	782021		
586	maxfield210708.txt	2021-07-09T07:47:33Z		2B905_210708_782021_19	2B905	210708	782021	19						floral	2B905	210708	782021	19	
587	maxfield210708.txt	2021-07-09T08:18:49Z		3D887_210708_782021_20	3D887	210708	782021	20						floral	3D887	210708	782021		
589	maxfield210708.txt	2021-07-09T09:22:02Z		1C53_210708_782021_22	1C53	210708	782021	22						floral	1C53	210708	782021		
590	maxfield210708.txt	2021-07-09T09:52:28Z		1B950_210708_782021_23	1B950	210708	782021	23						floral	1B950	210708	782021		
591	maxfield210708.txt	2021-07-09T10:23:28Z		2A902_210708_782021_24	2A902	210708	782021	24						floral	2A902	210708	782021		
592	maxfield210708.txt	2021-07-09T10:54:15Z		blanklabel_210708_782021_25	blanklabel	210708	782021	25											
593	maxfield210708.txt	2021-07-09T11:25:09Z		1A255_200708_782021_26	1A255	200708	782021	26						floral	1A255	200708	782021		
594	maxfield210708.txt	2021-07-09T11:55:50Z		1A246_200708_782021_27	1A246	200708	782021	27						floral	1A246	200708	782021		
595	maxfield210708.txt	2021-07-09T12:26:30Z		1A235_200708_782021_28	1A235	200708	782021	28						floral	1A235	200708	782021		
596	maxfield210708.txt	2021-07-09T12:57:10Z		1A133_200708_782021_29	1A133	200708	782021	29						floral	1A133	200708	782021		
597	maxfield210708.txt	2021-07-09T13:27:50Z		1A230_200708_782021_30	1A230	200708	782021	30						floral	1A230	200708	782021		
598	maxfield210708.txt	2021-07-09T13:58:28Z		1A243_200708_782021_31	1A243	200708	782021	31						floral	1A243	200708	782021		
599	maxfield210708.txt	2021-07-09T14:29:55Z		1B649_200708_782021_32	1B649	200708	782021	32						floral	1B649	200708	782021		
600	maxfield210708.txt	2021-07-09T15:00:23Z		1C64_100708_782021_33	1C64	100708	782021	33						floral	1C64	200708	782021		
601	maxfield210708.txt	2021-07-09T15:31:04Z		1C63_200708_782021_34	1C63	200708	782021	34						floral	1C63	200708	782021		
605	maxfield210709.txt	2021-07-09T19:32:27Z		5Dair_15_210709_792021_02	5Dair	15	210709	792021	02					ambient	5Dair	210709	792021		
606	maxfield210709.txt	2021-07-09T20:04:47Z		5Bair_25_210709_792021_03	5Bair	25	210709	792021	03					ambient	5Bair	210709	792021		
607	maxfield210709.txt	2021-07-09T20:37:57Z		5B908_27_210709_792021_04	5B908	27	210709	792021	04					floral	5B908	210709	792021		
608	maxfield210709.txt	2021-07-09T21:11:39Z		5D910_17_210709_792021_05	5D910	17	210709	792021	05					floral	5D910	210709	792021		
609	maxfield210709.txt	2021-07-09T21:45:38Z		5B907_24_210709_792021_06	5B907	24	210709	792021	06					floral	5B907	210709	792021		
610	maxfield210709.txt	2021-07-09T22:19:40Z		6C913_03_210709_792021_07	6C913	03	210709	792021	07					floral	6C913	210709	792021		
611	maxfield210709.txt	2021-07-09T22:53:30Z		6A131_20_210709_792021_08	6A131	20	210709	792021	08					floral	6A131	210709	792021		
612	maxfield210709.txt	2021-07-09T23:27:41Z		4C190_26_210709_792021_09	4C190	26	210709	792021	09					floral	4C190	210709	792021		
613	maxfield210709.txt	2021-07-10T00:02:02Z		4C120_22_210709_792021_10	4C120	22	210709	792021	10					floral	4C120	210709	792021		
614	maxfield210709.txt	2021-07-10T00:37:33Z		4B173_35_210709_792021_11	4B173	35	210709	792021	11					floral	4B173	210709	792021		
615	maxfield210709.txt	2021-07-10T01:10:59Z		4B954_37_210709_792021_12	4B954	37	210709	792021	12					floral	4B954	210709	792021		
616	maxfield210709.txt	2021-07-10T01:45:55Z		6Cair_07_210709_792021_13	6Cair	07	210709	792021	13					ambient	6Cair	210709	792021		
617	maxfield210709.txt	2021-07-10T02:20:41Z		4C627_14_210709_792021_14	4C627	14	210709	792021	14					floral	4C627	210709	792021		
618	maxfield210709.txt	2021-07-10T02:54:20Z		4C106_10_210709_792021_15	4C106	10	210709	792021	15					floral	4C106	210709	792021		
619	maxfield210709.txt	2021-07-10T03:27:18Z		4C108_18_210709_792021_16	4C108	18	210709	792021	16					floral	4C108	210709	792021		
620	maxfield210709.txt	2021-07-10T03:59:40Z		6C95_01_210709_792021_17	6C95	01	210709	792021	17					floral	6C95	210709	792021		
621	maxfield210709.txt	2021-07-10T04:32:29Z		6C81_05_210709_792021_18	6C81	05	210709	792021	18					floral	6C81	210709	792021		
622	maxfield210709.txt	2021-07-10T05:04:48Z		4B168_12_210709_792021_19	4B168	12	210709	792021	19					floral	4B168	210709	792021		
623	maxfield210709.txt	2021-07-10T05:36:53Z		4B953_02_210709_792021_20	4B953	02	210709	792021	20					floral	4B953	210709	792021		
625	maxfield210709.txt	2021-07-10T06:41:10Z		trapblank_9_210709_792021_22	trapblank	9	210709	792021	22										
626	maxfield210709.txt	2021-07-10T07:11:57Z		4C957_21_210709_792021_23	4C957	21	210709	792021	23					floral	4C957	210709	792021		
627	maxfield210709.txt	2021-07-10T07:43:25Z		4B204_16_210709_792021_24	4B204	16	210709	792021	24					floral	4B204	210709	792021		
628			skip-notrun	4B203_13_210709_792021_25	4B203	13	210709	792021	25										
629	maxfield210709.txt	2021-07-10T08:14:50Z	skip-rename	4B956_34_210709_792021_26	4B956	34	210709	792021	26					floral	4B956	210709	792021		
630	maxfield210709.txt	2021-07-10T08:45:58Z	skip-rename	4B955_29_210709_792021_27	4B955	29	210709	792021	27					floral	4B955	210709	792021		
631	maxfield210709.txt	2021-07-10T09:17:11Z	skip-rename	4B190_30_210709_792021_28	4B190	30	210709	792021	28					floral	4B190	210709	792021		
632	maxfield210709.txt	2021-07-10T09:32:29Z	mismatch	4B190_30_210709_792021_28	4B190	30	210709	792021	28										
633	maxfield210709.txt	2021-07-10T10:19:12Z	skip-rename	4B171_32_210709_792021_30	4B171	32	210709	792021	30					floral	4B171	210709	792021		
634	maxfield210709.txt	2021-07-10T10:50:08Z	skip-rename	1D12_200722_792021_31	1D12	200722	792021	31						floral	1D12	200722	792021		
635	maxfield210709.txt	2021-07-10T11:21:59Z	skip-rename	1D9_200722_792021_32	1D9	200722	792021	32						floral	1D9	200722	792021		
636	maxfield210709.txt	2021-07-10T11:52:25Z	skip-rename	1D33_200722_792021_33	1D33	200722	792021	33						floral	1D33	200722	792021		
637	maxfield210709.txt	2021-07-10T12:22:54Z	skip-rename	1D31_200722_792021_34	1D31	200722	792021	34						floral	1D31	200722	792021		
638	maxfield210709.txt	2021-07-10T12:53:28Z	skip-rename	1C60_200722_792021_35	1C60	200722	792021	35						floral	1C60	200722	792021		
639	maxfield210709.txt	2021-07-10T13:24:07Z	skip-rename	1C63_200722_792021_36	1C63	200722	792021	36						floral	1C63	200722	792021		
641	maxfield210711.txt	2021-07-11T18:38:47Z		1A251_200722_7112021_02	1A251	200722	7112021	02						floral	1A251	200722	7112021		
642	maxfield210711.txt	2021-07-11T19:10:18Z	leak-blank	1B650A_200722_7112021_03	1B650A	200722	7112021	03											
643	maxfield210711.txt	2021-07-11T19:41:50Z		1B653_200722_7112021_04	1B653	200722	7112021	04						floral	1B653	200722	7112021		
644	maxfield210711.txt	2021-07-11T20:13:52Z		1B656_200722_7112021_05	1B656	200722	7112021	05						floral	1B656	200722	7112021		
645	maxfield210711.txt	2021-07-11T20:46:25Z		1B672_200722_7112021_06	1B672	200722	7112021	06						floral	1B672	200722	7112021		
646	maxfield210711.txt	2021-07-11T21:19:17Z		1B650B_200722_7112021_07	1B650B	200722	7112021	07						floral	1B650B	200722	7112021		
647	maxfield210711.txt	2021-07-11T21:51:33Z	leak-blank	3A636_200722_7112021_08	3A636	200722	7112021	08											
648	maxfield210711.txt	2021-07-11T22:23:49Z		3A273_200722_7112021_09	3A273	200722	7112021	09						floral	3A273	200722	7112021		
649	maxfield210711.txt	2021-07-11T22:55:47Z		3Aair_200722_7112021_10	3Aair	200722	7112021	10						ambient	3Aair	200722	7112021		
650	maxfield210711.txt	2021-07-11T23:29:15Z		2C270_200722_7112021_11	2C270	200722	7112021	11						floral	2C270	200722	7112021		
651	maxfield210711.txt	2021-07-12T00:01:13Z		2C277_200722_7112021_12	2C277	200722	7112021	12						floral	2C277	200722	7112021		
652	maxfield210711.txt	2021-07-12T00:34:08Z		2C274_200722_7112021_13	2C274	200722	7112021	13						floral	2C274	200722	7112021		
653	maxfield210711.txt	2021-07-12T01:07:12Z		2C289_200722_7112021_14	2C289	200722	7112021	14						floral	2C289	200722	7112021		
654	maxfield210711.txt	2021-07-12T01:40:08Z		2C262_200722_7112021_15	2C262	200722	7112021	15						floral	2C262	200722	7112021		
655	maxfield210711.txt	2021-07-12T02:12:37Z		2C297_200722_7112021_16	2C297	200722	7112021	16						floral	2C297	200722	7112021		
656	maxfield210711.txt	2021-07-12T02:44:44Z		2C293_200722_7112021_17	2C293	200722	7112021	17						floral	2C293	200722	7112021		
657	maxfield210711.txt	2021-07-12T03:17:29Z		2C292_200722_7112021_18	2C292	200722	7112021	18						floral	2C292	200722	7112021		
658	maxfield210711.txt	2021-07-12T03:49:53Z		2B185_200722_7112021_19	2B185	200722	7112021	19						floral	2B185	200722	7112021		
659	maxfield210711.txt	2021-07-12T04:21:52Z		2B188_200722_7112021_20	2B188	200722	7112021	20						floral	2B188	200722	7112021		
661	maxfield210711.txt	2021-07-12T05:25:41Z		2B189_200722_7112021_22	2B189	200722	7112021	22						floral	2B189	200722	7112021		
662	maxfield210711.txt	2021-07-12T05:56:07Z		2B186_200722_7112021_23	2B186	200722	7112021	23						floral	2B186	200722	7112021		
663	maxfield210711.txt	2021-07-12T06:27:12Z		2B183_200722_7112021_24	2B183	200722	7112021	24						floral	2B183	200722	7112021		
664	maxfield210711.txt	2021-07-12T06:58:10Z		4B203_13_210709_redo_7112021_25	4B203	13	210709	redo	7112021	25				floral	4B203	210709	7112021	redo	
665	maxfield210711.txt	2021-07-12T07:29:12Z		2B190_200722_7112021_26	2B190	200722	7112021	26						floral	2B190	200722	7112021		
666	maxfield210711.txt	2021-07-12T08:00:09Z		2B184_200722_7112021_27	2B184	200722	7112021	27						floral	2B184	200722	7112021		
667	maxfield210711.txt	2021-07-12T08:30:49Z		airST_200722_7112021_28	airST	200722	7112021	28						ambient	airST	200722	7112021		
668	maxfield210711.txt	2021-07-12T09:01:27Z		2B81_200722_7112021_29	2B81	200722	7112021	29						floral	2B81	200722	7112021		
669	maxfield210711.txt	2021-07-12T09:32:11Z		2B83_200722_7112021_30	2B83	200722	7112021	30						floral	2B83	200722	7112021		
670	maxfield210711.txt	2021-07-12T10:02:38Z		2B89_200722_7112021_31	2B89	200722	7112021	31						floral	2B89	200722	7112021		
671	maxfield210711.txt	2021-07-12T10:34:09Z		2B138_200722_7112021_32	2B138	200722	7112021	32						floral	2B138	200722	7112021		
672	maxfield210711.txt	2021-07-12T11:04:34Z		2D219_200722_7112021_33	2D219	200722	7112021	33						floral	2D219	200722	7112021		
673	maxfield210711.txt	2021-07-12T11:35:03Z		2D220_200722_7112021_34	2D220	200722	7112021	34						floral	2D220	200722	7112021		
674	maxfield210711.txt	2021-07-12T12:05:29Z		2D194_200722_7112021_35	2D194	200722	7112021	35						floral	2D194	200722	7112021		
675	maxfield210711.txt	2021-07-12T12:35:53Z		2D207_200722_7112021_36	2D207	200722	7112021	36						floral	2D207	200722	7112021		
677	maxfield210712.txt	2021-07-12T18:48:49Z		4A124_200729_7122021_02	4A124	200729	7122021	02						floral	4A124	200729	7122021		
678	maxfield210712.txt	2021-07-12T19:20:23Z		1B650A_200722_redo_7122021_03	1B650A	200722	redo	7122021	03					floral	1B650A	200722	7122021	redo	
679	maxfield210712.txt	2021-07-12T19:52:27Z		4A101_200729_7122021_04	4A101	200729	7122021	04						floral	4A101	200729	7122021		
680	maxfield210712.txt	2021-07-12T20:24:53Z		4A80_200729_7122021_05	4A80	200729	7122021	05						floral	4A80	200729	7122021		
681	maxfield210712.txt	2021-07-12T20:57:16Z		4A85_200729_7122021_06	4A85	200729	7122021	06						floral	4A85	200729	7122021		
682	maxfield210712.txt	2021-07-12T21:29:25Z		4A99_200729_7122021_07	4A99	200729	7122021	07						floral	4A99	200729	7122021		
683	maxfield210712.txt	2021-07-12T22:01:52Z		3A636_200722_redo_7122021_08	3A636	200722	redo	7122021	08					floral	3A636	200722	7122021	redo	
684	maxfield210712.txt	2021-07-12T22:34:41Z		4B594_200729_7122021_09	4B594	200729	7122021	09						floral	4B594	200729	7122021		
685	maxfield210712.txt	2021-07-12T23:07:47Z		4C213_200729_7122021_10	4C213	200729	7122021	10						floral	4C213	200729	7122021		
686	maxfield210712.txt	2021-07-12T23:42:15Z		4C187_200729_7122021_11	4C187	200729	7122021	11						floral	4C187	200729	7122021		
687	maxfield210712.txt	2021-07-13T00:15:06Z		4C120_200729_7122021_12	4C120	200729	7122021	12						floral	4C120	200729	7122021		
688	maxfield210712.txt	2021-07-13T00:48:36Z		4C195_200729_7122021_13	4C195	200729	7122021	13						floral	4C195	200729	7122021		
689	maxfield210712.txt	2021-07-13T01:22:36Z		airST_200729_7122021_14	airST	200729	7122021	14						ambient	airST	200729	7122021		
690	maxfield210712.txt	2021-07-13T01:55:48Z		4D37_200729_7122021_15	4D37	200729	7122021	15						floral	4D37	200729	7122021		
691	maxfield210712.txt	2021-07-13T02:28:15Z		5D247_200729_7122021_16	5D247	200729	7122021	16						floral	5D247	200729	7122021		
692	maxfield210712.txt	2021-07-13T03:00:19Z		6D46_200729_7122021_17	6D46	200729	7122021	17						floral	6D46	200729	7122021		
693	maxfield210712.txt	2021-07-13T03:33:08Z		6C96_200729_7122021_18	6C96	200729	7122021	18						floral	6C96	200729	7122021		
694	maxfield210712.txt	2021-07-13T04:05:31Z		6C111_200729_7122021_19	6C111	200729	7122021	19						floral	6C111	200729	7122021		
695	maxfield210712.txt	2021-07-13T04:37:33Z		6C116_200729_7122021_20	6C116	200729	7122021	20						floral	6C116	200729	7122021		
697	maxfield210712.txt	2021-07-13T05:41:45Z		6C121_200729_7122021_22	6C121	200729	7122021	22						floral	6C121	200729	7122021		
698	maxfield210712.txt	2021-07-13T06:12:13Z		6A145_200729_7122021_23	6A145	200729	7122021	23						floral	6A145	200729	7122021	23	
699	maxfield210712.txt	2021-07-13T06:43:30Z		6A136_200729_7122021_24	6A136	200729	7122021	24						floral	6A136	200729	7122021		
700	maxfield210712.txt	2021-07-13T07:14:50Z		6D59_200729_7122021_25	6D59	200729	7122021	25						floral	6D59	200729	7122021		
701	maxfield210712.txt	2021-07-13T07:46:02Z		6D64_200729_7122021_26	6D64	200729	7122021	26						floral	6D64	200729	7122021		
702	maxfield210712.txt	2021-07-13T08:17:14Z		6D48_200729_7122021_27	6D48	200729	7122021	27						floral	6D48	200729	7122021		
703	maxfield210712.txt	2021-07-13T08:48:18Z		5B289_200729_7122021_28	5B289	200729	7122021	28						floral	5B289	200729	7122021		
704	maxfield210712.txt	2021-07-13T09:19:21Z		5B299_200729_7122021_29	5B299	200729	7122021	29						floral	5B299	200729	7122021		
705	maxfield210712.txt	2021-07-13T09:50:21Z		5B296_200729_7122021_30	5B296	200729	7122021	30						floral	5B296	200729	7122021		
706	maxfield210712.txt	2021-07-13T10:21:18Z		5C217_200729_7122021_31	5C217	200729	7122021	31						floral	5C217	200729	7122021		
707	maxfield210712.txt	2021-07-13T10:52:54Z		5C683_200729_7122021_32	5C683	200729	7122021	32						floral	5C683	200729	7122021		
708	maxfield210712.txt	2021-07-13T11:23:23Z		5C207_200729_7122021_33	5C207	200729	7122021	33						floral	5C207	200729	7122021		
709	maxfield210712.txt	2021-07-13T11:54:07Z		5C208_200729_7122021_34	5C208	200729	7122021	34						floral	5C208	200729	7122021		
710	maxfield210712.txt	2021-07-13T12:24:51Z		5Bair_200729_7122021_35	5Bair	200729	7122021	35						ambient	5Bair	200729	7122021		
711	maxfield210712.txt	2021-07-13T12:55:27Z		tubeblank_7122021_36	tubeblank	7122021	36												
712		2021-07-14T00:01:10Z		Blank1_7132021_01	Blank1	7132021	01												
713		2021-07-14T00:19:31Z		Blank1_7132021_01	Blank1	7132021	01												
728		2021-07-14T05:09:40Z		2A285_200701_7132021_02	2A285	200701	7132021	02							2A285	200701	7132021		
729		2021-07-14T05:40:31Z		2B138_200701_7132021_03	2B138	200701	7132021	03							2B138	200701	7132021		
730		2021-07-14T06:11:25Z		3A125_200701_7132021_04	3A125	200701	7132021	04							3A125	200701	7132021		
731		2021-07-14T06:42:19Z		3A278_200701_7132021_05	3A278	200701	7132021	05							3A278	200701	7132021		
732		2021-07-14T07:13:09Z		3B603_200701_7132021_06	3B603	200701	7132021	06							3B603	200701	7132021		
733		2021-07-14T07:44:00Z		5B16_200701_7132021_07	5B16	200701	7132021	07							5B16	200701	7132021		
734		2021-07-14T08:14:45Z		5D242_200701_7132021_08	5D242	200701	7132021	08							5D242	200701	7132021		
735		2021-07-14T08:45:21Z		5A185_200701_7132021_09	5A185	200701	7132021	09							5A185	200701	7132021		
1041	Ihyb_Corydalis_210729.txt	2021-07-30T05:14:15Z		Maxfield_6_210726_7292021_02	Maxfield	6	210726	7292021	02							210726	7292021		6
1042	Ihyb_Corydalis_210729.txt	2021-07-30T05:45:52Z		Maxfield_8_210726_7292021_03	Maxfield	8	210726	7292021	03							210726	7292021		8
1043	Ihyb_Corydalis_210729.txt	2021-07-30T06:17:28Z		Maxfield_5_210726_7292021_04	Maxfield	5	210726	7292021	04							210726	7292021		5
1044	Ihyb_Corydalis_210729.txt	2021-07-30T06:49:09Z		Maxfield_10_210726_7292021_05	Maxfield	10	210726	7292021	05							210726	7292021		10
1045	Ihyb_Corydalis_210729.txt	2021-07-30T07:20:52Z		Maxfield_11_210726_7292021_06	Maxfield	11	210726	7292021	06							210726	7292021		11
1046	Ihyb_Corydalis_210729.txt	2021-07-30T07:52:33Z		Maxfield_15_210726_7292021_07	Maxfield	15	210726	7292021	07							210726	7292021		15
1047	Ihyb_Corydalis_210729.txt	2021-07-30T08:24:05Z		Maxfield_16_210726_7292021_08	Maxfield	16	210726	7292021	08							210726	7292021		16
1048	Ihyb_Corydalis_210729.txt	2021-07-30T08:55:40Z		Maxfield_17_210726_7292021_09	Maxfield	17	210726	7292021	09							210726	7292021		17
1049	Ihyb_Corydalis_210729.txt	2021-07-30T09:27:12Z		Maxfield_4_210726_7292021_10	Maxfield	4	210726	7292021	10							210726	7292021		4
1050	Ihyb_Corydalis_210729.txt	2021-07-30T09:59:38Z		Maxfield_13_210726_7292021_11	Maxfield	13	210726	7292021	11							210726	7292021		13
1051	Ihyb_Corydalis_210729.txt	2021-07-30T10:30:05Z		Maxfield_3_210726_7292021_12	Maxfield	3	210726	7292021	12							210726	7292021		3
1052	Ihyb_Corydalis_210729.txt	2021-07-30T11:01:25Z		Maxfield_2_210726_7292021_13	Maxfield	2	210726	7292021	13							210726	7292021		2
1053	Ihyb_Corydalis_210729.txt	2021-07-30T11:32:42Z		Maxfield_1_210726_7292021_14	Maxfield	1	210726	7292021	14							210726	7292021		1
1054	Ihyb_Corydalis_210729.txt	2021-07-30T12:03:55Z		Maxfield_7_210726_7292021_15	Maxfield	7	210726	7292021	15							210726	7292021		7
1055	Ihyb_Corydalis_210729.txt	2021-07-30T12:35:09Z		Maxfield_9_210726_7292021_16	Maxfield	9	210726	7292021	16							210726	7292021		9
1107	Maxfield_210802.txt	2021-08-02T15:06:49Z		Maxfield_6_210723_822021_02	Maxfield	6	210723	822021	02							210723	822021		6
1108	Maxfield_210802.txt	2021-08-02T15:37:34Z		Maxfield_7_210723_822021_03	Maxfield	7	210723	822021	03							210723	822021		7
1109	Maxfield_210802.txt	2021-08-02T16:08:12Z		Maxfield_8_210723_822021_04	Maxfield	8	210723	822021	04							210723	822021		8
1110	Maxfield_210802.txt	2021-08-02T16:39:09Z		Maxfield_9_210723_822021_05	Maxfield	9	210723	822021	05							210723	822021		9
1111	Maxfield_210802.txt	2021-08-02T17:10:06Z		Maxfield_10_210723_822021_06	Maxfield	10	210723	822021	06							210723	822021		10
1112	Maxfield_210802.txt	2021-08-02T17:41:08Z		Maxfield_11_210723_822021_07	Maxfield	11	210723	822021	07							210723	822021		11
1113	Maxfield_210802.txt	2021-08-02T18:12:12Z		Maxfield_12_210723_822021_08	Maxfield	12	210723	822021	08							210723	822021		12
1114	Maxfield_210802.txt	2021-08-02T18:43:29Z		Maxfield_13_210723_822021_09	Maxfield	13	210723	822021	09							210723	822021		13
1115	Maxfield_210802.txt	2021-08-02T19:14:43Z		Maxfield_14_210723_822021_10	Maxfield	14	210723	822021	10							210723	822021		14
1116	Maxfield_210802.txt	2021-08-02T19:46:51Z		Maxfield_15_210723_822021_11	Maxfield	15	210723	822021	11							210723	822021		15
1117	Maxfield_210802.txt	2021-08-02T20:17:23Z		Maxfield_16_210723_822021_12	Maxfield	16	210723	822021	12							210723	822021		16
1118	Maxfield_210802.txt	2021-08-02T20:48:53Z		Maxfield_17_210723_822021_13	Maxfield	17	210723	822021	13							210723	822021		17
1119	Maxfield_210802.txt	2021-08-02T21:20:11Z		Maxfield_18_210723_822021_14	Maxfield	18	210723	822021	14							210723	822021		18
1120	Maxfield_210802.txt	2021-08-02T21:51:51Z		Maxfield_19_210723_822021_15	Maxfield	19	210723	822021	15							210723	822021		19
1121	Maxfield_210802.txt	2021-08-02T22:23:22Z		Maxfield_1_210723_822021_16	Maxfield	1	210723	822021	16							210723	822021		1
1122	Maxfield_210802.txt	2021-08-02T22:54:58Z		Maxfield_2_210723_822021_17	Maxfield	2	210723	822021	17							210723	822021		2
1123	Maxfield_210802.txt	2021-08-02T23:26:41Z		Maxfield_3_210723_822021_18	Maxfield	3	210723	822021	18							210723	822021		3
1124	Maxfield_210802.txt	2021-08-02T23:58:18Z		Maxfield_4_210723_822021_19	Maxfield	4	210723	822021	19							210723	822021		4
1125	Maxfield_210802.txt	2021-08-03T00:30:04Z		Maxfield_5_210723_822021_20	Maxfield	5	210723	822021	20							210723	822021		5
1127	Maxfield_SC_210802b.txt	2021-08-03T06:03:17Z		Maxfield_25_210723_822021_02	Maxfield	25	210723	822021	02							210723	822021		25
1128	Maxfield_SC_210802b.txt	2021-08-03T06:34:11Z	leak-blank	Maxfield_27_210723_822021_03	Maxfield	27	210723	822021	03										
1129	Maxfield_SC_210802b.txt	2021-08-03T07:05:05Z		Maxfield_28_210723_822021_04	Maxfield	28	210723	822021	04							210723	822021		28
1130	Maxfield_SC_210802b.txt	2021-08-03T07:35:31Z		Maxfield_20_210723_822021_05	Maxfield	20	210723	822021	05							210723	822021		20
1131	Maxfield_SC_210802b.txt	2021-08-03T08:06:25Z		Maxfield_22_210723_822021_06	Maxfield	22	210723	822021	06							210723	822021		22
1132	Maxfield_SC_210802b.txt	2021-08-03T08:37:10Z		Maxfield_23_210723_822021_07	Maxfield	23	210723	822021	07							210723	822021		23
1133	Maxfield_SC_210802b.txt	2021-08-03T09:07:59Z		Maxfield_26_210723_822021_08	Maxfield	26	210723	822021	08							210723	822021		26
1134	Maxfield_SC_210802b.txt	2021-08-03T09:38:42Z		Maxfield_24_210723_822021_09	Maxfield	24	210723	822021	09							210723	822021		24
1135	Maxfield_SC_210802b.txt	2021-08-03T10:09:32Z		Maxfield_21_210723_822021_10	Maxfield	21	210723	822021	10							210723	822021		21
1148	Maxfield_SC_210803.txt	2021-08-03T23:38:23Z		Maxfield_27_210723_redo_832021_03	Maxfield	27	210723	redo	832021	03						210723	832021	redo	27
1546	heather_maxfield190806_loose.txt			2D200_June22_07262018_3C156	2D200	June22	07262018	3C156											
1547	heather_maxfield190806.txt		leak-blank	6D258_July3_07282018	6D258	July3	07282018												
1548	heather_maxfield190806.txt		leak-blank	6D258_2_July3_07292018	6D258	2	July3	07292018											
1549	heather_maxfield190806.txt		leak-blank	5A175_v2_July30_08022018	5A175	v2	July30	08022018											
1550	heather_maxfield190806.txt		mismatch	6C271_July16_08042018	6C271	July16	08042018												
1552	maxfield210709.txt		skip-rename	4Bair_33_210709_792021_29	4Bair	33	210709	792021	29										
