response,trait,term,use_env,estimate,std.error,statistic,p.value,standard,verdict,class,area_per_ng2018,area_per_ng2019,area_per_ng2021,freq.floral,mean.floral,max.floral,tests,analysis,en_alpha,step,lambda,dev.ratio,partial,conf_low,conf_high
eggs_per_flower,(E)-4-oxohex-2-enal,trait,FALSE,0.03541612921952798,0.053836873535446285,0.6578414921551851,0.5110890840861919,Hexenol,keep_leaf,Aliphatics,297190,117398,130775,0.9039301310043668,1.1644873182506652,22.174669849831137,,,,,,,,,
eggs_per_flower,(E)-4-oxohex-2-enal,trait:precip_est_mm,,,,,,,,,,,,,,,,,,,,,,,
eggs_per_flower,(E)-4-oxohex-2-enal,trait:sun_date,,,,,,,,,,,,,,,,,,,,,,,
eggs_per_flower,(Z)-α-bergamotene,trait,TRUE,-0.17872689620902021,0.4919744313228135,-0.36328492870749807,0.716622555588043,Caryophyllene,fvoc,Sesquiterpenes,200444,237272,243783,0.75764192139738,0.6240673488373436,5.700777429623835,,,,,,,,,
eggs_per_flower,(Z)-α-bergamotene,trait:precip_est_mm,TRUE,-0.002284637028268057,0.001000763112653812,-2.282894922265553,0.023066382528700455,Caryophyllene,fvoc,Sesquiterpenes,200444,237272,243783,0.75764192139738,0.6240673488373436,5.700777429623835,,,,,,,,,
eggs_per_flower,(Z)-α-bergamotene,trait:sun_date,TRUE,0.0028031032768859026,0.0037010174540041438,0.7573872081725027,0.4493535063593722,Caryophyllene,fvoc,Sesquiterpenes,200444,237272,243783,0.75764192139738,0.6240673488373436,5.700777429623835,,,,,,,,,
eggs_per_flower,(Z)-β-ocimene,trait,FALSE,-0.008837325278589048,0.05386927854846596,-0.1640513019055591,0.8697891032896612,alpha_Pinene,merge,Monoterpenes,88099,43997,49928,0.9912663755458515,15.353374902855323,156.5377379957849,,,,,,,,,
eggs_per_flower,(Z)-β-ocimene,trait:precip_est_mm,,,,,,,,,,,,,,,,,,,,,,,
eggs_per_flower,(Z)-β-ocimene,trait:sun_date,,,,,,,,,,,,,,,,,,,,,,,
eggs_per_flower,2-methylbenzonitrile,trait,FALSE,-0.03157435721424813,0.05384396566052745,-0.5864047498528702,0.5579961232942239,Indole,merge,Benzenoids,138903,125163,110213,0.9672489082969432,0.2869207506154596,2.3713099342257387,,,,,,,,,
eggs_per_flower,2-methylbenzonitrile,trait:precip_est_mm,,,,,,,,,,,,,,,,,,,,,,,
eggs_per_flower,2-methylbenzonitrile,trait:sun_date,,,,,,,,,,,,,,,,,,,,,,,
eggs_per_flower,3-carene,trait,FALSE,-0.029052091941289267,0.0538481791214059,-0.5395185578288271,0.5898853784512713,alpha_Pinene,ambi,Monoterpenes,88099,43997,49928,0.9716157205240175,9.837108982684905,73.68555700085194,,,,,,,,,
eggs_per_flower,3-carene,trait:precip_est_mm,,,,,,,,,,,,,,,,,,,,,,,
eggs_per_flower,3-carene,trait:sun_date,,,,,,,,,,,,,,,,,,,,,,,
eggs_per_flower,α-copaene,trait,FALSE,-0.02434876016937905,0.053855098944300926,-0.4521161532831181,0.6514761751223055,Caryophyllene,merge,Sesquiterpenes,200444,237272,243783,0.7641921397379913,0.5274015734603433,21.042498025554465,,,,,,,,,
eggs_per_flower,α-copaene,trait:precip_est_mm,,,,,,,,,,,,,,,,,,,,,,,
eggs_per_flower,α-copaene,trait:sun_date,,,,,,,,,,,,,,,,,,,,,,,
eggs_per_flower,α-pinene,trait,FALSE,-0.028713136644828784,0.053848718601999315,-0.5332185684315005,0.5942337554406629,alpha_Pinene,fvoc,Monoterpenes,88099,43997,49928,0.9978165938864629,41.43749998916043,527.5547003099081,,,,,,,,,
eggs_per_flower,α-pinene,trait:precip_est_mm,,,,,,,,,,,,,,,,,,,,,,,
eggs_per_flower,α-pinene,trait:sun_date,,,,,,,,,,,,,,,,,,,,,,,
eggs_per_flower,β-caryophyllene,trait,FALSE,-0.012243523503721689,0.0538673008279088,-0.22729045850721902,0.820335714817006,Caryophyllene,merge,Sesquiterpenes,200444,237272,243783,0.7532751091703057,3.994395182106699,107.7377979324998,,,,,,,,,
eggs_per_flower,β-caryophyllene,trait:precip_est_mm,,,,,,,,,,,,,,,,,,,,,,,
eggs_per_flower,β-caryophyllene,trait:sun_date,,,,,,,,,,,,,,,,,,,,,,,
eggs_per_flower,Corolla length,trait,FALSE,-0.057677604895197014,0.05021922446212865,-1.148516439928157,0.25134972863363564,,,,,,,1,,,,,,,,,,,
eggs_per_flower,Corolla length,trait:precip_est_mm,,,,,,,,,,,,,,,,,,,,,,,
eggs_per_flower,Corolla length,trait:sun_date,,,,,,,,,,,,,,,,,,,,,,,
eggs_per_flower,Corolla width,trait,FALSE,-0.03633977387125801,0.05192521257806548,-0.6998483408541469,0.4843987063616002,,,,,,,1,,,,,,,,,,,
eggs_per_flower,Corolla width,trait:precip_est_mm,,,,,,,,,,,,,,,,,,,,,,,
eggs_per_flower,Corolla width,trait:sun_date,,,,,,,,,,,,,,,,,,,,,,,
eggs_per_flower,Flower number,trait,FALSE,0.06566181873935265,0.0485614483974978,1.352138803642767,0.1769255372002562,,,,,,,1,,,,,,,,,,,
eggs_per_flower,Flower number,trait:precip_est_mm,,,,,,,,,,,,,,,,,,,,,,,
eggs_per_flower,Flower number,trait:sun_date,,,,,,,,,,,,,,,,,,,,,,,
eggs_per_flower,Inflorescence height,trait,FALSE,-0.0402138309415853,0.04745931467035411,-0.8473327358581778,0.39714146220891366,,,,,,,1,,,,,,,,,,,
eggs_per_flower,Inflorescence height,trait:precip_est_mm,,,,,,,,,,,,,,,,,,,,,,,
eggs_per_flower,Inflorescence height,trait:sun_date,,,,,,,,,,,,,,,,,,,,,,,
eggs_per_flower,hexan-1-ol,trait,FALSE,0.033126432510962936,0.05384119848573416,0.6152617965913252,0.5387970908154016,Hexenol,newleaf,Aliphatics,297190,117398,130775,0.8100436681222707,4.887605884794063,30.66165329708317,,,,,,,,,
eggs_per_flower,hexan-1-ol,trait:precip_est_mm,,,,,,,,,,,,,,,,,,,,,,,
eggs_per_flower,hexan-1-ol,trait:sun_date,,,,,,,,,,,,,,,,,,,,,,,
eggs_per_flower,limonene,trait,FALSE,-6.382118051706119e-4,0.053871418288693664,-0.011846946403944176,0.9905547355949269,alpha_Pinene,ambi,Monoterpenes,88099,43997,49928,0.8995633187772926,17.1993555689769,143.534908204673,,,,,,,,,
eggs_per_flower,limonene,trait:precip_est_mm,,,,,,,,,,,,,,,,,,,,,,,
eggs_per_flower,limonene,trait:sun_date,,,,,,,,,,,,,,,,,,,,,,,
eggs_per_flower,methyl benzoate,trait,FALSE,-0.10312491953097672,0.05357773603190921,-1.9247718766906978,0.05509946112983158,Methyl_salicylate,bis14,Benzenoids,285941,210423,153261,0.9956331877729258,0.5883963659290214,4.182413806914723,,,,,,,,,
eggs_per_flower,methyl benzoate,trait:precip_est_mm,,,,,,,,,,,,,,,,,,,,,,,
eggs_per_flower,methyl benzoate,trait:sun_date,,,,,,,,,,,,,,,,,,,,,,,
eggs_per_flower,Nectar production,trait,FALSE,-0.00616851880687353,0.05587793742561252,-0.11039274338079082,0.9121535513209783,,,,,,,1,,,,,,,,,,,
eggs_per_flower,Nectar production,trait:precip_est_mm,,,,,,,,,,,,,,,,,,,,,,,
eggs_per_flower,Nectar production,trait:sun_date,,,,,,,,,,,,,,,,,,,,,,,
eggs_per_flower,Nectar concentration,trait,FALSE,0.19239628884997512,0.05578949200298088,3.44861159229941,6.287276814854396e-4,,,,,,,1,,,,,,,,,,,
eggs_per_flower,Nectar concentration,trait:precip_est_mm,,,,,,,,,,,,,,,,,,,,,,,
eggs_per_flower,Nectar concentration,trait:sun_date,,,,,,,,,,,,,,,,,,,,,,,
eggs_per_flower,sabinene,trait,FALSE,-0.03962232368941919,0.05382817455048654,-0.7360889352147101,0.46218861812950096,alpha_Pinene,ambi,Monoterpenes,88099,43997,49928,0.9912663755458515,5.823232954173685,61.51962640759812,,,,,,,,,
eggs_per_flower,sabinene,trait:precip_est_mm,,,,,,,,,,,,,,,,,,,,,,,
eggs_per_flower,sabinene,trait:sun_date,,,,,,,,,,,,,,,,,,,,,,,
eggs_per_flower,Sepal width,trait,FALSE,0.09645626028141632,0.04833643873338699,1.9955185530619566,0.0468472846082929,,,,,,,1,,,,,,,,,,,
eggs_per_flower,Sepal width,trait:precip_est_mm,,,,,,,,,,,,,,,,,,,,,,,
eggs_per_flower,Sepal width,trait:sun_date,,,,,,,,,,,,,,,,,,,,,,,
eggs_per_flower,Style length,trait,FALSE,-0.14762632174843401,0.05003594961068061,-2.950405116662798,0.0033358855916836958,,,,,,,1,,,,,,,,,,,
eggs_per_flower,Style length,trait:precip_est_mm,,,,,,,,,,,,,,,,,,,,,,,
eggs_per_flower,Style length,trait:sun_date,,,,,,,,,,,,,,,,,,,,,,,
prop_uninfested,(E)-4-oxohex-2-enal,trait,FALSE,-0.006548695116631912,0.01408877654309699,-0.4648164513504577,0.6423741592985206,Hexenol,keep_leaf,Aliphatics,297190,117398,130775,0.9039301310043668,1.1644873182506652,22.174669849831137,,,,,,,,,
prop_uninfested,(E)-4-oxohex-2-enal,trait:precip_est_mm,,,,,,,,,,,,,,,,,,,,,,,
prop_uninfested,(E)-4-oxohex-2-enal,trait:sun_date,,,,,,,,,,,,,,,,,,,,,,,
prop_uninfested,(Z)-α-bergamotene,trait,FALSE,-0.005346935745266149,0.01409033751217704,-0.37947534902164426,0.7045827336993308,Caryophyllene,fvoc,Sesquiterpenes,200444,237272,243783,0.75764192139738,0.6240673488373436,5.700777429623835,,,,,,,,,
prop_uninfested,(Z)-α-bergamotene,trait:precip_est_mm,,,,,,,,,,,,,,,,,,,,,,,
prop_uninfested,(Z)-α-bergamotene,trait:sun_date,,,,,,,,,,,,,,,,,,,,,,,
prop_uninfested,(Z)-β-ocimene,trait,FALSE,0.027896697562262672,0.014008248957643512,1.9914478709375747,0.04726839903082279,alpha_Pinene,merge,Monoterpenes,88099,43997,49928,0.9912663755458515,15.353374902855323,156.5377379957849,,,,,,,,,
prop_uninfested,(Z)-β-ocimene,trait:precip_est_mm,,,,,,,,,,,,,,,,,,,,,,,
prop_uninfested,(Z)-β-ocimene,trait:sun_date,,,,,,,,,,,,,,,,,,,,,,,
prop_uninfested,2-methylbenzonitrile,trait,FALSE,0.011220873118169416,0.014079707751624515,0.7969535530220614,0.4260598218418611,Indole,merge,Benzenoids,138903,125163,110213,0.9672489082969432,0.2869207506154596,2.3713099342257387,,,,,,,,,
prop_uninfested,2-methylbenzonitrile,trait:precip_est_mm,,,,,,,,,,,,,,,,,,,,,,,
prop_uninfested,2-methylbenzonitrile,trait:sun_date,,,,,,,,,,,,,,,,,,,,,,,
prop_uninfested,3-carene,trait,FALSE,0.034186062545116816,0.013965300568725098,2.447928877497671,0.014896498346356231,alpha_Pinene,ambi,Monoterpenes,88099,43997,49928,0.9716157205240175,9.837108982684905,73.68555700085194,,,,,,,,,
prop_uninfested,3-carene,trait:precip_est_mm,,,,,,,,,,,,,,,,,,,,,,,
prop_uninfested,3-carene,trait:sun_date,,,,,,,,,,,,,,,,,,,,,,,
prop_uninfested,α-copaene,trait,FALSE,-0.01729732812319684,0.014060759997400066,-1.2301844371424615,0.21951774064166474,Caryophyllene,merge,Sesquiterpenes,200444,237272,243783,0.7641921397379913,0.5274015734603433,21.042498025554465,,,,,,,,,
prop_uninfested,α-copaene,trait:precip_est_mm,,,,,,,,,,,,,,,,,,,,,,,
prop_uninfested,α-copaene,trait:sun_date,,,,,,,,,,,,,,,,,,,,,,,
prop_uninfested,α-pinene,trait,FALSE,-0.04300741493824024,0.013890082308499507,-3.096267824987869,0.0021303305653111127,alpha_Pinene,fvoc,Monoterpenes,88099,43997,49928,0.9978165938864629,41.43749998916043,527.5547003099081,,,,,,,,,
prop_uninfested,α-pinene,trait:precip_est_mm,,,,,,,,,,,,,,,,,,,,,,,
prop_uninfested,α-pinene,trait:sun_date,,,,,,,,,,,,,,,,,,,,,,,
prop_uninfested,β-caryophyllene,trait,TRUE,-0.009451692618106758,0.11641773151389526,-0.08118774086384456,0.9353432447828747,Caryophyllene,merge,Sesquiterpenes,200444,237272,243783,0.7532751091703057,3.994395182106699,107.7377979324998,,,,,,,,,
prop_uninfested,β-caryophyllene,trait:precip_est_mm,TRUE,-8.81155877699528e-4,3.4441487725674324e-4,-2.558414098478889,0.010973683381339697,Caryophyllene,merge,Sesquiterpenes,200444,237272,243783,0.7532751091703057,3.994395182106699,107.7377979324998,,,,,,,,,
prop_uninfested,β-caryophyllene,trait:sun_date,TRUE,3.925915667287861e-4,8.473359647042672e-4,0.46332456437843567,0.643445719741347,Caryophyllene,merge,Sesquiterpenes,200444,237272,243783,0.7532751091703057,3.994395182106699,107.7377979324998,,,,,,,,,
prop_uninfested,Corolla length,trait,FALSE,-0.03433825098221062,0.012402335964856398,-2.768692210847411,0.005856516990102139,,,,,,,1,,,,,,,,,,,
prop_uninfested,Corolla length,trait:precip_est_mm,,,,,,,,,,,,,,,,,,,,,,,
prop_uninfested,Corolla length,trait:sun_date,,,,,,,,,,,,,,,,,,,,,,,
prop_uninfested,Corolla width,trait,FALSE,-0.05704580530032518,0.012109582749333509,-4.71079858663709,3.347447186804386e-6,,,,,,,1,,,,,,,,,,,
prop_uninfested,Corolla width,trait:precip_est_mm,,,,,,,,,,,,,,,,,,,,,,,
prop_uninfested,Corolla width,trait:sun_date,,,,,,,,,,,,,,,,,,,,,,,
prop_uninfested,Flower number,trait,FALSE,0.03636596314117373,0.012767249419375395,2.8483788439180375,0.004550372318906777,,,,,,,1,,,,,,,,,,,
prop_uninfested,Flower number,trait:precip_est_mm,,,,,,,,,,,,,,,,,,,,,,,
prop_uninfested,Flower number,trait:sun_date,,,,,,,,,,,,,,,,,,,,,,,
prop_uninfested,Inflorescence height,trait,FALSE,-0.03528098287829231,0.012560126648956714,-2.8089671278293094,0.005162298332490737,,,,,,,1,,,,,,,,,,,
prop_uninfested,Inflorescence height,trait:precip_est_mm,,,,,,,,,,,,,,,,,,,,,,,
prop_uninfested,Inflorescence height,trait:sun_date,,,,,,,,,,,,,,,,,,,,,,,
prop_uninfested,hexan-1-ol,trait,FALSE,0.023948340100909522,0.01403071250677989,1.706851315593364,0.0888048469689687,Hexenol,newleaf,Aliphatics,297190,117398,130775,0.8100436681222707,4.887605884794063,30.66165329708317,,,,,,,,,
prop_uninfested,hexan-1-ol,trait:precip_est_mm,,,,,,,,,,,,,,,,,,,,,,,
prop_uninfested,hexan-1-ol,trait:sun_date,,,,,,,,,,,,,,,,,,,,,,,
prop_uninfested,limonene,trait,FALSE,0.00862906619612003,0.014085328163703099,0.6126279839440679,0.5405507662423272,alpha_Pinene,ambi,Monoterpenes,88099,43997,49928,0.8995633187772926,17.1993555689769,143.534908204673,,,,,,,,,
prop_uninfested,limonene,trait:precip_est_mm,,,,,,,,,,,,,,,,,,,,,,,
prop_uninfested,limonene,trait:sun_date,,,,,,,,,,,,,,,,,,,,,,,
prop_uninfested,methyl benzoate,trait,FALSE,0.013040115485700375,0.01407488420526536,0.9264811912855467,0.35488344132099736,Methyl_salicylate,bis14,Benzenoids,285941,210423,153261,0.9956331877729258,0.5883963659290214,4.182413806914723,,,,,,,,,
prop_uninfested,methyl benzoate,trait:precip_est_mm,,,,,,,,,,,,,,,,,,,,,,,
prop_uninfested,methyl benzoate,trait:sun_date,,,,,,,,,,,,,,,,,,,,,,,
prop_uninfested,Nectar production,trait,FALSE,-0.0424141039838919,0.013097690033905264,-3.2382888794968316,0.0013051971258670344,,,,,,,1,,,,,,,,,,,
prop_uninfested,Nectar production,trait:precip_est_mm,,,,,,,,,,,,,,,,,,,,,,,
prop_uninfested,Nectar production,trait:sun_date,,,,,,,,,,,,,,,,,,,,,,,
prop_uninfested,Nectar concentration,trait,FALSE,0.026247208919343085,0.013810797339683985,1.9004846913453923,0.058165923073626,,,,,,,1,,,,,,,,,,,
prop_uninfested,Nectar concentration,trait:precip_est_mm,,,,,,,,,,,,,,,,,,,,,,,
prop_uninfested,Nectar concentration,trait:sun_date,,,,,,,,,,,,,,,,,,,,,,,
prop_uninfested,sabinene,trait,FALSE,0.02119994324011532,0.014044311826476547,1.5095038832838266,0.1321416194546777,alpha_Pinene,ambi,Monoterpenes,88099,43997,49928,0.9912663755458515,5.823232954173685,61.51962640759812,,,,,,,,,
prop_uninfested,sabinene,trait:precip_est_mm,,,,,,,,,,,,,,,,,,,,,,,
prop_uninfested,sabinene,trait:sun_date,,,,,,,,,,,,,,,,,,,,,,,
prop_uninfested,Sepal width,trait,FALSE,-0.021241519406768626,0.015143349671004242,-1.4026962242997576,0.16167687524248633,,,,,,,1,,,,,,,,,,,
prop_uninfested,Sepal width,trait:precip_est_mm,,,,,,,,,,,,,,,,,,,,,,,
prop_uninfested,Sepal width,trait:sun_date,,,,,,,,,,,,,,,,,,,,,,,
prop_uninfested,Style length,trait,FALSE,-0.029776096163000653,0.012467954922002138,-2.3882101234144604,0.017337558822071046,,,,,,,1,,,,,,,,,,,
prop_uninfested,Style length,trait:precip_est_mm,,,,,,,,,,,,,,,,,,,,,,,
prop_uninfested,Style length,trait:sun_date,,,,,,,,,,,,,,,,,,,,,,,
seeds_est,(E)-4-oxohex-2-enal,trait,FALSE,-0.06739187939062528,0.04981670372603171,-1.3527968402174644,0.1771291209083865,Hexenol,keep_leaf,Aliphatics,297190,117398,130775,0.9039301310043668,1.1644873182506652,22.174669849831137,,,,,,,,,
seeds_est,(E)-4-oxohex-2-enal,trait:precip_est_mm,,,,,,,,,,,,,,,,,,,,,,,
seeds_est,(E)-4-oxohex-2-enal,trait:sun_date,,,,,,,,,,,,,,,,,,,,,,,
seeds_est,(Z)-α-bergamotene,trait,FALSE,0.06543630694738606,0.04982530730281471,1.3133146685818726,0.1900705830206811,Caryophyllene,fvoc,Sesquiterpenes,200444,237272,243783,0.75764192139738,0.6240673488373436,5.700777429623835,,,,,,,,,
seeds_est,(Z)-α-bergamotene,trait:precip_est_mm,,,,,,,,,,,,,,,,,,,,,,,
seeds_est,(Z)-α-bergamotene,trait:sun_date,,,,,,,,,,,,,,,,,,,,,,,
seeds_est,(Z)-β-ocimene,trait,FALSE,0.10090120970885946,0.04962954892188953,2.03308738243148,0.04291510985540582,alpha_Pinene,merge,Monoterpenes,88099,43997,49928,0.9912663755458515,15.353374902855323,156.5377379957849,,,,,,,,,
seeds_est,(Z)-β-ocimene,trait:precip_est_mm,,,,,,,,,,,,,,,,,,,,,,,
seeds_est,(Z)-β-ocimene,trait:sun_date,,,,,,,,,,,,,,,,,,,,,,,
seeds_est,2-methylbenzonitrile,trait,FALSE,0.028454334584412107,0.0499401727614611,0.5697684451418309,0.5692569433694599,Indole,merge,Benzenoids,138903,125163,110213,0.9672489082969432,0.2869207506154596,2.3713099342257387,,,,,,,,,
seeds_est,2-methylbenzonitrile,trait:precip_est_mm,,,,,,,,,,,,,,,,,,,,,,,
seeds_est,2-methylbenzonitrile,trait:sun_date,,,,,,,,,,,,,,,,,,,,,,,
seeds_est,3-carene,trait,FALSE,0.08258396145408688,0.04974117357617973,1.660273683080832,0.09789387699914534,alpha_Pinene,ambi,Monoterpenes,88099,43997,49928,0.9716157205240175,9.837108982684905,73.68555700085194,,,,,,,,,
seeds_est,3-carene,trait:precip_est_mm,,,,,,,,,,,,,,,,,,,,,,,
seeds_est,3-carene,trait:sun_date,,,,,,,,,,,,,,,,,,,,,,,
seeds_est,α-copaene,trait,FALSE,0.018140514466778144,0.04995604966358791,0.363129482593986,0.7167613591514845,Caryophyllene,merge,Sesquiterpenes,200444,237272,243783,0.7641921397379913,0.5274015734603433,21.042498025554465,,,,,,,,,
seeds_est,α-copaene,trait:precip_est_mm,,,,,,,,,,,,,,,,,,,,,,,
seeds_est,α-copaene,trait:sun_date,,,,,,,,,,,,,,,,,,,,,,,
seeds_est,α-pinene,trait,FALSE,0.09786191866116248,0.0496496309377203,1.971050273947029,0.049627944075140734,alpha_Pinene,fvoc,Monoterpenes,88099,43997,49928,0.9978165938864629,41.43749998916043,527.5547003099081,,,,,,,,,
seeds_est,α-pinene,trait:precip_est_mm,,,,,,,,,,,,,,,,,,,,,,,
seeds_est,α-pinene,trait:sun_date,,,,,,,,,,,,,,,,,,,,,,,
seeds_est,β-caryophyllene,trait,FALSE,0.021109883889165987,0.049952199631727597,0.4226016881098035,0.6728856336004783,Caryophyllene,merge,Sesquiterpenes,200444,237272,243783,0.7532751091703057,3.994395182106699,107.7377979324998,,,,,,,,,
seeds_est,β-caryophyllene,trait:precip_est_mm,,,,,,,,,,,,,,,,,,,,,,,
seeds_est,β-caryophyllene,trait:sun_date,,,,,,,,,,,,,,,,,,,,,,,
seeds_est,Corolla length,trait,FALSE,0.09050518213428632,0.04546972976977986,1.9904490876134033,0.04718765504658832,,,,,,,1,,,,,,,,,,,
seeds_est,Corolla length,trait:precip_est_mm,,,,,,,,,,,,,,,,,,,,,,,
seeds_est,Corolla length,trait:sun_date,,,,,,,,,,,,,,,,,,,,,,,
seeds_est,Corolla width,trait,TRUE,-0.2255921328781741,0.3798077543849283,-0.5939639996121315,0.5528814343101818,,,,,,,1,,,,,,,,,,,
seeds_est,Corolla width,trait:precip_est_mm,TRUE,-0.0028633629666537,9.423817755560454e-4,-3.0384320250295525,0.002538654345325727,,,,,,,1,,,,,,,,,,,
seeds_est,Corolla width,trait:sun_date,TRUE,0.00422192052886509,0.0027794925924864394,1.5189536897050349,0.12958646106297694,,,,,,,1,,,,,,,,,,,
seeds_est,Flower number,trait,TRUE,-0.1267732275559688,0.24901916611483088,-0.5090902420639764,0.6109140035887459,,,,,,,1,,,,,,,,,,,
seeds_est,Flower number,trait:precip_est_mm,TRUE,-2.9708317754206543e-4,5.817798458254234e-4,-0.5106453578166957,0.6098252338323734,,,,,,,1,,,,,,,,,,,
seeds_est,Flower number,trait:sun_date,TRUE,0.005925327600316921,0.0018501775608910924,3.2025724047064617,0.0014490242153698775,,,,,,,1,,,,,,,,,,,
seeds_est,Inflorescence height,trait,FALSE,0.408607784789184,0.03869870440088946,10.558694176329904,1.8788447978999354e-23,,,,,,,1,,,,,,,,,,,
seeds_est,Inflorescence height,trait:precip_est_mm,,,,,,,,,,,,,,,,,,,,,,,
seeds_est,Inflorescence height,trait:sun_date,,,,,,,,,,,,,,,,,,,,,,,
seeds_est,hexan-1-ol,trait,FALSE,0.004427718862018938,0.049966271252825996,0.08861415412839145,0.9294470988038936,Hexenol,newleaf,Aliphatics,297190,117398,130775,0.8100436681222707,4.887605884794063,30.66165329708317,,,,,,,,,
seeds_est,hexan-1-ol,trait:precip_est_mm,,,,,,,,,,,,,,,,,,,,,,,
seeds_est,hexan-1-ol,trait:sun_date,,,,,,,,,,,,,,,,,,,,,,,
seeds_est,limonene,trait,FALSE,0.11402645803881234,0.049535663561053676,2.3019063406362266,0.02201846000508911,alpha_Pinene,ambi,Monoterpenes,88099,43997,49928,0.8995633187772926,17.1993555689769,143.534908204673,,,,,,,,,
seeds_est,limonene,trait:precip_est_mm,,,,,,,,,,,,,,,,,,,,,,,
seeds_est,limonene,trait:sun_date,,,,,,,,,,,,,,,,,,,,,,,
seeds_est,methyl benzoate,trait,FALSE,0.1031102591144818,0.049614561993307646,2.078225725914703,0.03853008203612253,Methyl_salicylate,bis14,Benzenoids,285941,210423,153261,0.9956331877729258,0.5883963659290214,4.182413806914723,,,,,,,,,
seeds_est,methyl benzoate,trait:precip_est_mm,,,,,,,,,,,,,,,,,,,,,,,
seeds_est,methyl benzoate,trait:sun_date,,,,,,,,,,,,,,,,,,,,,,,
seeds_est,Nectar production,trait,FALSE,0.05911737403675463,0.04869030916160959,1.2141507222830774,0.2254730087378548,,,,,,,1,,,,,,,,,,,
seeds_est,Nectar production,trait:precip_est_mm,,,,,,,,,,,,,,,,,,,,,,,
seeds_est,Nectar production,trait:sun_date,,,,,,,,,,,,,,,,,,,,,,,
seeds_est,Nectar concentration,trait,TRUE,0.8715573687120155,0.45034501021711765,1.935310370801767,0.05378857062299202,,,,,,,1,,,,,,,,,,,
seeds_est,Nectar concentration,trait:precip_est_mm,TRUE,4.3818880897178545e-4,0.0010039391592905034,0.43646948614043407,0.6627756313602509,,,,,,,1,,,,,,,,,,,
seeds_est,Nectar concentration,trait:sun_date,TRUE,-0.0073214443383680895,0.003589073489357733,-2.039926003208774,0.04213706222203264,,,,,,,1,,,,,,,,,,,
seeds_est,sabinene,trait,FALSE,0.055582508474146954,0.04986478592096959,1.1146645362568959,0.265877545765225,alpha_Pinene,ambi,Monoterpenes,88099,43997,49928,0.9912663755458515,5.823232954173685,61.51962640759812,,,,,,,,,
seeds_est,sabinene,trait:precip_est_mm,,,,,,,,,,,,,,,,,,,,,,,
seeds_est,sabinene,trait:sun_date,,,,,,,,,,,,,,,,,,,,,,,
seeds_est,Sepal width,trait,FALSE,0.02214395530441748,0.0565984586419937,0.39124661405509703,0.695892684787198,,,,,,,1,,,,,,,,,,,
seeds_est,Sepal width,trait:precip_est_mm,,,,,,,,,,,,,,,,,,,,,,,
seeds_est,Sepal width,trait:sun_date,,,,,,,,,,,,,,,,,,,,,,,
seeds_est,Style length,trait,FALSE,0.1546324922295333,0.045316732975157134,3.4122603744251294,7.070560943459779e-4,,,,,,,1,,,,,,,,,,,
seeds_est,Style length,trait:precip_est_mm,,,,,,,,,,,,,,,,,,,,,,,
seeds_est,Style length,trait:sun_date,,,,,,,,,,,,,,,,,,,,,,,
seeds_initiated_per_flower,(E)-4-oxohex-2-enal,trait,TRUE,0.5202961605888374,0.3188293387469456,1.6318954919070223,0.10375422015396524,Hexenol,keep_leaf,Aliphatics,297190,117398,130775,0.9039301310043668,1.1644873182506652,22.174669849831137,,,,,,,,,
seeds_initiated_per_flower,(E)-4-oxohex-2-enal,trait:precip_est_mm,TRUE,-0.0016124297378496578,7.781450173815223e-4,-2.0721455536341087,0.0391088282841986,Hexenol,keep_leaf,Aliphatics,297190,117398,130775,0.9039301310043668,1.1644873182506652,22.174669849831137,,,,,,,,,
seeds_initiated_per_flower,(E)-4-oxohex-2-enal,trait:sun_date,TRUE,-0.0024407198410666634,0.002456903728624908,-0.9934128930777021,0.32131202989233515,Hexenol,keep_leaf,Aliphatics,297190,117398,130775,0.9039301310043668,1.1644873182506652,22.174669849831137,,,,,,,,,
seeds_initiated_per_flower,(Z)-α-bergamotene,trait,FALSE,-0.0037352011734918433,0.03793981475011169,-0.09845069613791003,0.9216395172574423,Caryophyllene,fvoc,Sesquiterpenes,200444,237272,243783,0.75764192139738,0.6240673488373436,5.700777429623835,,,,,,,,,
seeds_initiated_per_flower,(Z)-α-bergamotene,trait:precip_est_mm,,,,,,,,,,,,,,,,,,,,,,,
seeds_initiated_per_flower,(Z)-α-bergamotene,trait:sun_date,,,,,,,,,,,,,,,,,,,,,,,
seeds_initiated_per_flower,(Z)-β-ocimene,trait,FALSE,-0.031959945065151395,0.03789596951891499,-0.8433600055857985,0.3996924103223818,alpha_Pinene,merge,Monoterpenes,88099,43997,49928,0.9912663755458515,15.353374902855323,156.5377379957849,,,,,,,,,
seeds_initiated_per_flower,(Z)-β-ocimene,trait:precip_est_mm,,,,,,,,,,,,,,,,,,,,,,,
seeds_initiated_per_flower,(Z)-β-ocimene,trait:sun_date,,,,,,,,,,,,,,,,,,,,,,,
seeds_initiated_per_flower,2-methylbenzonitrile,trait,FALSE,0.010361616731176675,0.03793575167189236,0.2731359278391176,0.7849347990163422,Indole,merge,Benzenoids,138903,125163,110213,0.9672489082969432,0.2869207506154596,2.3713099342257387,,,,,,,,,
seeds_initiated_per_flower,2-methylbenzonitrile,trait:precip_est_mm,,,,,,,,,,,,,,,,,,,,,,,
seeds_initiated_per_flower,2-methylbenzonitrile,trait:sun_date,,,,,,,,,,,,,,,,,,,,,,,
seeds_initiated_per_flower,3-carene,trait,FALSE,-0.03912565188505269,0.03787378233636237,-1.033053724013416,0.302402586936801,alpha_Pinene,ambi,Monoterpenes,88099,43997,49928,0.9716157205240175,9.837108982684905,73.68555700085194,,,,,,,,,
seeds_initiated_per_flower,3-carene,trait:precip_est_mm,,,,,,,,,,,,,,,,,,,,,,,
seeds_initiated_per_flower,3-carene,trait:sun_date,,,,,,,,,,,,,,,,,,,,,,,
seeds_initiated_per_flower,α-copaene,trait,FALSE,-0.0038153851118144302,0.037939788417109335,-0.10056421690780551,0.9199629114040873,Caryophyllene,merge,Sesquiterpenes,200444,237272,243783,0.7641921397379913,0.5274015734603433,21.042498025554465,,,,,,,,,
seeds_initiated_per_flower,α-copaene,trait:precip_est_mm,,,,,,,,,,,,,,,,,,,,,,,
seeds_initiated_per_flower,α-copaene,trait:sun_date,,,,,,,,,,,,,,,,,,,,,,,
seeds_initiated_per_flower,α-pinene,trait,FALSE,0.1462994492359703,0.03699779560343981,3.9542747574498285,9.562561382775422e-5,alpha_Pinene,fvoc,Monoterpenes,88099,43997,49928,0.9978165938864629,41.43749998916043,527.5547003099081,,,,,,,,,
seeds_initiated_per_flower,α-pinene,trait:precip_est_mm,,,,,,,,,,,,,,,,,,,,,,,
seeds_initiated_per_flower,α-pinene,trait:sun_date,,,,,,,,,,,,,,,,,,,,,,,
seeds_initiated_per_flower,β-caryophyllene,trait,FALSE,0.0662392596955572,0.03774910502357218,1.754723977010701,0.08031726312572385,Caryophyllene,merge,Sesquiterpenes,200444,237272,243783,0.7532751091703057,3.994395182106699,107.7377979324998,,,,,,,,,
seeds_initiated_per_flower,β-caryophyllene,trait:precip_est_mm,,,,,,,,,,,,,,,,,,,,,,,
seeds_initiated_per_flower,β-caryophyllene,trait:sun_date,,,,,,,,,,,,,,,,,,,,,,,
seeds_initiated_per_flower,Corolla length,trait,FALSE,0.15043163995175038,0.035238428909141924,4.268965575611228,2.4287440469724283e-5,,,,,,,1,,,,,,,,,,,
seeds_initiated_per_flower,Corolla length,trait:precip_est_mm,,,,,,,,,,,,,,,,,,,,,,,
seeds_initiated_per_flower,Corolla length,trait:sun_date,,,,,,,,,,,,,,,,,,,,,,,
seeds_initiated_per_flower,Corolla width,trait,FALSE,0.15761093663947245,0.03689937804689563,4.271371090297615,2.4394367508781976e-5,,,,,,,1,,,,,,,,,,,
seeds_initiated_per_flower,Corolla width,trait:precip_est_mm,,,,,,,,,,,,,,,,,,,,,,,
seeds_initiated_per_flower,Corolla width,trait:sun_date,,,,,,,,,,,,,,,,,,,,,,,
seeds_initiated_per_flower,Flower number,trait,FALSE,-0.0747701809697783,0.03252982675849513,-2.298511502224713,0.02194190911871094,,,,,,,1,,,,,,,,,,,
seeds_initiated_per_flower,Flower number,trait:precip_est_mm,,,,,,,,,,,,,,,,,,,,,,,
seeds_initiated_per_flower,Flower number,trait:sun_date,,,,,,,,,,,,,,,,,,,,,,,
seeds_initiated_per_flower,Inflorescence height,trait,TRUE,0.7478873824167023,0.2889055510105927,2.5886916322673255,0.009946021180672808,,,,,,,1,,,,,,,,,,,
seeds_initiated_per_flower,Inflorescence height,trait:precip_est_mm,TRUE,3.3618361006641954e-5,6.661466794520536e-4,0.05046690472779226,0.9597727145933442,,,,,,,1,,,,,,,,,,,
seeds_initiated_per_flower,Inflorescence height,trait:sun_date,TRUE,-0.005041199988561519,0.0020807387254347955,-2.4227933699403317,0.015795446165870055,,,,,,,1,,,,,,,,,,,
seeds_initiated_per_flower,hexan-1-ol,trait,FALSE,-0.07875246432470853,0.03766971070539145,-2.090604436562268,0.037396594967019595,Hexenol,newleaf,Aliphatics,297190,117398,130775,0.8100436681222707,4.887605884794063,30.66165329708317,,,,,,,,,
seeds_initiated_per_flower,hexan-1-ol,trait:precip_est_mm,,,,,,,,,,,,,,,,,,,,,,,
seeds_initiated_per_flower,hexan-1-ol,trait:sun_date,,,,,,,,,,,,,,,,,,,,,,,
seeds_initiated_per_flower,limonene,trait,FALSE,-0.02046902033497099,0.037922194209764996,-0.539763607077889,0.5897565172799353,alpha_Pinene,ambi,Monoterpenes,88099,43997,49928,0.8995633187772926,17.1993555689769,143.534908204673,,,,,,,,,
seeds_initiated_per_flower,limonene,trait:precip_est_mm,,,,,,,,,,,,,,,,,,,,,,,
seeds_initiated_per_flower,limonene,trait:sun_date,,,,,,,,,,,,,,,,,,,,,,,
seeds_initiated_per_flower,methyl benzoate,trait,FALSE,0.05883670161784462,0.03778955737337887,1.5569566226063438,0.120524628116092,Methyl_salicylate,bis14,Benzenoids,285941,210423,153261,0.9956331877729258,0.5883963659290214,4.182413806914723,,,,,,,,,
seeds_initiated_per_flower,methyl benzoate,trait:precip_est_mm,,,,,,,,,,,,,,,,,,,,,,,
seeds_initiated_per_flower,methyl benzoate,trait:sun_date,,,,,,,,,,,,,,,,,,,,,,,
seeds_initiated_per_flower,Nectar production,trait,FALSE,0.09605190621670037,0.036889561059110815,2.603769290255025,0.009595809831476296,,,,,,,1,,,,,,,,,,,
seeds_initiated_per_flower,Nectar production,trait:precip_est_mm,,,,,,,,,,,,,,,,,,,,,,,
seeds_initiated_per_flower,Nectar production,trait:sun_date,,,,,,,,,,,,,,,,,,,,,,,
seeds_initiated_per_flower,Nectar concentration,trait,FALSE,-0.1658096810969148,0.03754620380777562,-4.416150350267276,1.3507640190871069e-5,,,,,,,1,,,,,,,,,,,
seeds_initiated_per_flower,Nectar concentration,trait:precip_est_mm,,,,,,,,,,,,,,,,,,,,,,,
seeds_initiated_per_flower,Nectar concentration,trait:sun_date,,,,,,,,,,,,,,,,,,,,,,,
seeds_initiated_per_flower,sabinene,trait,FALSE,-0.006738631068307393,0.03793844650749344,-0.17762011069631983,0.8591400115804504,alpha_Pinene,ambi,Monoterpenes,88099,43997,49928,0.9912663755458515,5.823232954173685,61.51962640759812,,,,,,,,,
seeds_initiated_per_flower,sabinene,trait:precip_est_mm,,,,,,,,,,,,,,,,,,,,,,,
seeds_initiated_per_flower,sabinene,trait:sun_date,,,,,,,,,,,,,,,,,,,,,,,
seeds_initiated_per_flower,Sepal width,trait,FALSE,0.01938271622907431,0.044629486336135164,0.4343029198922395,0.6643806771929696,,,,,,,1,,,,,,,,,,,
seeds_initiated_per_flower,Sepal width,trait:precip_est_mm,,,,,,,,,,,,,,,,,,,,,,,
seeds_initiated_per_flower,Sepal width,trait:sun_date,,,,,,,,,,,,,,,,,,,,,,,
seeds_initiated_per_flower,Style length,trait,FALSE,0.18327987293164366,0.03442156937060817,5.324564692513479,1.65577180815511e-7,,,,,,,1,,,,,,,,,,,
seeds_initiated_per_flower,Style length,trait:precip_est_mm,,,,,,,,,,,,,,,,,,,,,,,
seeds_initiated_per_flower,Style length,trait:sun_date,,,,,,,,,,,,,,,,,,,,,,,
seeds_est,Corolla width,en,,0.030809621416753124,,,,,,,,,,,,,,separate,0.5,1,0.03057688432224232,0.15238370690877892,,,
seeds_est,Nectar concentration,en,,-0.039468900316892735,,,,,,,,,,,,,,separate,0.5,1,0.03057688432224232,0.15238370690877892,,,
seeds_est,Inflorescence height,en,,0.266523307686298,,,,,,,,,,,,,,separate,0.5,1,0.03057688432224232,0.15238370690877892,,,
seeds_initiated_per_flower,Corolla length,en,,0.05207320223056671,,,,,,,,,,,,,,separate,0.5,1,0.02667165340791246,0.19537227242485936,,,
seeds_initiated_per_flower,Style length,en,,0.006075936132090667,,,,,,,,,,,,,,separate,0.5,1,0.02667165340791246,0.19537227242485936,,,
seeds_initiated_per_flower,Corolla width,en,,0.03348970268154861,,,,,,,,,,,,,,separate,0.5,1,0.02667165340791246,0.19537227242485936,,,
seeds_initiated_per_flower,Nectar concentration,en,,-0.01810538689977868,,,,,,,,,,,,,,separate,0.5,1,0.02667165340791246,0.19537227242485936,,,
seeds_initiated_per_flower,Inflorescence height,en,,0.019745373054392834,,,,,,,,,,,,,,separate,0.5,1,0.02667165340791246,0.19537227242485936,,,
prop_uninfested,Corolla length,en,,-0.010116652002202872,,,,,,,,,,,,,,separate,0.5,1,0.022882549579508502,0.060709207725807006,,,
prop_uninfested,Corolla width,en,,-0.023989701712537188,,,,,,,,,,,,,,separate,0.5,1,0.022882549579508502,0.060709207725807006,,,
prop_uninfested,Nectar production,en,,-0.0017654630192959193,,,,,,,,,,,,,,separate,0.5,1,0.022882549579508502,0.060709207725807006,,,
prop_uninfested,Nectar concentration,en,,0.005418324387333248,,,,,,,,,,,,,,separate,0.5,1,0.022882549579508502,0.060709207725807006,,,
prop_uninfested,Inflorescence height,en,,-0.004862024123912405,,,,,,,,,,,,,,separate,0.5,1,0.022882549579508502,0.060709207725807006,,,
eggs_per_flower,Style length,en,,-0.07867438742836463,,,,,,,,,,,,,,separate,0.5,1,0.03679139808592054,0.2228412655087609,,,
eggs_per_flower,Corolla width,en,,0.04026981959820246,,,,,,,,,,,,,,separate,0.5,1,0.03679139808592054,0.2228412655087609,,,
eggs_per_flower,Nectar production,en,,0.03591898441803345,,,,,,,,,,,,,,separate,0.5,1,0.03679139808592054,0.2228412655087609,,,
eggs_per_flower,Inflorescence height,en,,0.11026171491596552,,,,,,,,,,,,,,separate,0.5,1,0.03679139808592054,0.2228412655087609,,,
seeds_est,limonene,en,,0.06604782970412512,,,,,,,,,,,,,,separate,0.5,1,0.07880958625096697,0.08691555419426089,,,
seeds_est,3-carene,en,,0.004434411050482011,,,,,,,,,,,,,,separate,0.5,1,0.07880958625096697,0.08691555419426089,,,
seeds_est,(E)-4-oxohex-2-enal,en,,-0.04875788757063591,,,,,,,,,,,,,,separate,0.5,1,0.07880958625096697,0.08691555419426089,,,
seeds_est,methyl benzoate,en,,0.04192339430659552,,,,,,,,,,,,,,separate,0.5,1,0.07880958625096697,0.08691555419426089,,,
seeds_initiated_per_flower,sabinene,en,,0.002417510025267942,,,,,,,,,,,,,,separate,0.5,1,0.06988020804755146,0.21589741677027757,,,
seeds_initiated_per_flower,methyl benzoate,en,,0.01870325893099551,,,,,,,,,,,,,,separate,0.5,1,0.06988020804755146,0.21589741677027757,,,
prop_uninfested,3-carene,en,,0.010521958962640457,,,,,,,,,,,,,,separate,0.5,1,0.030864824648983186,0.05444983374112011,,,
prop_uninfested,hexan-1-ol,en,,2.1459071024515071e-4,,,,,,,,,,,,,,separate,0.5,1,0.030864824648983186,0.05444983374112011,,,
eggs_per_flower,3-carene,en,,-0.009777595629842257,,,,,,,,,,,,,,separate,0.5,1,0.0676512085968698,0.1625134108946455,,,
eggs_per_flower,sabinene,en,,-0.07486602615858298,,,,,,,,,,,,,,separate,0.5,1,0.0676512085968698,0.1625134108946455,,,
seeds_est,α-pinene,en,,0.006979688491725553,,,,,,,,,,,,,,combined,0.5,1,0.10664311160870234,0.16542359889875297,,,
seeds_est,limonene,en,,0.016996057122522813,,,,,,,,,,,,,,combined,0.5,1,0.10664311160870234,0.16542359889875297,,,
seeds_est,3-carene,en,,0.03824692222165419,,,,,,,,,,,,,,combined,0.5,1,0.10664311160870234,0.16542359889875297,,,
seeds_est,methyl benzoate,en,,0.014142671231574432,,,,,,,,,,,,,,combined,0.5,1,0.10664311160870234,0.16542359889875297,,,
seeds_est,Inflorescence height,en,,0.24552092171422818,,,,,,,,,,,,,,combined,0.5,1,0.10664311160870234,0.16542359889875297,,,
seeds_initiated_per_flower,α-pinene,en,,0.09137268084941445,,,,,,,,,,,,,,combined,0.5,1,0.03299452332145143,0.34793287180987964,,,
seeds_initiated_per_flower,limonene,en,,-0.11048337189985431,,,,,,,,,,,,,,combined,0.5,1,0.03299452332145143,0.34793287180987964,,,
seeds_initiated_per_flower,3-carene,en,,0.03774577216359786,,,,,,,,,,,,,,combined,0.5,1,0.03299452332145143,0.34793287180987964,,,
seeds_initiated_per_flower,sabinene,en,,0.02075153536102491,,,,,,,,,,,,,,combined,0.5,1,0.03299452332145143,0.34793287180987964,,,
seeds_initiated_per_flower,methyl benzoate,en,,0.03777725855916646,,,,,,,,,,,,,,combined,0.5,1,0.03299452332145143,0.34793287180987964,,,
seeds_initiated_per_flower,Corolla length,en,,0.0537063849320916,,,,,,,,,,,,,,combined,0.5,1,0.03299452332145143,0.34793287180987964,,,
seeds_initiated_per_flower,Corolla width,en,,0.0037569943247081636,,,,,,,,,,,,,,combined,0.5,1,0.03299452332145143,0.34793287180987964,,,
seeds_initiated_per_flower,Nectar concentration,en,,-0.0729620256929628,,,,,,,,,,,,,,combined,0.5,1,0.03299452332145143,0.34793287180987964,,,
seeds_initiated_per_flower,Inflorescence height,en,,0.025341681942416747,,,,,,,,,,,,,,combined,0.5,1,0.03299452332145143,0.34793287180987964,,,
prop_uninfested,3-carene,en,,7.772107728619371e-4,,,,,,,,,,,,,,combined,0.5,1,0.045884677839015515,0.06506633588481027,,,
prop_uninfested,Corolla length,en,,-0.002257659634369587,,,,,,,,,,,,,,combined,0.5,1,0.045884677839015515,0.06506633588481027,,,
prop_uninfested,Corolla width,en,,-0.028861470691589376,,,,,,,,,,,,,,combined,0.5,1,0.045884677839015515,0.06506633588481027,,,
prop_uninfested,Nectar production,en,,-0.006564451698428879,,,,,,,,,,,,,,combined,0.5,1,0.045884677839015515,0.06506633588481027,,,
prop_uninfested,Nectar concentration,en,,0.0016209110659156775,,,,,,,,,,,,,,combined,0.5,1,0.045884677839015515,0.06506633588481027,,,
eggs_per_flower,(Z)-β-ocimene,en,,0.08085572232551193,,,,,,,,,,,,,,combined,0.5,1,0.01565427607223624,0.297079787321337,,,
eggs_per_flower,3-carene,en,,-0.07796056318863394,,,,,,,,,,,,,,combined,0.5,1,0.01565427607223624,0.297079787321337,,,
eggs_per_flower,sabinene,en,,-0.16218633126269136,,,,,,,,,,,,,,combined,0.5,1,0.01565427607223624,0.297079787321337,,,
eggs_per_flower,hexan-1-ol,en,,-0.17459991803822358,,,,,,,,,,,,,,combined,0.5,1,0.01565427607223624,0.297079787321337,,,
eggs_per_flower,β-caryophyllene,en,,0.08977913356111157,,,,,,,,,,,,,,combined,0.5,1,0.01565427607223624,0.297079787321337,,,
eggs_per_flower,(E)-4-oxohex-2-enal,en,,0.13517243684929375,,,,,,,,,,,,,,combined,0.5,1,0.01565427607223624,0.297079787321337,,,
eggs_per_flower,(Z)-α-bergamotene,en,,0.11844038708171674,,,,,,,,,,,,,,combined,0.5,1,0.01565427607223624,0.297079787321337,,,
eggs_per_flower,methyl benzoate,en,,0.002200159296630034,,,,,,,,,,,,,,combined,0.5,1,0.01565427607223624,0.297079787321337,,,
eggs_per_flower,α-copaene,en,,-0.0954697942182708,,,,,,,,,,,,,,combined,0.5,1,0.01565427607223624,0.297079787321337,,,
eggs_per_flower,2-methylbenzonitrile,en,,-0.012295486620222907,,,,,,,,,,,,,,combined,0.5,1,0.01565427607223624,0.297079787321337,,,
eggs_per_flower,Corolla length,en,,0.058487863186263506,,,,,,,,,,,,,,combined,0.5,1,0.01565427607223624,0.297079787321337,,,
eggs_per_flower,Style length,en,,-0.12070758302089703,,,,,,,,,,,,,,combined,0.5,1,0.01565427607223624,0.297079787321337,,,
eggs_per_flower,Corolla width,en,,0.07702037061239446,,,,,,,,,,,,,,combined,0.5,1,0.01565427607223624,0.297079787321337,,,
eggs_per_flower,Nectar production,en,,0.09265104724681861,,,,,,,,,,,,,,combined,0.5,1,0.01565427607223624,0.297079787321337,,,
eggs_per_flower,Nectar concentration,en,,0.01875261223908236,,,,,,,,,,,,,,combined,0.5,1,0.01565427607223624,0.297079787321337,,,
eggs_per_flower,Inflorescence height,en,,0.12073397916889927,,,,,,,,,,,,,,combined,0.5,1,0.01565427607223624,0.297079787321337,,,
