vt.n,sampledate,plot,subplot,plant,in.vt,FileName,in.volsmeta
1,2020-07-01,1,A,257,TRUE,1A257_200701_772021_35.qgd,TRUE
2,2020-07-01,2,A,589,TRUE,2A589_200701_772021_36.qgd,TRUE
3,2020-07-01,2,A,285,TRUE,NA,FALSE
4,2020-07-01,2,B,138,TRUE,NA,FALSE
5,2020-07-01,2,D,193,TRUE,NA,FALSE
6,2020-07-01,3,A,125,TRUE,NA,FALSE
7,2020-07-01,3,A,278,TRUE,NA,FALSE
8,2020-07-01,3,B,603,TRUE,NA,FALSE
9,2020-07-01,5,B,16,TRUE,NA,FALSE
10,2020-07-01,5,D,242,TRUE,NA,FALSE
11,2020-07-01,5,A,185,TRUE,NA,FALSE
12,2020-07-01,1,A,231,TRUE,1A231_200701_752021_02.qgd,TRUE
13,2020-07-01,1,A,244,TRUE,1A244_200701_752021_03.qgd,TRUE
14,2020-07-01,1,A,250,TRUE,1A250_200701_752021_04.qgd,TRUE
15,2020-07-01,1,D,24,TRUE,1D24_200701_752021_06.qgd,TRUE
16,2020-07-01,1,C,64,TRUE,1C64_200701_752021_05.qgd,TRUE
17,2020-07-01,3,C,174,TRUE,3C174_200701_752021_07.qgd,TRUE
18,2020-07-01,3,D,886,TRUE,3D886_200701_752021_08.qgd,TRUE
19,2020-07-01,4,A,114,TRUE,4A114_200701_752021_09.qgd,TRUE
20,2020-07-01,4,B,596,TRUE,NA,FALSE
21,2020-07-01,4,D,47,TRUE,4D47_200701_762021_02.qgd,TRUE
22,2020-07-01,6,C,93,TRUE,6C93_200701_762021_03.qgd,TRUE
23,2020-07-08,6,D,46,TRUE,6D46_200708_762021_19.qgd,TRUE
24,2020-07-08,6,D,68,TRUE,6D68_200708_762021_20.qgd,TRUE
25,2020-07-08,6,D,71,TRUE,6D71_200708_762021_21.qgd,TRUE
26,2020-07-08,3,A,638,TRUE,3A638_200708_762021_22.qgd,TRUE
27,2020-07-08,3,B,831,TRUE,NA,FALSE
28,2020-07-08,3,D,892,TRUE,3D892_200708_762021_23.qgd,TRUE
29,2020-07-08,3,D,875,TRUE,3D875_200708_762021_25.qgd,TRUE
30,2020-07-08,5,A,196,TRUE,5A196_200708_772021_02.qgd,TRUE
31,2020-07-08,5,A,185,TRUE,5A185_200708_772021_03.qgd,TRUE
32,2020-07-08,5,D,274,TRUE,5D274_200708_772021_04.qgd,TRUE
33,2020-07-08,2,B,81,TRUE,2B81_200708_772021_15.qgd,TRUE
34,2020-07-08,2,A,674,TRUE,NA,FALSE
35,2020-07-08,2,D,214,TRUE,NA,FALSE
36,2020-07-08,2,B,195,TRUE,NA,FALSE
37,2020-07-08,2,D,204,TRUE,NA,FALSE
38,2020-07-08,2,D,187,TRUE,NA,FALSE
39,2020-07-08,2,C,270,TRUE,NA,FALSE
40,2020-07-08,2,C,277,TRUE,NA,FALSE
41,2020-07-08,2,A,94,TRUE,NA,FALSE
43,2020-07-08,1,A,246,TRUE,1A246_200708_782021_27.qgd,TRUE
44,2020-07-08,1,A,255,TRUE,1A255_200708_782021_26.qgd,TRUE
45,2020-07-08,1,A,235,TRUE,1A235_200708_782021_28.qgd,TRUE
46,2020-07-08,1,A,133,TRUE,1A133_200708_782021_29.qgd,TRUE
47,2020-07-08,1,A,230,TRUE,1A230_200708_782021_30.qgd,TRUE
48,2020-07-08,1,A,243,TRUE,1A243_200708_782021_31.qgd,TRUE
49,2020-07-08,1,B,649,TRUE,1B649_200708_782021_32.qgd,TRUE
50,2020-07-08,1,C,63,TRUE,1C63_200708_782021_34.qgd,TRUE
51,2020-07-08,1,C,64,TRUE,NA,FALSE
52,2020-07-15,1,C,60,TRUE,1C60_200715_762021_04.qgd,TRUE
53,2020-07-15,1,C,46,TRUE,1C46_200715_762021_05.qgd,TRUE
54,2020-07-15,1,D,37,TRUE,1D37_200715_762021_06.qgd,TRUE
55,2020-07-15,1,D,33,TRUE,1D33_200715_762021_07.qgd,TRUE
56,2020-07-15,1,D,9,TRUE,1D9_200715_762021_09.qgd,TRUE
57,2020-07-15,1,D,17,TRUE,1D17_200715_762021_10.qgd,TRUE
58,2020-07-15,1,D,12,TRUE,1D12_200715_762021_11.qgd,TRUE
59,2020-07-15,1,D,24,TRUE,1D24_200715_762021_12.qgd,TRUE
60,2020-07-15,4,A,68,TRUE,4A68_200715_762021_13.qgd,TRUE
61,2020-07-15,4,A,109,TRUE,4A109_200715_762021_14.qgd,TRUE
62,2020-07-15,4,A,110,TRUE,4A110_200715_762021_15.qgd,TRUE
63,2020-07-15,4,A,121,TRUE,4A121_200715_762021_16.qgd,TRUE
64,2020-07-15,4,A,115,TRUE,4A115_200715_762021_17.qgd,TRUE
65,2020-07-15,4,A,91,TRUE,4A91_200715_762021_18.qgd,TRUE
66,2020-07-15,5,A,180,TRUE,5A180_200715_772021_26.qgd,TRUE
67,2020-07-15,5,B,20,TRUE,5B20_200715_772021_27.qgd,TRUE
68,2020-07-15,5,B,288,TRUE,5B288_200715_772021_28.qgd,TRUE
69,2020-07-15,5,B,5,TRUE,5B5_200715_772021_29.qgd,TRUE
70,2020-07-15,5,C,225,TRUE,5C225_200715_772021_30.qgd,TRUE
71,2020-07-15,5,C,202,TRUE,5C202_200715_772021_31.qgd,TRUE
72,2020-07-15,5,D,269,TRUE,5D269_200715_772021_32.qgd,TRUE
73,2020-07-15,5,D,242,TRUE,5D242_200715_772021_33.qgd,TRUE
75,2020-07-22,1,D,12,TRUE,4B171_32_210709_792021_30.qgd,TRUE
76,2020-07-22,1,D,9,TRUE,1D12_200722_792021_31.qgd,TRUE
77,2020-07-22,1,D,33,TRUE,1D9_200722_792021_32.qgd,TRUE
78,2020-07-22,1,D,31,TRUE,1D33_200722_792021_33.qgd,TRUE
79,2020-07-22,1,C,60,TRUE,1D31_200722_792021_34.qgd,TRUE
80,2020-07-22,1,C,63,TRUE,1C60_200722_792021_35.qgd,TRUE
81,2020-07-22,1,A,251,TRUE,1A251_200722_7112021_02.qgd,TRUE
82,2020-07-22,1,B,650,TRUE,NA,FALSE
83,2020-07-22,1,B,653,TRUE,1B653_200722_7112021_04.qgd,TRUE
84,2020-07-22,1,B,656,TRUE,1B656_200722_7112021_05.qgd,TRUE
85,2020-07-22,1,B,672,TRUE,1B672_200722_7112021_06.qgd,TRUE
86,2020-07-22,1,B,650,TRUE,NA,FALSE
87,2020-07-22,3,A,636,TRUE,3A636_200722_redo_7122021_08.qgd,TRUE
88,2020-07-22,3,A,273,TRUE,3A273_200722_7112021_09.qgd,TRUE
90,2020-07-22,2,C,270,TRUE,2C270_200722_7112021_11.qgd,TRUE
91,2020-07-22,2,C,277,TRUE,2C277_200722_7112021_12.qgd,TRUE
92,2020-07-22,2,C,274,TRUE,2C274_200722_7112021_13.qgd,TRUE
93,2020-07-22,2,C,289,TRUE,2C289_200722_7112021_14.qgd,TRUE
94,2020-07-22,2,C,262,TRUE,2C262_200722_7112021_15.qgd,TRUE
95,2020-07-22,2,C,297,TRUE,2C297_200722_7112021_16.qgd,TRUE
96,2020-07-22,2,C,293,TRUE,2C293_200722_7112021_17.qgd,TRUE
97,2020-07-22,2,C,292,TRUE,2C292_200722_7112021_18.qgd,TRUE
98,2020-07-22,2,B,185,TRUE,2B185_200722_7112021_19.qgd,TRUE
99,2020-07-22,2,B,188,TRUE,2B188_200722_7112021_20.qgd,TRUE
100,2020-07-22,2,B,189,TRUE,2B189_200722_7112021_22.qgd,TRUE
101,2020-07-22,2,B,186,TRUE,2B186_200722_7112021_23.qgd,TRUE
102,2020-07-22,2,B,183,TRUE,2B183_200722_7112021_24.qgd,TRUE
103,2020-07-22,2,B,190,TRUE,2B190_200722_7112021_26.qgd,TRUE
104,2020-07-22,2,B,184,TRUE,2B184_200722_7112021_27.qgd,TRUE
106,2020-07-22,2,B,81,TRUE,2B81_200722_7112021_29.qgd,TRUE
107,2020-07-22,2,B,83,TRUE,2B83_200722_7112021_30.qgd,TRUE
108,2020-07-22,2,B,89,TRUE,2B89_200722_7112021_31.qgd,TRUE
109,2020-07-22,2,B,138,TRUE,2B138_200722_7112021_32.qgd,TRUE
110,2020-07-22,2,B,219,TRUE,NA,FALSE
111,2020-07-22,2,B,220,TRUE,NA,FALSE
112,2020-07-22,2,B,194,TRUE,NA,FALSE
113,2020-07-22,2,B,207,TRUE,NA,FALSE
114,2020-07-29,3,C,137,TRUE,NA,FALSE
115,2020-07-29,3,C,139,TRUE,NA,FALSE
116,2020-07-29,3,C,153,TRUE,NA,FALSE
117,2020-07-29,3,C,153,TRUE,NA,FALSE
118,2020-07-29,3,C,173,TRUE,NA,FALSE
119,2020-07-29,3,C,166,TRUE,NA,FALSE
120,2020-07-29,3,C,177,TRUE,NA,FALSE
121,2020-07-29,3,C,133,TRUE,NA,FALSE
123,2020-07-29,4,D,52,TRUE,NA,FALSE
124,2020-07-29,1,B,650,TRUE,NA,FALSE
125,2020-07-29,1,B,653,TRUE,NA,FALSE
127,2020-07-29,4,A,124,TRUE,4A124_200729_7122021_02.qgd,TRUE
128,2020-07-29,4,A,101,TRUE,4A101_200729_7122021_04.qgd,TRUE
129,2020-07-29,4,A,80,TRUE,4A80_200729_7122021_05.qgd,TRUE
130,2020-07-29,4,A,85,TRUE,4A85_200729_7122021_06.qgd,TRUE
131,2020-07-29,4,A,99,TRUE,4A99_200729_7122021_07.qgd,TRUE
132,2020-07-29,4,B,594,TRUE,4B594_200729_7122021_09.qgd,TRUE
133,2020-07-29,4,C,213,TRUE,4C213_200729_7122021_10.qgd,TRUE
134,2020-07-29,4,C,187,TRUE,4C187_200729_7122021_11.qgd,TRUE
135,2020-07-29,4,C,120,TRUE,4C120_200729_7122021_12.qgd,TRUE
136,2020-07-29,4,C,195,TRUE,4C195_200729_7122021_13.qgd,TRUE
137,2020-07-29,4,D,37,TRUE,4D37_200729_7122021_15.qgd,TRUE
139,2020-07-29,5,D,247,TRUE,5D247_200729_7122021_16.qgd,TRUE
140,2020-07-29,6,D,46,TRUE,6D46_200729_7122021_17.qgd,TRUE
141,2020-07-29,6,C,96,TRUE,6C96_200729_7122021_18.qgd,TRUE
142,2020-07-29,6,C,111,TRUE,6C111_200729_7122021_19.qgd,TRUE
143,2020-07-29,6,C,116,TRUE,6C116_200729_7122021_20.qgd,TRUE
144,2020-07-29,6,C,121,TRUE,6C121_200729_7122021_22.qgd,TRUE
145,2020-07-29,6,A,145,TRUE,6A145_200729_752021_09.qgd,TRUE
145,2020-07-29,6,A,145,TRUE,6A145_200729_752021_09.qgd,TRUE
145,2020-07-29,6,A,145,TRUE,6A145_200729_7122021_23.qgd,TRUE
145,2020-07-29,6,A,145,TRUE,6A145_200729_7122021_23.qgd,TRUE
146,2020-07-29,6,A,136,TRUE,6A136_200729_7122021_24.qgd,TRUE
147,2020-07-29,6,D,59,TRUE,6D59_200729_7122021_25.qgd,TRUE
148,2020-07-29,6,D,64,TRUE,6D64_200729_7122021_26.qgd,TRUE
149,2020-07-29,6,D,45,TRUE,NA,FALSE
150,2020-07-29,6,D,48,TRUE,6D48_200729_7122021_27.qgd,TRUE
151,2020-07-29,5,B,289,TRUE,5B289_200729_7122021_28.qgd,TRUE
152,2020-07-29,5,B,299,TRUE,5B299_200729_7122021_29.qgd,TRUE
153,2020-07-29,5,B,296,TRUE,5B296_200729_7122021_30.qgd,TRUE
154,2020-07-29,5,C,217,TRUE,5C217_200729_7122021_31.qgd,TRUE
155,2020-07-29,5,C,683,TRUE,5C683_200729_7122021_32.qgd,TRUE
156,2020-07-29,5,C,207,TRUE,5C207_200729_7122021_33.qgd,TRUE
157,2020-07-29,5,C,208,TRUE,5C208_200729_7122021_34.qgd,TRUE
158,2020-07-29,3,B,828,TRUE,3B828_200729_752021_05.qgd,TRUE
159,2020-07-29,3,B,838,TRUE,3B838_200729_752021_02.qgd,TRUE
160,2020-07-29,3,B,618,TRUE,3B618_200729_752021_04.qgd,TRUE
161,2020-07-29,3,A,641,TRUE,3A641_200729_752021_03.qgd,TRUE
162,2020-07-29,3,D,881,TRUE,3D881_200729_752021_06.qgd,TRUE
163,2020-07-29,3,D,895,TRUE,3D895_200729_752021_07.qgd,TRUE
164,2020-07-29,5,A,180,TRUE,5A180_200729_752021_08.qgd,TRUE
165,2020-07-29,6,A,145,TRUE,6A145_200729_752021_09.qgd,TRUE
165,2020-07-29,6,A,145,TRUE,6A145_200729_752021_09.qgd,TRUE
165,2020-07-29,6,A,145,TRUE,6A145_200729_7122021_23.qgd,TRUE
165,2020-07-29,6,A,145,TRUE,6A145_200729_7122021_23.qgd,TRUE
166,2019-07-29,2,C,298,TRUE,2C298_190729_812019_02.qgd,TRUE
167,2019-07-29,2,C,202,TRUE,2C202_190729_812019_11.qgd,TRUE
168,2019-07-29,2,C,288,TRUE,2C288_190729_812019_16.qgd,TRUE
169,2019-07-29,2,C,277,TRUE,2C277_190729_812019_08.qgd,TRUE
170,2019-07-29,2,C,268,TRUE,2C268_190729_812019_06.qgd,TRUE
172,2019-07-29,3,C,179,TRUE,3C179_190729_812019_10.qgd,TRUE
173,2019-07-29,3,C,182,TRUE,3C182_190729_812019_04.qgd,TRUE
174,2019-07-29,2,B,99,TRUE,2B99_190729_812019_07.qgd,TRUE
175,2019-07-29,2,B,177,TRUE,2B177_190729_812019_05.qgd,TRUE
176,2019-07-29,3,B,823,TRUE,3B823_190729_812019_09.qgd,TRUE
177,2019-07-29,3,B,605,TRUE,3B605_190729_812019_15.qgd,TRUE
178,2019-07-29,5,D,240,TRUE,5D240_190729_812019_12.qgd,TRUE
179,2019-07-29,5,D,266,TRUE,5D266_190729_812019_03.qgd,TRUE
181,2019-08-05,1,A,259,TRUE,1A259_190805_8112019_14.qgd,TRUE
182,2019-08-05,1,B,684,TRUE,1B684_190805_8112019_13.qgd,TRUE
183,2019-08-05,1,C,72,TRUE,1C72_190805_8112019_12.qgd,TRUE
184,2019-08-05,2,B,130,TRUE,2B130_190805_8112019_11.qgd,TRUE
185,2019-08-05,2,C,277,TRUE,2C277_190805_8112019_18.qgd,TRUE
186,2019-08-05,2,C,298,TRUE,2C298_190805_8112019_16.qgd,TRUE
187,2019-08-05,2,C,300,TRUE,2C300_190805_8112019_15.qgd,TRUE
188,2019-08-05,2,D,225,TRUE,2D225_190805_8112019_19.qgd,TRUE
189,2019-08-05,5,A,200,TRUE,5A200_190805_8112019_20.qgd,TRUE
190,2019-08-05,5,A,202,TRUE,5A202_190805_8112019_09.qgd,TRUE
191,2019-08-05,5,B,6,TRUE,5B6_190805_8112019_23.qgd,TRUE
192,2019-08-05,5,B,30,TRUE,5B30_190805_8112019_22.qgd,TRUE
193,2019-08-05,5,D,272,TRUE,5D272_190805_8132019_04.qgd,TRUE
194,2019-08-05,5,D,286,TRUE,5D286_190805_8132019_06.qgd,TRUE
195,2019-08-05,5,D,282,TRUE,5D282_190805_8132019_07.qgd,TRUE
196,2019-08-05,5,D,288,TRUE,5D288_190805_8132019_02.qgd,TRUE
197,2019-07-24,4,A,89,TRUE,4A89_190724_812019_23.qgd,TRUE
198,2019-07-24,4,B,173,TRUE,4B173_190724_812019_20.qgd,TRUE
200,2019-07-24,4,C,115,TRUE,4C115_190724_812019_21.qgd,TRUE
201,2019-07-24,4,C,199,TRUE,4C199_190724_7282019_19.qgd,TRUE
202,2019-07-24,4,D,58,TRUE,4D58_190724_812019_16.qgd,TRUE
203,2019-07-24,4,D,62,TRUE,4D62_190724_7282019_20.qgd,TRUE
204,2019-07-24,4,D,43,TRUE,4D43_190724_7272019_27.qgd,TRUE
205,2019-07-24,4,C,641,TRUE,NA,FALSE
206,2019-07-24,4,C,642,TRUE,4C642_190724_7272019_18.qgd,TRUE
207,2019-07-24,4,C,643,TRUE,4C643_190724_812019_24.qgd,TRUE
208,2019-07-24,3,C,151,TRUE,NA,FALSE
209,2019-07-24,3,C,149,TRUE,3C149_190724_822019_03.qgd,TRUE
210,2019-07-24,3,C,167,TRUE,NA,FALSE
211,2019-07-24,3,B,686,TRUE,5B19_190724_822019_16.qgd,TRUE
212,2019-07-24,3,B,687,TRUE,3B687_190724_812019_14.qgd,TRUE
215,2019-07-26,3,C,161,TRUE,3B686_190724_822019_17.qgd,TRUE
216,2019-07-26,3,C,185,TRUE,3C185_190726_812019_03.qgd,TRUE
217,2019-07-26,3,C,148,TRUE,3C148_190726_812019_05.qgd,TRUE
218,2019-07-26,3,C,146,TRUE,2C300_190726_822019_11.qgd,TRUE
219,2019-07-26,3,C,142,TRUE,3C146_190726_822019_12.qgd,TRUE
220,2019-07-26,3,C,140,TRUE,5A193_190726_822019_09.qgd,TRUE
221,2019-07-26,3,C,131,TRUE,Air_190729_822019_02.qgd,TRUE
222,2019-07-26,3,C,184,TRUE,3C184_190726_812019_14.qgd,TRUE
223,2019-07-26,3,C,150,TRUE,NA,FALSE
224,2019-07-26,3,C,183,TRUE,NA,FALSE
225,2019-07-26,1,B,657,TRUE,3C131_190726_822019_03.qgd,TRUE
226,2019-07-26,2,D,205,TRUE,2D212A_190726_822019_08.qgd,TRUE
227,2019-07-26,2,D,209,TRUE,1B657_190726_822019_04.qgd,TRUE
228,2019-07-26,2,D,212,TRUE,NA,FALSE
229,2019-07-26,2,D,212,TRUE,NA,FALSE
230,2019-07-26,2,C,202,TRUE,2D212B_190726_822019_06.qgd,TRUE
231,2019-07-26,2,D,256,TRUE,2D205_190726_822019_09.qgd,TRUE
232,2019-07-26,2,A,166,TRUE,NA,FALSE
233,2019-07-26,2,C,300,TRUE,2D256_190726_822019_10.qgd,TRUE
234,2019-08-05,6,D,79,TRUE,6D79_190805_8112019_07.qgd,TRUE
235,2019-08-05,6,B,2,TRUE,6B2_190805_8112019_05.qgd,TRUE
236,2019-08-05,6,B,7,TRUE,6B7_190805_8112019_06.qgd,TRUE
237,2019-08-05,6,B,36,TRUE,6B36_190805_8112019_04.qgd,TRUE
238,2019-08-05,4,D,46,TRUE,4D46_190805_8112019_02.qgd,TRUE
239,2019-08-05,4,D,54,TRUE,4D54_190805_8112019_21.qgd,TRUE
240,2019-08-05,2,D,256,TRUE,2D256_190805_8112019_10.qgd,TRUE
241,2019-08-05,2,D,258,TRUE,NA,FALSE
242,2019-08-05,4,A,124,TRUE,4A124_190805_8112019_08.qgd,TRUE
243,2019-08-05,4,A,168,TRUE,4A168_190805_8112019_03.qgd,TRUE
245,2019-07-22,2,B,201,TRUE,NA,FALSE
246,2019-07-22,2,D,257,TRUE,2D257_190722_7272019_12.qgd,TRUE
247,2019-07-22,2,C,268,TRUE,2C268_190722_7272019_10.qgd,TRUE
248,2019-07-22,2,B,92,TRUE,2B92_190722_7272019_13.qgd,TRUE
249,2019-07-22,2,A,679,TRUE,2A679_190722_7272019_15.qgd,TRUE
250,2019-07-22,2,A,158,TRUE,2A158_190722_7272019_14.qgd,TRUE
251,2019-07-22,3,C,183,TRUE,3C183_190722_7272019_19.qgd,TRUE
251,2019-07-22,3,C,183,TRUE,3C183_190722_7272019_19.qgd,TRUE
252,2019-07-22,3,C,184,TRUE,3C184_190722_7272019_20.qgd,TRUE
253,2019-07-22,3,A,120,TRUE,3A120_190722_7282019_10.qgd,TRUE
254,2019-07-22,5,C,228,TRUE,5C228_190722_7272019_21.qgd,TRUE
255,2019-07-22,5,C,514,TRUE,NA,FALSE
256,2019-07-22,5,D,257,TRUE,5D257_190722_7282019_02.qgd,TRUE
257,2019-07-22,4,D,35,TRUE,NA,FALSE
258,2019-07-22,4,D,60,TRUE,NA,FALSE
260,2019-07-16,4,A,123,TRUE,6C108_190707_7262019_03.qgd,TRUE
261,2019-07-16,4,C,109,TRUE,nolabel_190716_7262019_16.qgd,TRUE
262,2019-07-16,4,D,61,TRUE,3D256_190716_7262019_09.qgd,TRUE
263,2019-07-16,4,B,168,TRUE,1C43_190717_7262019_14.qgd,TRUE
265,2019-07-16,3,C,214,TRUE,3D282_190716_7262019_11.qgd,TRUE
266,2019-07-16,3,D,256,TRUE,1B684_190717_7262019_08.qgd,TRUE
268,2019-07-22,1,C,47,TRUE,NA,FALSE
269,2019-07-22,1,C,43,TRUE,NA,FALSE
270,2019-07-22,1,B,684,TRUE,NA,FALSE
271,2019-07-22,2,D,211,TRUE,NA,FALSE
272,2019-07-22,3,C,183,TRUE,3C183_190722_7272019_19.qgd,TRUE
272,2019-07-22,3,C,183,TRUE,3C183_190722_7272019_19.qgd,TRUE
273,2019-07-22,4,D,199,TRUE,NA,FALSE
274,2019-07-22,4,A,68,TRUE,NA,FALSE
276,2019-07-24,5,A,179,TRUE,5A174_190724_822019_11.qgd,TRUE
277,2019-07-24,5,B,19,TRUE,5B3_190724_822019_15.qgd,TRUE
278,2019-07-24,5,C,201,TRUE,5C201_190724_7282019_08.qgd,TRUE
279,2019-07-24,5,C,229,TRUE,5C229_190724_7282019_09.qgd,TRUE
280,2019-07-24,5,D,246,TRUE,5D246_190724_822019_06.qgd,TRUE
281,2019-07-24,5,B,3,TRUE,6C122_190724_822019_14.qgd,TRUE
282,2019-07-24,5,A,183,TRUE,5A183_190724_7282019_18.qgd,TRUE
283,2019-07-24,5,A,174,TRUE,3C140_190726_822019_10.qgd,TRUE
284,2019-07-24,6,B,23,TRUE,6B23_190724_822019_04.qgd,TRUE
285,2019-07-24,6,B,35,TRUE,6B35_190724_7272019_17.qgd,TRUE
286,2019-07-24,6,D,39,TRUE,5A179_190724_822019_12.qgd,TRUE
287,2019-07-24,6,C,122,TRUE,6D39_190724_822019_13.qgd,TRUE
288,2019-07-24,1,A,246,TRUE,1A246_190724_812019_13.qgd,TRUE
289,2019-07-24,1,A,258,TRUE,1A258_190724_7282019_17.qgd,TRUE
290,2019-07-24,1,A,236,TRUE,1A236_190724_812019_09.qgd,TRUE
291,2019-07-24,1,A,239,TRUE,1A239_190724_812019_10.qgd,TRUE
292,2019-07-24,1,B,670,TRUE,1B670_190724_812019_12.qgd,TRUE
293,2019-07-24,1,D,34,TRUE,1D34_190724_812019_08.qgd,TRUE
294,2019-07-24,1,D,19,TRUE,1D19_190724_7282019_16.qgd,TRUE
295,2019-07-24,2,C,300,TRUE,2C300_190724_7272019_24.qgd,TRUE
296,2019-07-24,2,C,202,TRUE,2C202_190724_7282019_15.qgd,TRUE
297,2019-07-24,2,D,221,TRUE,2D221_190724_7272019_16.qgd,TRUE
298,2019-07-24,2,D,258,TRUE,2D258_190724_7282019_06.qgd,TRUE
299,2019-07-24,2,D,222,TRUE,2D222_190724_7282019_05.qgd,TRUE
300,2019-07-24,2,A,166,TRUE,2A166_190724_7282019_13.qgd,TRUE
302,2019-07-24,3,A,272,TRUE,NA,FALSE
303,2019-07-24,1,D,5,TRUE,1D5_190724_7282019_14.qgd,TRUE
304,2019-07-24,3,A,642,TRUE,3A642_190724_7282019_07.qgd,TRUE
305,2019-07-24,3,A,659,TRUE,3A659_190724_812019_11.qgd,TRUE
306,2019-07-26,5,C,217,TRUE,5C217_190726_812019_20.qgd,TRUE
307,2019-07-26,5,C,209,TRUE,5C209_190726_812019_18.qgd,TRUE
308,2019-07-26,5,A,201,TRUE,5A201_190726_812019_04.qgd,TRUE
309,2019-07-26,5,A,195,TRUE,5A195_190726_812019_02.qgd,TRUE
310,2019-07-26,5,A,193,TRUE,NA,FALSE
311,2019-07-26,5,A,196,TRUE,5A196_190726_812019_19.qgd,TRUE
312,2019-07-26,5,D,241,TRUE,NA,FALSE
313,2019-07-26,5,A,203,TRUE,5A203_190726_812019_07.qgd,TRUE
314,2019-07-26,5,B,17,TRUE,5B17_190726_822019_07.qgd,TRUE
315,2019-07-26,5,B,13,TRUE,NA,FALSE
316,2019-07-26,5,D,234,TRUE,5D234_190726_812019_19.qgd,TRUE
316,2019-07-26,5,D,234,TRUE,5D234_190726_812019_17.qgd,TRUE
317,2019-07-26,6,D,80,TRUE,6D80_190726_812019_17.qgd,TRUE
318,2019-07-26,6,D,50,TRUE,6D50_190726_812019_13.qgd,TRUE
319,2019-07-26,6,D,81,TRUE,6D81_190726_812019_06.qgd,TRUE
321,2018-06-22,3,A,128,TRUE,3A128_June22_07262018.qgd,TRUE
322,2018-06-22,2,B,87,TRUE,2B87_June22_07262018_5C205_June27.qgd,TRUE
323,2018-06-22,3,C,156,TRUE,3C156_June22_07262018_3D884_June22.qgd,TRUE
324,2018-06-22,2,C,291,TRUE,2C291_June22_07262018.qgd,TRUE
326,2018-06-22,2,D,200,TRUE,2D200_June22_07262018.qgd,TRUE
327,2018-06-22,3,D,884,TRUE,NA,FALSE
328,2018-06-25,5,A,181,TRUE,5A181_June25_07262018_Air_June27.qgd,TRUE
328,2018-06-25,5,A,181,TRUE,5A181_June25v2_07282018.qgd,TRUE
329,2018-06-25,6,B,26,TRUE,6B26_June25_07292018.qgd,TRUE
331,2018-06-25,6,D,47,TRUE,6D47_June25_07262018.qgd,TRUE
332,2018-06-27,6,C,78,TRUE,6C78_June27_07282018.qgd,TRUE
333,2018-06-27,5,C,245,TRUE,NA,FALSE
335,2018-06-27,4,D,45,TRUE,NA,FALSE
336,2018-06-27,5,D,205,TRUE,NA,FALSE
337,2018-06-27,5,D,231,TRUE,5D231_June27_07262018_2B87_June22.qgd,TRUE
338,2018-06-28,4,A,69,TRUE,4A69_June28_07292018.qgd,TRUE
339,2018-06-28,1,A,232,TRUE,1A232_June28_07262018_2C265_June19.qgd,TRUE
340,2018-06-28,4,B,189,TRUE,4B189_June28_07282018.qgd,TRUE
341,2018-06-28,1,B,655,TRUE,NA,FALSE
342,2018-06-28,1,C,50,TRUE,NA,FALSE
343,2018-06-28,4,C,119,TRUE,4C119_June28_07292018.qgd,TRUE
345,2018-06-29,3,A,128,TRUE,3A128_June29_07292018.qgd,TRUE
346,2018-06-29,2,B,195,TRUE,2B195_June29_07282018.qgd,TRUE
347,2018-06-29,3,B,833,TRUE,NA,FALSE
348,2018-06-29,3,C,168,TRUE,3C168_June29_07282018.qgd,TRUE
349,2018-06-29,2,C,265,TRUE,NA,FALSE
351,2018-06-29,2,D,209,TRUE,NA,FALSE
352,2018-07-03,6,A,166,TRUE,6A166_July3_07292018.qgd,TRUE
353,2018-07-03,5,A,175,TRUE,5A175_July3_07282018.qgd,TRUE
354,2018-07-03,5,B,7,TRUE,5B7_July3_07292018.qgd,TRUE
355,2018-07-03,6,B,28,TRUE,6B28_July3_07282018.qgd,TRUE
356,2018-07-03,6,C,103,TRUE,NA,FALSE
357,2018-07-03,5,C,220,TRUE,5C220_July3_07292018.qgd,TRUE
359,2018-07-03,6,D,66,TRUE,NA,FALSE
360,2018-07-03,5,D,258,TRUE,NA,FALSE
361,2018-07-05,3,A,127,TRUE,3D858_Aug2_08022018_3A127_July5_08022018.qgd,TRUE
362,2018-07-05,1,A,172,TRUE,NA,FALSE
363,2018-07-05,1,A,238,TRUE,1A238_July5_07282018.qgd,TRUE
364,2018-07-05,3,A,647,TRUE,3A647_July5_08032018.qgd,TRUE
365,2018-07-05,1,B,87,TRUE,NA,FALSE
366,2018-07-05,1,B,99,TRUE,1B99_July5_08032018.qgd,TRUE
367,2018-07-05,1,B,664,TRUE,1B664_July5_08032018.qgd,TRUE
368,2018-07-05,1,B,678,TRUE,1B678_July5_08032018.qgd,TRUE
369,2018-07-05,3,B,824,TRUE,3B824_July5_08032018.qgd,TRUE
370,2018-07-05,1,C,62,TRUE,1C62_July5_08032018.qgd,TRUE
371,2018-07-05,3,C,98,TRUE,3C98_July5_08042018.qgd,TRUE
372,2018-07-05,3,C,147,TRUE,3C147_July5_07292018.qgd,TRUE
373,2018-07-05,3,C,163,TRUE,3C163_July5_08032018.qgd,TRUE
374,2018-07-05,3,C,171,TRUE,3C171_July5_07302018.qgd,TRUE
375,2018-07-05,5,C,206,TRUE,5C206_July5_08032018.qgd,TRUE
376,2018-07-05,1,C,266,TRUE,NA,FALSE
378,2018-07-05,1,D,29,TRUE,1D29_July5_08032018.qgd,TRUE
379,2018-07-05,1,D,218,TRUE,NA,FALSE
380,2018-07-05,5,D,232,TRUE,5D232_July5_08032018.qgd,TRUE
381,2018-07-05,5,D,251,TRUE,Air_July6_08022018_5D251_July5_08022018.qgd,TRUE
382,2018-07-05,3,D,853,TRUE,3D853_July5_08032018.qgd,TRUE
383,2018-07-06,4,A,75,TRUE,4A75_July6_07302018.qgd,TRUE
384,2018-07-06,4,A,95,TRUE,4A95_July6_07302018.qgd,TRUE
385,2018-07-06,5,A,189,TRUE,5A189_July6_07302018.qgd,TRUE
386,2018-07-06,5,A,194,TRUE,5A194_July6_07302018.qgd,TRUE
387,2018-07-06,6,B,20,TRUE,6B20_July6_07302018.qgd,TRUE
388,2018-07-06,6,B,34,TRUE,6B34_July6_07302018.qgd,TRUE
389,2018-07-06,5,B,574,TRUE,NA,FALSE
390,2018-07-06,6,B,632,TRUE,6B632_July6_07302018.qgd,TRUE
391,2018-07-06,6,C,109,TRUE,6C109_July6_07302018.qgd,TRUE
392,2018-07-06,4,C,118,TRUE,5C205_July6_08022018_4C_118_July6_08022018.qgd,TRUE
393,2018-07-06,5,C,205,TRUE,3A127_July5_08022018_5C205_July6_08022018.qgd,TRUE
395,2018-07-06,4,D,26,TRUE,4D26_July6_07302018.qgd,TRUE
396,2018-07-06,4,D,35,TRUE,4D35_July6_07302018.qgd,TRUE
397,2018-07-06,5,D,228,TRUE,5D228July06_07182018.qgd,TRUE
398,2018-07-06,5,D,232,TRUE,5D232_July6_07292018.qgd,TRUE
399,2018-07-06,5,D,245,TRUE,5D245_July6_08032018.qgd,TRUE
400,2018-07-06,5,D,258,TRUE,NA,FALSE
401,2018-07-09,6,A,125,TRUE,6A125_July9_08042018.qgd,TRUE
402,2018-07-09,3,A,127,TRUE,3A127July09_07182018.qgd,TRUE
403,2018-07-09,6,A,143,TRUE,6A143_July9_07282018.qgd,TRUE
404,2018-07-09,6,A,167,TRUE,6A167_July9_08052018.qgd,TRUE
405,2018-07-09,2,A,171,TRUE,2A171_July9_08052018.qgd,TRUE
406,2018-07-09,2,A,172,TRUE,2B199_July9_08012018_2A172_July9_08012018.qgd,TRUE
407,2018-07-09,5,A,176,TRUE,5A176_July9_07292018.qgd,TRUE
408,2018-07-09,5,A,180,TRUE,5A180July09_07182018.qgd,TRUE
409,2018-07-09,5,A,182,TRUE,5D251_July5_08022018_5A182_July9_08_02_2018.qgd,TRUE
410,2018-07-09,5,B,15,TRUE,5B15_July9_08052018.qgd,TRUE
411,2018-07-09,5,B,22,TRUE,5B22_July9_08042018.qgd,TRUE
412,2018-07-09,2,B,129,TRUE,2B129_July9_07292018.qgd,TRUE
413,2018-07-09,2,B,199,TRUE,2C276_July9_08012018_2B199_July9_08012018.qgd,TRUE
414,2018-07-09,5,B,292,TRUE,5B292_July9_07292018.qgd,TRUE
415,2018-07-09,3,B,601,TRUE,3B601July09_07182018.qgd,TRUE
416,2018-07-09,2,C,100,TRUE,2C100_July9_07302018.qgd,TRUE
417,2018-07-09,3,C,156,TRUE,3C156_July9_07302018.qgd,TRUE
418,2018-07-09,3,C,171,TRUE,3C171_July9_07282018.qgd,TRUE
418,2018-07-09,3,C,171,TRUE,3C171_July9_v2_07302018.qgd,TRUE
419,2018-07-09,2,C,276,TRUE,6D38_July30_08012018_2C276_July9_08012018.qgd,TRUE
421,2018-07-09,6,D,44,TRUE,NA,FALSE
422,2018-07-09,6,D,51,TRUE,6D51_July9_08042018.qgd,TRUE
423,2018-07-09,2,D,212,TRUE,2D212July09_07182018.qgd,TRUE
424,2018-07-09,2,D,218,TRUE,2D218_July9_07262018.qgd,TRUE
425,2018-07-09,3,D,877,TRUE,NA,FALSE
426,2018-07-09,3,D,879,TRUE,3D879_July9_07282018.qgd,TRUE
427,2018-07-11,4,A,117,TRUE,4A117_July11_08042018.qgd,TRUE
428,2018-07-11,4,A,90,TRUE,4a90July11_07182018.qgd,TRUE
429,2018-07-11,4,B,175,TRUE,4B175_July11_08032018.qgd,TRUE
430,2018-07-11,4,D,45,TRUE,4D45_July11_08032018.qgd,TRUE
431,2018-07-11,1,D,29,TRUE,1D29_July11_08042018.qgd,TRUE
432,2018-07-11,1,C,50,TRUE,NA,FALSE
433,2018-07-11,1,A,253,TRUE,1A253_July11_07292018.qgd,TRUE
434,2018-07-11,1,B,655,TRUE,1B655July11_07182018.qgd,TRUE
435,2018-07-11,2,A,171,TRUE,2A171_July11_08042018.qgd,TRUE
436,2018-07-11,2,D,118,TRUE,NA,FALSE
437,2018-07-11,2,C,265,TRUE,2C265_July11_08042018.qgd,TRUE
439,2018-07-11,2,D,189,TRUE,2D189_July11_08042018.qgd,TRUE
440,2018-07-16,3,D,874,TRUE,3D874_July16_07262018.qgd,TRUE
441,2018-07-16,3,D,858,TRUE,3D858_July16_07262018.qgd,TRUE
441,2018-07-16,3,D,858,TRUE,3D858_July16_07282018.qgd,TRUE
441,2018-07-16,3,D,858,TRUE,3D858_July16v2_07282018.qgd,TRUE
442,2018-07-16,3,C,94,TRUE,3C94July16_07162018.qgd,TRUE
443,2018-07-16,3,C,147,TRUE,3C147_July16_07262018.qgd,TRUE
444,2018-07-16,3,B,601,TRUE,3B601_July16_07262018.qgd,TRUE
445,2018-07-16,5,D,283,TRUE,5D283_July16_07262018.qgd,TRUE
446,2018-07-16,5,A,173,TRUE,5A173_July16_08042018.qgd,TRUE
447,2018-07-16,5,C,221,TRUE,5C221_July16_07262018.qgd,TRUE
448,2018-07-16,5,C,216,TRUE,5C216_July16_07262018.qgd,TRUE
449,2018-07-16,5,B,284,TRUE,5B284_July16_07262018.qgd,TRUE
451,2018-07-16,6,C,82,TRUE,6C82_July16_08042018.qgd,TRUE
452,2018-07-16,6,D,54,TRUE,6D54_July16_07262018.qgd,TRUE
453,2018-07-16,6,C,106,TRUE,6C106_July16_08042018.qgd,TRUE
454,2018-07-16,6,C,271,TRUE,NA,FALSE
455,2018-07-16,6,B,28,TRUE,6B28_July16_08042018.qgd,TRUE
456,2018-07-16,6,D,55,TRUE,6D55_July16_07262018.qgd,TRUE
457,2018-08-02,1,A,232,TRUE,4A63_Aug2_08022018_1A232_1_Aug2_08022018.qgd,TRUE
457,2018-08-02,1,A,232,TRUE,4A63_Aug2_08022018_1A232_1_Aug2_08022018.qgd,TRUE
457,2018-08-02,1,A,232,TRUE,1A232_1_Aug2_08022018_1A232_2_Aug2_08022018.qgd,TRUE
457,2018-08-02,1,A,232,TRUE,1A232_1_Aug2_08022018_1A232_2_Aug2_08022018.qgd,TRUE
458,2018-08-02,1,A,232,TRUE,4A63_Aug2_08022018_1A232_1_Aug2_08022018.qgd,TRUE
458,2018-08-02,1,A,232,TRUE,4A63_Aug2_08022018_1A232_1_Aug2_08022018.qgd,TRUE
458,2018-08-02,1,A,232,TRUE,1A232_1_Aug2_08022018_1A232_2_Aug2_08022018.qgd,TRUE
458,2018-08-02,1,A,232,TRUE,1A232_1_Aug2_08022018_1A232_2_Aug2_08022018.qgd,TRUE
459,2018-08-02,2,D,206,TRUE,1A232_2_Aug2_08022018_2D206_2_Aug2_08022018.qgd,TRUE
459,2018-08-02,2,D,206,TRUE,1A232_2_Aug2_08022018_2D206_2_Aug2_08022018.qgd,TRUE
459,2018-08-02,2,D,206,TRUE,2D206_2_Aug2_08022018_2D206_Aug2_08022018.qgd,TRUE
459,2018-08-02,2,D,206,TRUE,2D206_2_Aug2_08022018_2D206_Aug2_08022018.qgd,TRUE
460,2018-08-02,2,D,206,TRUE,1A232_2_Aug2_08022018_2D206_2_Aug2_08022018.qgd,TRUE
460,2018-08-02,2,D,206,TRUE,1A232_2_Aug2_08022018_2D206_2_Aug2_08022018.qgd,TRUE
460,2018-08-02,2,D,206,TRUE,2D206_2_Aug2_08022018_2D206_Aug2_08022018.qgd,TRUE
460,2018-08-02,2,D,206,TRUE,2D206_2_Aug2_08022018_2D206_Aug2_08022018.qgd,TRUE
461,2018-08-02,3,C,163,TRUE,2D206_Aug2_08022018_3C163_Aug2_08022018.qgd,TRUE
462,2018-08-02,3,C,147,TRUE,3C147__1_Aug2_July30_08022018.qgd,TRUE
462,2018-08-02,3,C,147,TRUE,3C147__1_Aug2_July30_08022018.qgd,TRUE
462,2018-08-02,3,C,147,TRUE,3C163_Aug2_08022018_3C147_2_Aug2_08022018.qgd,TRUE
462,2018-08-02,3,C,147,TRUE,3C163_Aug2_08022018_3C147_2_Aug2_08022018.qgd,TRUE
463,2018-08-02,3,C,147,TRUE,3C147__1_Aug2_July30_08022018.qgd,TRUE
463,2018-08-02,3,C,147,TRUE,3C147__1_Aug2_July30_08022018.qgd,TRUE
463,2018-08-02,3,C,147,TRUE,3C163_Aug2_08022018_3C147_2_Aug2_08022018.qgd,TRUE
463,2018-08-02,3,C,147,TRUE,3C163_Aug2_08022018_3C147_2_Aug2_08022018.qgd,TRUE
464,2018-08-02,3,D,858,TRUE,3C147_2_Aug2_08022018_3D858_Aug2_08022018.qgd,TRUE
465,2018-08-02,2,A,172,TRUE,2A172_Aug2_08022018.qgd,TRUE
466,2018-08-02,3,A,128,TRUE,3A128_v2_Aug2_08032018.qgd,TRUE
468,2018-08-02,4,A,63,TRUE,Air_Aug2_08022018_4A63_Aug2_08022018.qgd,TRUE
469,2018-07-17,4,A,76,TRUE,4A76_July17_07262018.qgd,TRUE
470,2018-07-17,4,D,45,TRUE,4D45_July17_08042018.qgd,TRUE
471,2018-07-17,2,D,189,TRUE,2D189_July17_08042018.qgd,TRUE
472,2018-07-17,2,D,218,TRUE,2D218_July17_08042018.qgd,TRUE
472,2018-07-17,2,D,218,TRUE,2D218_July17_08042018.qgd,TRUE
473,2018-07-17,2,D,212,TRUE,2D212_July17_07262018.qgd,TRUE
474,2018-07-17,2,C,100,TRUE,2C100_July17_07262018.qgd,TRUE
475,2018-07-24,5,C,216,TRUE,5C216July24_07252018.qgd,TRUE
476,2018-07-24,5,C,221,TRUE,NA,FALSE
478,2018-07-24,3,B,833,TRUE,3B833_July24_07262018.qgd,TRUE
479,2018-07-24,3,B,601,TRUE,3B601_July24_07262018.qgd,TRUE
480,2018-07-24,3,C,98,TRUE,3C98July24_07252018.qgd,TRUE
481,2018-07-24,3,C,147,TRUE,3C147July24_07252018.qgd,TRUE
483,2018-07-24,1,A,253,TRUE,1A253July24_07252018.qgd,TRUE
484,2018-07-24,1,D,29,TRUE,1D29_July24_07252018.qgd,TRUE
485,2018-07-24,2,D,200,TRUE,2D200_July24_07262018.qgd,TRUE
486,2018-07-24,2,D,206,TRUE,2D206_July24_07262018.qgd,TRUE
487,2018-07-24,2,C,258,TRUE,2C258July24_07252018.qgd,TRUE
NA,2018-07-11,2,D,218,FALSE,2D218July11_07182018.qgd,TRUE
NA,2018-07-19,3,D,877,FALSE,3D877_July19_07262018.qgd,TRUE
NA,2018-07-27,5,D,245,FALSE,5D245_July27_07262018.qgd,TRUE
NA,2018-06-22,3,D,844,FALSE,3D844_June22_07262018_5D231_June27.qgd,TRUE
NA,2018-06-27,5,C,205,FALSE,5C205_June27_07262018_5A181_June25.qgd,TRUE
NA,2018-06-28,3,B,833,FALSE,3B833_June28_07282018.qgd,TRUE
NA,2018-07-03,5,C,103,FALSE,5C103_July3_07282018.qgd,TRUE
NA,2018-07-05,2,A,172,FALSE,2A172_July5_07282018.qgd,TRUE
NA,2018-07-06,2,D,258,FALSE,2D258_July6_07282018.qgd,TRUE
NA,2018-07-05,2,B,87,FALSE,2B87_July5_07292018.qgd,TRUE
NA,2018-06-29,2,D,200,FALSE,2D200_June29_07292018.qgd,TRUE
NA,2018-07-05,2,D,218,FALSE,2D218_July5_07292018.qgd,TRUE
NA,2018-06-28,4,D,45,FALSE,4D45_June28_07302018.qgd,TRUE
NA,2018-07-05,6,D,66,FALSE,6D66_July5_07302018.qgd,TRUE
NA,2018-07-05,2,C,266,FALSE,2C266_July5_07302018.qgd,TRUE
NA,2018-07-03,6,D,258,FALSE,6D258_3_July3_07302018.qgd,TRUE
NA,2018-07-30,6,A,160,FALSE,6A160_July30_08012018.qgd,TRUE
NA,2018-07-30,5,A,173,FALSE,5A173_2_July30_08012018.qgd,TRUE
NA,2018-07-30,6,D,45,FALSE,5A175_July30_08012018_6D45_08012018.qgd,TRUE
NA,2018-07-30,5,A,173,FALSE,6D45_July30_08012018_5A173_July30_08012018.qgd,TRUE
NA,2018-07-30,6,B,25,FALSE,5A173_July30_08012018_6B25_July30_08012018.qgd,TRUE
NA,2018-07-30,5,A,181,FALSE,6B25_July30_08012018_5A181_July30_08012018.qgd,TRUE
NA,2018-07-30,6,C,102,FALSE,5A181_July30_08012018_6C102_1_July30_08012018.qgd,TRUE
NA,2018-07-30,5,C,221,FALSE,6C102_1_July30_08012018_5C221_July30_08012018.qgd,TRUE
NA,2018-07-30,6,C,82,FALSE,5C221_July30_08012018_6C82_July30_08012018.qgd,TRUE
NA,2018-07-30,5,C,216,FALSE,6C82_July30_08012018_5C216_July30_08012018.qgd,TRUE
NA,2018-07-30,6,C,87,FALSE,Air_July30_08012018_6C87_July30_08012018.qgd,TRUE
NA,2018-07-30,6,B,34,FALSE,6C87_July30_08012018_6B34_July30_08012018.qgd,TRUE
NA,2018-07-30,6,C,102,FALSE,6B34_July30_08012018_6C102_July30_08012018.qgd,TRUE
NA,2018-07-30,6,D,38,FALSE,6C102_July30_08012018_6D38_July30_08012018.qgd,TRUE
NA,2018-07-30,5,A,175,FALSE,5A175_v3_July30_08032018.qgd,TRUE
NA,2018-07-06,5,B,15,FALSE,5B15_July6_08032018.qgd,TRUE
NA,2018-07-09,6,D,167,FALSE,6D167_July9_08042018.qgd,TRUE
NA,2018-07-11,1,C,60,FALSE,1C60_July11_08042018.qgd,TRUE
NA,2019-07-17,1,C,47,FALSE,Air_190716_7262019_06.qgd,TRUE
NA,2019-07-17,1,B,684,FALSE,1C47_190717_7262019_07.qgd,TRUE
NA,2019-07-16,3,D,282,FALSE,4D61_190716_7262019_10.qgd,TRUE
NA,2019-07-17,1,C,43,FALSE,Blank2_7262019_13.qgd,TRUE
NA,2019-07-17,3,C,183,FALSE,4C109_190716_7262019_17.qgd,TRUE
NA,2019-07-07,2,D,211,FALSE,3C183_190717_7262019_18.qgd,TRUE
NA,2019-07-17,4,D,199,FALSE,2D211_190707_7262019_19.qgd,TRUE
NA,2019-07-22,4,D,357,FALSE,Air_190717_7262019_21.qgd,TRUE
NA,2019-07-17,6,C,83,FALSE,4D357_190722_7262019_22.qgd,TRUE
NA,2019-07-17,6,D,40,FALSE,6D40_190717_7272019_03.qgd,TRUE
NA,2019-07-17,6,A,156,FALSE,6A156_190717_7272019_04.qgd,TRUE
NA,2019-07-17,6,B,29,FALSE,6B29_190717_7272019_05.qgd,TRUE
NA,2019-07-17,5,C,214,FALSE,5C214_190717_7272019_06.qgd,TRUE
NA,2019-07-17,5,D,264,FALSE,5D264_190717_7272019_07.qgd,TRUE
NA,2019-07-17,5,B,1,FALSE,5B1_190717_7272019_08.qgd,TRUE
NA,2019-07-02,2,B,201,FALSE,2B201_19072_7272019_09.qgd,TRUE
NA,2019-07-22,5,C,214,FALSE,5C214_190722_7272019_23.qgd,TRUE
NA,2019-07-17,4,A,68,FALSE,4A68_190717_7272019_26.qgd,TRUE
NA,2019-07-24,3,A,172,FALSE,3A172_190724_7282019_04.qgd,TRUE
NA,2019-07-24,4,D,641,FALSE,4D641_190724_7282019_21.qgd,TRUE
NA,2019-07-24,5,C,151,FALSE,5C151_190724_822019_02.qgd,TRUE
NA,2019-07-22,3,C,167,FALSE,3C167_190722_822019_05.qgd,TRUE
NA,2019-07-26,2,D,212B,FALSE,2D209_190726_822019_05.qgd,TRUE
NA,2019-07-26,2,D,212A,FALSE,2C202_190726_822019_07.qgd,TRUE
NA,2019-08-05,2,D,288,FALSE,2D288_190805_8132019_05.qgd,TRUE
NA,2020-07-01,4,B,576,FALSE,4B576_200701_752021_10.qgd,TRUE
NA,2020-07-08,3,B,851,FALSE,3B851_200708_762021_24.qgd,TRUE
NA,2020-07-15,6,C,99,FALSE,6C99_200715_772021_05.qgd,TRUE
NA,2020-07-15,6,C,96,FALSE,6C96_200715_772021_06.qgd,TRUE
NA,2020-07-15,6,A,169,FALSE,6A169_200715_772021_07.qgd,TRUE
NA,2020-07-15,6,B,243,FALSE,6B243_200715_772021_08.qgd,TRUE
NA,2020-07-15,6,B,21,FALSE,6B21_200715_772021_09.qgd,TRUE
NA,2020-07-15,6,B,120,FALSE,6B120_200715_772021_10.qgd,TRUE
NA,2020-07-15,6,A,136,FALSE,6A136_200715_772021_11.qgd,TRUE
NA,2020-07-15,6,A,685,FALSE,6A685_200715_772021_12.qgd,TRUE
NA,2020-07-15,6,A,165,FALSE,6A165_200715_772021_13.qgd,TRUE
NA,2020-06-08,2,A,674,FALSE,2A674_200608_772021_16.qgd,TRUE
NA,2020-06-08,2,D,214,FALSE,2D214_200608_772021_17.qgd,TRUE
NA,2020-06-08,2,B,145,FALSE,2B145_200608_772021_18.qgd,TRUE
NA,2020-06-08,2,D,204,FALSE,2D204_200608_772021_19.qgd,TRUE
NA,2020-06-08,2,D,187,FALSE,2D187_200608_772021_20.qgd,TRUE
NA,2020-06-08,2,C,270,FALSE,2C270_200608_772021_22.qgd,TRUE
NA,2020-06-08,2,C,277,FALSE,2C277_200608_772021_23.qgd,TRUE
NA,2020-06-08,2,A,94,FALSE,2A94_200608_772021_24.qgd,TRUE
NA,2019-07-08,1,C,64,FALSE,1C64_100708_782021_33.qgd,TRUE
NA,2020-07-22,1,B,650B,FALSE,1B650B_200722_7112021_07.qgd,TRUE
NA,2020-07-22,2,D,219,FALSE,2D219_200722_7112021_33.qgd,TRUE
NA,2020-07-22,2,D,220,FALSE,2D220_200722_7112021_34.qgd,TRUE
NA,2020-07-22,2,D,194,FALSE,2D194_200722_7112021_35.qgd,TRUE
NA,2020-07-22,2,D,207,FALSE,2D207_200722_7112021_36.qgd,TRUE
NA,2020-07-22,1,B,650A,FALSE,1B650A_200722_redo_7122021_03.qgd,TRUE
